Line_number,Fiducial,Easting,Northing,Height,Elevation,tx_pitch,tx_roll,tx_yaw,txrx_dx,txrx_dy,txrx_dz,rx_pitch,rx_roll,rx_yaw,SZ_time_1.431e-04,SZ_time_1.801e-04,SZ_time_2.266e-04,SZ_time_2.846e-04,SZ_time_3.581e-04,SZ_time_4.506e-04,SZ_time_5.671e-04,SZ_time_7.136e-04,SZ_time_8.981e-04,SZ_time_1.131e-03,SZ_time_1.423e-03,SZ_time_1.791e-03,SZ_time_2.255e-03,SZ_time_2.838e-03,SZ_time_3.573e-03,SZ_time_4.498e-03,SZ_time_5.662e-03,SZ_time_1.409e-05,SZ_time_1.610e-05,SZ_time_1.909e-05,SZ_time_2.360e-05,SZ_time_2.960e-05,SZ_time_3.709e-05,SZ_time_4.609e-05,SZ_time_5.759e-05,SZ_time_7.209e-05,SZ_time_9.060e-05,SZ_time_1.141e-04,SZ_time_1.431e-04,SZ_time_1.801e-04,SZ_time_2.266e-04,SZ_time_2.846e-04,SZ_time_3.581e-04,SZ_time_4.506e-04,SZ_time_5.671e-04,SZ_time_7.136e-04,SZ_time_8.981e-04,SZ_time_1.131e-03
0.0,0,0.0,0.0,30.0,0.0,0.0,0.0,0.0,-13.0,0.0,2.0,0.0,0.0,0.0,1.1835018657255578e-10,7.685667505351541e-11,5.622696430875567e-11,3.387465304902094e-11,2.093213730675658e-11,1.6064772981872828e-11,1.158193542078656e-11,7.497667749053325e-12,4.491373258101329e-12,2.7621202303601062e-12,3.4423149272397714e-12,1.8587880847763633e-12,1.2134667421657426e-12,7.967203816489923e-13,5.434472025093795e-13,3.5634915987842045e-13,2.9146089412161005e-13,5.461649355021137e-09,4.339802776303744e-09,3.2570375563061473e-09,2.565584255708577e-09,1.7684466270191206e-09,1.2650072572009556e-09,9.656043827974342e-10,5.732931687794424e-10,3.666747741952058e-10,2.7918310759911314e-10,1.8164929639465293e-10,1.1835018657255578e-10,7.685667505351541e-11,5.622696430875567e-11,3.387465304902094e-11,2.093213730675658e-11,1.6064772981872828e-11,1.158193542078656e-11,7.497667749053325e-12,4.491373258101329e-12,2.7621202303601062e-12
0.0,1,1.0,0.0,30.0,0.0,0.0,0.0,0.0,-13.0,0.0,2.0,0.0,0.0,0.0,1.2331698449357897e-10,8.199839156351658e-11,5.019382303256047e-11,3.742556897032916e-11,2.4322182616711875e-11,1.5695747652573763e-11,1.096844637826298e-11,6.536613635786159e-12,4.7240930464541886e-12,2.5964721748740543e-12,3.152929446534675e-12,2.12011430411851e-12,1.4866021478052943e-12,7.124962953315925e-13,4.36907646510906e-13,4.5180320047892e-13,2.347083223164867e-13,4.98977339623621e-09,4.4649237933939176e-09,3.2584611416337368e-09,2.5363245452545583e-09,1.7404659367993789e-09,1.3361810167472502e-09,9.306164570560763e-10,6.236402007082397e-10,4.08818360711399e-10,2.6515483191111304e-10,1.7789863055277926e-10,1.2331698449357897e-10,8.199839156351658e-11,5.019382303256047e-11,3.742556897032916e-11,2.4322182616711875e-11,1.5695747652573763e-11,1.096844637826298e-11,6.536613635786159e-12,4.7240930464541886e-12,2.5964721748740543e-12
0.0,2,2.0,0.0,30.0,0.0,0.0,0.0,0.0,-13.0,0.0,2.0,0.0,0.0,0.0,1.0893356902431179e-10,7.956694333139558e-11,4.931862702416993e-11,3.4673435672575593e-11,2.305729163639261e-11,1.597622947406754e-11,9.70455602659772e-12,6.083329978085531e-12,3.9982389707112724e-12,2.8884689533640837e-12,2.81318992558079e-12,2.1906684807459442e-12,1.2993379343461431e-12,7.53439246666441e-13,3.8145066144532496e-13,2.632809375193226e-13,1.4198666346003292e-13,4.921593246275663e-09,4.567715672668641e-09,3.3811476250425714e-09,2.5648258762398363e-09,1.7268173882055102e-09,1.3151545310406868e-09,9.359634200929487e-10,6.230282685868781e-10,3.853751646031819e-10,2.780801862646889e-10,1.7915689027342743e-10,1.0893356902431179e-10,7.956694333139558e-11,4.931862702416993e-11,3.4673435672575593e-11,2.305729163639261e-11,1.597622947406754e-11,9.70455602659772e-12,6.083329978085531e-12,3.9982389707112724e-12,2.8884689533640837e-12
0.0,3,3.0,0.0,30.0,0.0,0.0,0.0,0.0,-13.0,0.0,2.0,0.0,0.0,0.0,1.1138326946814925e-10,7.815948967946963e-11,4.8689836237085794e-11,3.649340143988637e-11,2.15184598195055e-11,1.6241562837077635e-11,1.0551988049344244e-11,7.022755515325444e-12,4.012643435752168e-12,2.6276768510076766e-12,3.06136919139093e-12,1.8032111251860641e-12,1.0979087636880715e-12,8.011991787003018e-13,3.6640117740848974e-13,2.785915803751412e-13,1.384890082707016e-13,4.844907838922502e-09,4.515000586933961e-09,3.3878489298630028e-09,2.4624953905897865e-09,1.7309226361902694e-09,1.2701438668860662e-09,9.499397534042608e-10,6.244987302866114e-10,4.202801563248382e-10,3.081949657825182e-10,1.6545767996691282e-10,1.1138326946814925e-10,7.815948967946963e-11,4.8689836237085794e-11,3.649340143988637e-11,2.15184598195055e-11,1.6241562837077635e-11,1.0551988049344244e-11,7.022755515325444e-12,4.012643435752168e-12,2.6276768510076766e-12
0.0,4,4.0,0.0,30.0,0.0,0.0,0.0,0.0,-13.0,0.0,2.0,0.0,0.0,0.0,1.1631397277236403e-10,7.576958824321106e-11,4.749936264162699e-11,3.745266511914615e-11,2.1892447173000956e-11,1.5617060159641877e-11,1.0603718376864872e-11,5.645433185134395e-12,4.110448602992098e-12,2.5132440992863267e-12,2.6020103375613547e-12,1.8293010147582165e-12,1.2171850547541038e-12,6.879853038825702e-13,4.924219528542775e-13,1.760510532750372e-13,1.0677791650309372e-13,4.872401518417251e-09,4.841155650312438e-09,3.6905458857992906e-09,2.637407679167131e-09,1.9000694273487804e-09,1.2306590182718596e-09,9.58689943371466e-10,6.277086072551128e-10,4.554151179685409e-10,2.770319856690213e-10,1.8081798177720323e-10,1.1631397277236403e-10,7.576958824321106e-11,4.749936264162699e-11,3.745266511914615e-11,2.1892447173000956e-11,1.5617060159641877e-11,1.0603718376864872e-11,5.645433185134395e-12,4.110448602992098e-12,2.5132440992863267e-12
0.0,5,5.0,0.0,30.0,0.0,0.0,0.0,0.0,-13.0,0.0,2.0,0.0,0.0,0.0,1.2596838207630794e-10,8.448897028473518e-11,5.0732464654993516e-11,3.325163193966985e-11,2.243592004992453e-11,1.3219526200993232e-11,9.64006803852916e-12,5.812329380935074e-12,3.951345685021005e-12,2.16190120883111e-12,2.741866635621748e-12,1.9058550016722915e-12,1.0000967604968288e-12,6.405275175751585e-13,3.0770765014478e-13,2.8052947831430674e-13,9.801892254460439e-14,5.369312855870567e-09,4.411177416641201e-09,3.5783734136411167e-09,2.5451527089051424e-09,1.9822355012399046e-09,1.3631688368901874e-09,8.953651672509874e-10,6.771391380793275e-10,3.948588284912005e-10,2.8997875898251054e-10,1.82170557801972e-10,1.2596838207630794e-10,8.448897028473518e-11,5.0732464654993516e-11,3.325163193966985e-11,2.243592004992453e-11,1.3219526200993232e-11,9.64006803852916e-12,5.812329380935074e-12,3.951345685021005e-12,2.16190120883111e-12
0.0,6,6.0,0.0,30.0,0.0,0.0,0.0,0.0,-13.0,0.0,2.0,0.0,0.0,0.0,1.2964612830617517e-10,8.092688570353363e-11,5.168362909436486e-11,3.1867718795087494e-11,2.462949416446452e-11,1.3884306572704839e-11,8.675051582295134e-12,6.5378291405635815e-12,3.896447751673596e-12,2.5755476934775574e-12,2.5168577716675415e-12,1.617315306212914e-12,1.105758565280834e-12,7.041652086613862e-13,5.335368752964919e-13,7.887286670917017e-14,1.740838682633942e-14,4.836562205670783e-09,4.5140761411690944e-09,3.882187387734577e-09,2.717173605520087e-09,1.8807658347994414e-09,1.4332847827150858e-09,9.893510163351292e-10,6.826601187200917e-10,4.4710887615887815e-10,2.5274411258600876e-10,1.6973292939657982e-10,1.2964612830617517e-10,8.092688570353363e-11,5.168362909436486e-11,3.1867718795087494e-11,2.462949416446452e-11,1.3884306572704839e-11,8.675051582295134e-12,6.5378291405635815e-12,3.896447751673596e-12,2.5755476934775574e-12
0.0,7,7.0,0.0,30.0,0.0,0.0,0.0,0.0,-13.0,0.0,2.0,0.0,0.0,0.0,1.1247828697164167e-10,8.180648270739903e-11,4.9474449136071864e-11,3.4009649277214155e-11,2.275235160733606e-11,1.4452493706087567e-11,9.006074903837915e-12,6.033527205844115e-12,3.945417740750245e-12,2.4999807492632475e-12,2.2968173883121617e-12,1.687166572404888e-12,1.1599288710095279e-12,8.047862176904361e-13,5.165008998254489e-13,3.3393887481807635e-13,2.1056753426620765e-13,4.90316171053676e-09,4.2230087975732245e-09,3.647765344336382e-09,2.6683358508150593e-09,1.9480759633645087e-09,1.3921673552236217e-09,1.021248680846962e-09,7.327859053746484e-10,4.2721403295427507e-10,3.0172782069051157e-10,1.8689872637665033e-10,1.1247828697164167e-10,8.180648270739903e-11,4.9474449136071864e-11,3.4009649277214155e-11,2.275235160733606e-11,1.4452493706087567e-11,9.006074903837915e-12,6.033527205844115e-12,3.945417740750245e-12,2.4999807492632475e-12
0.0,8,8.0,0.0,30.0,0.0,0.0,0.0,0.0,-13.0,0.0,2.0,0.0,0.0,0.0,1.172790773872779e-10,7.505356946059159e-11,5.121575109628458e-11,3.308918245450598e-11,2.1137263033418217e-11,1.4082219188740259e-11,8.485334208352632e-12,5.814152082672107e-12,3.25335999777376e-12,1.897273653357424e-12,2.570861813377998e-12,1.7753177170382243e-12,1.1669680756738357e-12,8.094760070734241e-13,5.029474094579982e-13,3.223588064266498e-13,2.8941591428803627e-13,5.148892796537535e-09,4.282607853355203e-09,3.702530999950161e-09,2.8882269625355147e-09,1.9737649200074914e-09,1.4413418255985937e-09,9.321338056287252e-10,6.218448924331185e-10,5.173761519713508e-10,2.943867732631664e-10,1.8159358667018704e-10,1.172790773872779e-10,7.505356946059159e-11,5.121575109628458e-11,3.308918245450598e-11,2.1137263033418217e-11,1.4082219188740259e-11,8.485334208352632e-12,5.814152082672107e-12,3.25335999777376e-12,1.897273653357424e-12
0.0,9,9.0,0.0,30.0,0.0,0.0,0.0,0.0,-13.0,0.0,2.0,0.0,0.0,0.0,1.2867587176407828e-10,7.1276953910026e-11,5.156553395341065e-11,3.193520716463809e-11,2.068769510960751e-11,1.3359856809570122e-11,9.959996150700596e-12,5.931277260489905e-12,4.009502938967304e-12,2.144804741715648e-12,2.841895741966783e-12,1.5174744953542328e-12,8.82979102148611e-13,6.648811866887095e-13,3.8005746204496463e-13,3.218458867816702e-13,2.037411586608874e-13,4.98658441101636e-09,4.3242160273770145e-09,3.4049987056790318e-09,2.7625872043057514e-09,2.05522950607902e-09,1.52856310660634e-09,9.939775181691201e-10,6.82270195066528e-10,4.571619343936937e-10,3.176358702214593e-10,1.6812255151855954e-10,1.2867587176407828e-10,7.1276953910026e-11,5.156553395341065e-11,3.193520716463809e-11,2.068769510960751e-11,1.3359856809570122e-11,9.959996150700596e-12,5.931277260489905e-12,4.009502938967304e-12,2.144804741715648e-12
0.0,10,10.0,0.0,30.0,0.0,0.0,0.0,0.0,-13.0,0.0,2.0,0.0,0.0,0.0,1.1834743919906325e-10,7.735032100018846e-11,4.806313010922629e-11,3.3813989551595426e-11,1.930807519787583e-11,1.4016170522808793e-11,8.283512096519876e-12,5.132119951619706e-12,3.784044654583e-12,2.356166693838902e-12,2.492838426646483e-12,1.623006574326541e-12,1.1730376691839024e-12,8.309000913014478e-13,6.453456668274648e-13,3.219455430392579e-13,1.8763886082061363e-13,4.8563538707158485e-09,4.6843197175738485e-09,3.2198654103910947e-09,2.749325505844525e-09,1.868840012605312e-09,1.3954641699041075e-09,1.1268313878757637e-09,7.681061853048935e-10,4.332246354038434e-10,3.135366041342549e-10,2.0296229450572296e-10,1.1834743919906325e-10,7.735032100018846e-11,4.806313010922629e-11,3.3813989551595426e-11,1.930807519787583e-11,1.4016170522808793e-11,8.283512096519876e-12,5.132119951619706e-12,3.784044654583e-12,2.356166693838902e-12
0.0,11,11.0,0.0,30.0,0.0,0.0,0.0,0.0,-13.0,0.0,2.0,0.0,0.0,0.0,1.3312880140921929e-10,8.283879766573033e-11,4.72603006836411e-11,2.9230222466472736e-11,2.2961243000146738e-11,1.3246715740204392e-11,9.094996562333289e-12,5.60052203513426e-12,3.5293961642299966e-12,1.9955659835209222e-12,2.383820946100031e-12,1.6416978983699442e-12,1.0821545065348193e-12,4.857268612423717e-13,3.959682403173137e-13,3.9395502756068564e-13,1.3223927066555714e-13,5.616609378362028e-09,4.489551317976443e-09,3.4985271452826984e-09,2.5800688992297665e-09,2.006079186866094e-09,1.433443464284245e-09,1.0719412191381882e-09,7.10304441604766e-10,5.179445373468656e-10,3.0577750977765196e-10,1.9908344068148313e-10,1.3312880140921929e-10,8.283879766573033e-11,4.72603006836411e-11,2.9230222466472736e-11,2.2961243000146738e-11,1.3246715740204392e-11,9.094996562333289e-12,5.60052203513426e-12,3.5293961642299966e-12,1.9955659835209222e-12
0.0,12,12.0,0.0,30.0,0.0,0.0,0.0,0.0,-13.0,0.0,2.0,0.0,0.0,0.0,1.1245531232201804e-10,7.871269526460755e-11,4.939619080269171e-11,3.349584939557555e-11,1.9913169150937207e-11,1.2530167127425883e-11,8.902407723990296e-12,5.506639236109532e-12,3.44986087476544e-12,2.0937118087453697e-12,2.5729274253791865e-12,1.511005762515812e-12,7.54836463985094e-13,7.533028441978835e-13,5.561768687893311e-13,2.1797146774528233e-13,3.542501560818591e-13,5.334185248181349e-09,4.564975224265415e-09,3.614389937367779e-09,2.606992398721587e-09,2.0418577578312397e-09,1.3830250123043585e-09,1.0536135454271062e-09,6.700134843324356e-10,4.5523176168319645e-10,3.050419579645152e-10,1.9587955492163886e-10,1.1245531232201804e-10,7.871269526460755e-11,4.939619080269171e-11,3.349584939557555e-11,1.9913169150937207e-11,1.2530167127425883e-11,8.902407723990296e-12,5.506639236109532e-12,3.44986087476544e-12,2.0937118087453697e-12
0.0,13,13.0,0.0,30.0,0.0,0.0,0.0,0.0,-13.0,0.0,2.0,0.0,0.0,0.0,1.2712158106961526e-10,7.895578483269965e-11,4.526299389084065e-11,3.025955630904599e-11,1.9382883551983438e-11,1.3108634101787523e-11,8.92657164471739e-12,5.0767338387930785e-12,3.1569811570784555e-12,2.006641762701388e-12,2.426274394680931e-12,1.4547084973135534e-12,9.595417313746163e-13,6.127127391334505e-13,5.108039854685231e-13,3.38635197141413e-13,2.92949087228074e-13,5.686677218123871e-09,4.2513505703608005e-09,3.717710771875257e-09,2.857887488842374e-09,1.7872396331723612e-09,1.4720224178413914e-09,1.0100666948067016e-09,7.277243293110501e-10,4.917961269292492e-10,3.29086914559217e-10,2.108474832113716e-10,1.2712158106961526e-10,7.895578483269965e-11,4.526299389084065e-11,3.025955630904599e-11,1.9382883551983438e-11,1.3108634101787523e-11,8.92657164471739e-12,5.0767338387930785e-12,3.1569811570784555e-12,2.006641762701388e-12
0.0,14,14.0,0.0,30.0,0.0,0.0,0.0,0.0,-13.0,0.0,2.0,0.0,0.0,0.0,1.2399909113607792e-10,8.256991220525389e-11,5.1773662611330804e-11,2.934501981076392e-11,1.9431915313997436e-11,1.3198985279244655e-11,8.206046781404302e-12,4.900800001997113e-12,3.3020923120610933e-12,1.866949157746458e-12,2.3288059487750943e-12,1.596377749700734e-12,1.009602182196062e-12,6.012817190366873e-13,2.4889308595185265e-13,1.2249184490093768e-13,1.907642838975347e-13,5.456663666840921e-09,4.158032510979828e-09,3.829923651683503e-09,2.61905219166047e-09,2.0218513334891474e-09,1.3176186780505896e-09,1.0681483462084768e-09,6.599546070253258e-10,4.953896919114425e-10,3.149758701031839e-10,2.0597799293413034e-10,1.2399909113607792e-10,8.256991220525389e-11,5.1773662611330804e-11,2.934501981076392e-11,1.9431915313997436e-11,1.3198985279244655e-11,8.206046781404302e-12,4.900800001997113e-12,3.3020923120610933e-12,1.866949157746458e-12
0.0,15,15.0,0.0,30.0,0.0,0.0,0.0,0.0,-13.0,0.0,2.0,0.0,0.0,0.0,1.37914974289304e-10,8.483956072442961e-11,4.764194690886018e-11,3.100497165709761e-11,1.9015648751165265e-11,1.2916661676854622e-11,7.654591644834333e-12,5.226881441769037e-12,3.158052726483903e-12,1.7308188845199052e-12,2.310857245427852e-12,1.3333442196607354e-12,5.79702248557921e-13,7.848331841299484e-13,4.4348118993560693e-13,1.5930428521029935e-13,2.0613205938586319e-13,5.327186803175407e-09,4.597709539331385e-09,3.9508742369482965e-09,2.4943106813144044e-09,1.9625831956522885e-09,1.3947959986436361e-09,1.0466693601047656e-09,7.748636187348252e-10,4.708098830703692e-10,3.159854798820676e-10,2.0661867670637212e-10,1.37914974289304e-10,8.483956072442961e-11,4.764194690886018e-11,3.100497165709761e-11,1.9015648751165265e-11,1.2916661676854622e-11,7.654591644834333e-12,5.226881441769037e-12,3.158052726483903e-12,1.7308188845199052e-12
0.0,16,16.0,0.0,30.0,0.0,0.0,0.0,0.0,-13.0,0.0,2.0,0.0,0.0,0.0,1.3545294756209485e-10,7.949082786769443e-11,5.020444511509832e-11,3.0427222052765345e-11,1.928473446430483e-11,1.2133486733552212e-11,7.043908795556513e-12,4.6849822657012296e-12,3.1390197831159354e-12,1.8231717575740623e-12,2.4025682293731182e-12,1.262043999666703e-12,8.922429779929288e-13,5.826864636996086e-13,1.9653846264256396e-13,2.457623269905112e-13,9.839776426309858e-14,5.271373710027679e-09,4.4169454550389725e-09,3.796304806521507e-09,2.735838464093861e-09,1.9403868204588305e-09,1.4431931177745437e-09,1.091707758288739e-09,6.35099225844898e-10,5.206538931042267e-10,3.3946475035939995e-10,2.0663518720988839e-10,1.3545294756209485e-10,7.949082786769443e-11,5.020444511509832e-11,3.0427222052765345e-11,1.928473446430483e-11,1.2133486733552212e-11,7.043908795556513e-12,4.6849822657012296e-12,3.1390197831159354e-12,1.8231717575740623e-12
0.0,17,17.0,0.0,30.0,0.0,0.0,0.0,0.0,-13.0,0.0,2.0,0.0,0.0,0.0,1.3852606924483973e-10,8.264878394479584e-11,4.987120346325272e-11,3.4330637442284044e-11,2.0025307764811746e-11,1.2135908826186107e-11,7.363801023973191e-12,4.861308271260558e-12,3.0756564318905746e-12,1.9803560587911653e-12,2.113724655252749e-12,1.4808066447777965e-12,8.678084751323721e-13,4.976053124885671e-13,3.773685072998266e-13,1.4520443314432694e-13,5.730574274416369e-14,5.806278000958079e-09,4.330711589500201e-09,3.4095655135477325e-09,2.659027766903077e-09,2.2019425460277004e-09,1.4657155513354329e-09,1.0622912788394606e-09,7.843618158909126e-10,5.238178183545898e-10,3.297167300143867e-10,2.161766824113605e-10,1.3852606924483973e-10,8.264878394479584e-11,4.987120346325272e-11,3.4330637442284044e-11,2.0025307764811746e-11,1.2135908826186107e-11,7.363801023973191e-12,4.861308271260558e-12,3.0756564318905746e-12,1.9803560587911653e-12
0.0,18,18.0,0.0,30.0,0.0,0.0,0.0,0.0,-13.0,0.0,2.0,0.0,0.0,0.0,1.4411620189080046e-10,8.547262569614307e-11,5.2143337427508655e-11,3.329935628052749e-11,1.8832743986128532e-11,1.3047418413547363e-11,7.39318186005855e-12,4.569606369279091e-12,2.8326501429893258e-12,1.7902173577306994e-12,2.076854705967316e-12,1.3116869730569575e-12,1.0285436097445013e-12,4.270751999175591e-13,4.3689260696864543e-13,2.3418535368094734e-13,7.592805262527242e-14,5.072961169623659e-09,4.807445996482037e-09,3.710087527833986e-09,2.6956889265596e-09,1.946607284463256e-09,1.4630433772986698e-09,9.403319885834437e-10,7.725341666447712e-10,5.057388518536073e-10,3.579351164683811e-10,2.135482534064962e-10,1.4411620189080046e-10,8.547262569614307e-11,5.2143337427508655e-11,3.329935628052749e-11,1.8832743986128532e-11,1.3047418413547363e-11,7.39318186005855e-12,4.569606369279091e-12,2.8326501429893258e-12,1.7902173577306994e-12
0.0,19,19.0,0.0,30.0,0.0,0.0,0.0,0.0,-13.0,0.0,2.0,0.0,0.0,0.0,1.4577338260985274e-10,9.01750167627761e-11,5.7147526999865594e-11,3.5014881323874204e-11,1.9395874436750725e-11,1.2529413773094283e-11,7.688292323768004e-12,4.986740088117294e-12,3.067075406586711e-12,1.879067185293883e-12,1.958414614858014e-12,1.2269416872475009e-12,8.928093332411969e-13,3.565776194644891e-13,2.6103912419002167e-13,3.5129711924006526e-13,1.148170036039423e-13,5.607140697087863e-09,4.801445099038712e-09,3.597544666813654e-09,2.872323649164373e-09,2.092598837518391e-09,1.465044664449897e-09,1.0192034654779375e-09,6.525524226242619e-10,4.789412915687425e-10,3.4164988395532833e-10,2.0506837088698474e-10,1.4577338260985274e-10,9.01750167627761e-11,5.7147526999865594e-11,3.5014881323874204e-11,1.9395874436750725e-11,1.2529413773094283e-11,7.688292323768004e-12,4.986740088117294e-12,3.067075406586711e-12,1.879067185293883e-12
0.0,20,20.0,0.0,30.0,0.0,0.0,0.0,0.0,-13.0,0.0,2.0,0.0,0.0,0.0,1.3648335963119093e-10,8.743695537473e-11,5.3115004770093884e-11,3.5537060252493615e-11,2.0253984310054704e-11,1.2545007059066279e-11,7.561213093140374e-12,4.548902474431156e-12,2.464039448898304e-12,1.8082546372497271e-12,1.8052375259499708e-12,1.1888430388044937e-12,7.99876760077844e-13,7.869105557832054e-13,2.7642098975791834e-13,9.458460500483417e-14,1.4809000525437141e-13,5.499481430531583e-09,4.694177021833073e-09,3.870860318223952e-09,2.9438404977616147e-09,2.1870603717508203e-09,1.5596350896178711e-09,1.0188295695415557e-09,7.506675463278357e-10,4.722431535987776e-10,3.2703073718943146e-10,2.1329847953425273e-10,1.3648335963119093e-10,8.743695537473e-11,5.3115004770093884e-11,3.5537060252493615e-11,2.0253984310054704e-11,1.2545007059066279e-11,7.561213093140374e-12,4.548902474431156e-12,2.464039448898304e-12,1.8082546372497271e-12
0.0,21,21.0,0.0,30.0,0.0,0.0,0.0,0.0,-13.0,0.0,2.0,0.0,0.0,0.0,1.2839015617862355e-10,9.545170392568603e-11,5.398613878863716e-11,3.0973685009359496e-11,1.8761649241882423e-11,1.2384359163433884e-11,8.108661243993158e-12,4.886633900669137e-12,2.832233570991748e-12,1.83178501680988e-12,2.131383071005962e-12,1.3101106599464366e-12,1.0122241957089758e-12,6.72897825000227e-13,3.695733960737332e-13,1.0196492614740486e-13,1.5922427649496192e-13,5.607688604758371e-09,4.9173379087212916e-09,3.76222952716197e-09,2.8861898337178834e-09,2.066170134651463e-09,1.4660337358621953e-09,1.0319770027213879e-09,7.111097627930145e-10,5.047745589846185e-10,3.2692159141353684e-10,2.2171483994859595e-10,1.2839015617862355e-10,9.545170392568603e-11,5.398613878863716e-11,3.0973685009359496e-11,1.8761649241882423e-11,1.2384359163433884e-11,8.108661243993158e-12,4.886633900669137e-12,2.832233570991748e-12,1.83178501680988e-12
0.0,22,22.0,0.0,30.0,0.0,0.0,0.0,0.0,-13.0,0.0,2.0,0.0,0.0,0.0,1.3774757865130364e-10,8.648328679816275e-11,5.471646150546699e-11,3.290829064011102e-11,2.0374587558526746e-11,1.2073257350020666e-11,7.520477689618332e-12,4.708310990773059e-12,2.5666094596867307e-12,1.4992256729667006e-12,1.8650033961906953e-12,1.3753218516068582e-12,7.744814853672372e-13,5.690275728980533e-13,3.1923153339105273e-13,2.5941579379032724e-13,9.813973586128388e-14,6.016302924585752e-09,4.6276817400778945e-09,3.7215099277682326e-09,2.8788103385458146e-09,2.0712460292245167e-09,1.4994563975186844e-09,1.0820188578551199e-09,7.743420544027475e-10,4.694498015149198e-10,3.6836681480401855e-10,2.146330771751219e-10,1.3774757865130364e-10,8.648328679816275e-11,5.471646150546699e-11,3.290829064011102e-11,2.0374587558526746e-11,1.2073257350020666e-11,7.520477689618332e-12,4.708310990773059e-12,2.5666094596867307e-12,1.4992256729667006e-12
0.0,23,23.0,0.0,30.0,0.0,0.0,0.0,0.0,-13.0,0.0,2.0,0.0,0.0,0.0,1.484703990624577e-10,9.61568818524415e-11,5.5678869239083904e-11,3.108364898661744e-11,1.9109686569262452e-11,1.2968417263779642e-11,7.2639516994978466e-12,4.313474168927212e-12,2.8543798819126104e-12,1.5483746368693427e-12,1.8858199710611567e-12,1.2704346290939666e-12,7.675743635528306e-13,4.829497354834683e-13,4.803282122839227e-13,1.0271124724682027e-13,7.149893846042663e-14,5.50211534161288e-09,5.282295639628487e-09,4.0883851869940336e-09,2.8522758946474275e-09,2.17887053723463e-09,1.5843786896809825e-09,1.0587125357627581e-09,7.949753989907052e-10,4.903179352285223e-10,3.336966666229935e-10,2.0678553141946738e-10,1.484703990624577e-10,9.61568818524415e-11,5.5678869239083904e-11,3.108364898661744e-11,1.9109686569262452e-11,1.2968417263779642e-11,7.2639516994978466e-12,4.313474168927212e-12,2.8543798819126104e-12,1.5483746368693427e-12
0.0,24,24.0,0.0,30.0,0.0,0.0,0.0,0.0,-13.0,0.0,2.0,0.0,0.0,0.0,1.4361342356139272e-10,9.179720593521267e-11,5.320118468906482e-11,3.312428888640136e-11,2.0658111841377838e-11,1.2066629430984558e-11,7.714870584352803e-12,4.097791464809611e-12,2.8119233088393254e-12,1.5469653317694546e-12,1.973496645090368e-12,1.2846306585561407e-12,7.774812149663394e-13,6.522398309139732e-13,3.3058178323623696e-13,1.2304546868826125e-13,-9.180739945942112e-15,6.310876205378543e-09,5.0653637709543555e-09,4.073785612920637e-09,2.805894602039225e-09,2.044691890235458e-09,1.4620060847210468e-09,9.799678479680906e-10,7.902265506078624e-10,4.933670392699044e-10,3.688068830057381e-10,2.2945492495804068e-10,1.4361342356139272e-10,9.179720593521267e-11,5.320118468906482e-11,3.312428888640136e-11,2.0658111841377838e-11,1.2066629430984558e-11,7.714870584352803e-12,4.097791464809611e-12,2.8119233088393254e-12,1.5469653317694546e-12
0.0,25,25.0,0.0,30.0,0.0,0.0,0.0,0.0,-13.0,0.0,2.0,0.0,0.0,0.0,1.4108435957080413e-10,9.167731221805324e-11,5.6247006425514254e-11,3.380838314659914e-11,2.1270058736907745e-11,1.1946610490156814e-11,7.824650624179043e-12,3.777253488744274e-12,2.5942644295800474e-12,1.8014641312538193e-12,1.674435926680348e-12,1.2123838696142613e-12,7.722826819889139e-13,4.492435069183666e-13,2.4044813505116823e-13,6.009427686517053e-14,2.9869196095694145e-13,5.979336490995379e-09,5.033576955596915e-09,3.86252552766174e-09,2.6625279795428636e-09,2.0814910885562635e-09,1.5048315725159338e-09,1.0699250260112632e-09,7.428419529462644e-10,4.778485199944957e-10,3.414114503441984e-10,2.325018002495458e-10,1.4108435957080413e-10,9.167731221805324e-11,5.6247006425514254e-11,3.380838314659914e-11,2.1270058736907745e-11,1.1946610490156814e-11,7.824650624179043e-12,3.777253488744274e-12,2.5942644295800474e-12,1.8014641312538193e-12
0.0,26,26.0,0.0,30.0,0.0,0.0,0.0,0.0,-13.0,0.0,2.0,0.0,0.0,0.0,1.6125398679247054e-10,9.312190450105731e-11,5.833331321734018e-11,3.524734506979607e-11,2.0588253476469962e-11,1.2782599881371405e-11,6.499660037448788e-12,4.32005940959083e-12,2.7928582880657646e-12,1.4843804827328762e-12,1.8782331704766634e-12,1.4502611700800846e-12,7.384132795322763e-13,4.795002356639576e-13,3.2679888444450583e-13,8.241289754665978e-14,2.1544095914655087e-13,5.872821926424182e-09,4.970839204527756e-09,3.7694608110387445e-09,2.8702377293783595e-09,2.3460539434202867e-09,1.5556401350170988e-09,1.116657528584951e-09,8.105948244297665e-10,4.986324219480318e-10,3.270677910590102e-10,2.3205822057021688e-10,1.6125398679247054e-10,9.312190450105731e-11,5.833331321734018e-11,3.524734506979607e-11,2.0588253476469962e-11,1.2782599881371405e-11,6.499660037448788e-12,4.32005940959083e-12,2.7928582880657646e-12,1.4843804827328762e-12
0.0,27,27.0,0.0,30.0,0.0,0.0,0.0,0.0,-13.0,0.0,2.0,0.0,0.0,0.0,1.5653833160305006e-10,8.687644543713698e-11,5.4837665843185663e-11,3.311869036979903e-11,1.8237721365628923e-11,1.1119558512711281e-11,7.641194530812153e-12,4.552481846673724e-12,2.498245773029489e-12,1.4851029289762753e-12,1.917271328926746e-12,9.900674120435675e-13,8.804135162087013e-13,6.33046113821906e-13,2.574482891342724e-13,1.3057000834747363e-13,2.1521884075000863e-13,5.63318595573746e-09,4.284858577490415e-09,4.195553964102346e-09,2.643756850480298e-09,2.2774130444326005e-09,1.4916665424492094e-09,1.0996173451862838e-09,7.184845607031537e-10,5.281299157572202e-10,3.651351414013963e-10,2.262395519346872e-10,1.5653833160305006e-10,8.687644543713698e-11,5.4837665843185663e-11,3.311869036979903e-11,1.8237721365628923e-11,1.1119558512711281e-11,7.641194530812153e-12,4.552481846673724e-12,2.498245773029489e-12,1.4851029289762753e-12
0.0,28,28.0,0.0,30.0,0.0,0.0,0.0,0.0,-13.0,0.0,2.0,0.0,0.0,0.0,1.5351935343956694e-10,9.885696936435592e-11,6.289287482541932e-11,3.09183755859416e-11,2.197710919383755e-11,1.1876213003804942e-11,7.055916224657862e-12,4.726963016035264e-12,2.3971632228342587e-12,1.4648059840724826e-12,1.6448982869589467e-12,1.239885984225822e-12,7.198415081966361e-13,5.000624633451513e-13,3.286664376624157e-13,4.4633950304793317e-13,2.61931370528873e-13,5.566675680892285e-09,4.871416479865297e-09,3.8317408204232185e-09,3.0171233053512827e-09,1.9906977096580507e-09,1.4231139260361571e-09,1.1426011318604876e-09,7.312072344295864e-10,5.856181239818181e-10,3.5278528963027393e-10,2.2690713424157376e-10,1.5351935343956694e-10,9.885696936435592e-11,6.289287482541932e-11,3.09183755859416e-11,2.197710919383755e-11,1.1876213003804942e-11,7.055916224657862e-12,4.726963016035264e-12,2.3971632228342587e-12,1.4648059840724826e-12
0.0,29,29.0,0.0,30.0,0.0,0.0,0.0,0.0,-13.0,0.0,2.0,0.0,0.0,0.0,1.5309626418537263e-10,9.172378320306016e-11,6.322013144739306e-11,3.373277998528238e-11,2.267548359928715e-11,1.097570048169325e-11,7.1615333920919135e-12,4.126639845521729e-12,2.4275467791915466e-12,1.5723438112473132e-12,1.7482560926695176e-12,1.1216991764396661e-12,7.345340708310359e-13,4.677659470723132e-13,3.8911811720450894e-13,2.3129386771469464e-13,-2.230420375798139e-14,5.2399510591117594e-09,4.929275272243967e-09,3.979411323585766e-09,2.667754674833454e-09,1.974895377124679e-09,1.4567087497327084e-09,1.0925794797039336e-09,7.416622825654774e-10,5.198855359553757e-10,3.773180365260352e-10,2.2876073106251077e-10,1.5309626418537263e-10,9.172378320306016e-11,6.322013144739306e-11,3.373277998528238e-11,2.267548359928715e-11,1.097570048169325e-11,7.1615333920919135e-12,4.126639845521729e-12,2.4275467791915466e-12,1.5723438112473132e-12
0.0,30,30.0,0.0,30.0,0.0,0.0,0.0,0.0,-13.0,0.0,2.0,0.0,0.0,0.0,1.7117543981785183e-10,1.0704288163060483e-10,4.9135587926868326e-11,3.5250731754248676e-11,2.1741828794811946e-11,1.1716481827375729e-11,7.309021053271057e-12,4.5744363644826404e-12,2.7373842607796572e-12,1.646330280908895e-12,1.7002611098105681e-12,1.2565482959037145e-12,6.51552540650276e-13,4.554440467803713e-13,-6.066536808878546e-15,1.4642447439612027e-13,8.548050708267054e-14,6.088962020711608e-09,5.2505131406761406e-09,3.973156306756263e-09,3.0212795283659125e-09,2.157213922133427e-09,1.4046098045202572e-09,1.1398867743688724e-09,7.540298896239083e-10,5.110399589854756e-10,3.5398802730931604e-10,2.420125978648443e-10,1.7117543981785183e-10,1.0704288163060483e-10,4.9135587926868326e-11,3.5250731754248676e-11,2.1741828794811946e-11,1.1716481827375729e-11,7.309021053271057e-12,4.5744363644826404e-12,2.7373842607796572e-12,1.646330280908895e-12
0.0,31,31.0,0.0,30.0,0.0,0.0,0.0,0.0,-13.0,0.0,2.0,0.0,0.0,0.0,1.4370614324326318e-10,9.125614218189768e-11,5.916125775436778e-11,3.762121085191702e-11,2.2335982794940606e-11,1.2112125981715961e-11,7.551301511546843e-12,4.28510430856333e-12,2.5333565829292464e-12,1.4763276728464002e-12,1.7346187710975414e-12,1.045224757118932e-12,8.155228451227117e-13,4.780828653429481e-13,3.081821724494601e-13,1.327996996011202e-13,9.519435014866698e-14,5.840238685121328e-09,5.366468486601224e-09,3.6798611890766368e-09,3.071813059720372e-09,2.2072401047867147e-09,1.4345149467469553e-09,1.150554499128717e-09,7.429900206371823e-10,5.25790716430048e-10,3.810975753932598e-10,2.3049410896309522e-10,1.4370614324326318e-10,9.125614218189768e-11,5.916125775436778e-11,3.762121085191702e-11,2.2335982794940606e-11,1.2112125981715961e-11,7.551301511546843e-12,4.28510430856333e-12,2.5333565829292464e-12,1.4763276728464002e-12
0.0,32,32.0,0.0,30.0,0.0,0.0,0.0,0.0,-13.0,0.0,2.0,0.0,0.0,0.0,1.6276454632364816e-10,9.59233549142957e-11,6.339809914206021e-11,3.505063259347832e-11,2.0026021470055695e-11,1.2409057724726242e-11,7.425441855995694e-12,3.955201758585644e-12,2.579204764272815e-12,1.4598888056201608e-12,1.7347639115753573e-12,1.2537486113204307e-12,8.526897133403031e-13,4.2588454037064044e-13,2.439037405486506e-13,1.0793976993452843e-13,1.7719918182314254e-13,6.480247988022099e-09,5.105311558218033e-09,4.098300651926878e-09,2.870445988401395e-09,2.025424697898341e-09,1.51484195226421e-09,1.130194113243556e-09,7.272909233485891e-10,4.875829777444777e-10,3.5492692368769376e-10,2.49040833087486e-10,1.6276454632364816e-10,9.59233549142957e-11,6.339809914206021e-11,3.505063259347832e-11,2.0026021470055695e-11,1.2409057724726242e-11,7.425441855995694e-12,3.955201758585644e-12,2.579204764272815e-12,1.4598888056201608e-12
0.0,33,33.0,0.0,30.0,0.0,0.0,0.0,0.0,-13.0,0.0,2.0,0.0,0.0,0.0,1.563278496751606e-10,9.77861856160663e-11,5.803893097917233e-11,3.725417577492613e-11,2.1899385709803978e-11,1.1408729205541175e-11,7.314332963366469e-12,4.308422546151936e-12,2.5666600926662506e-12,1.505014628747439e-12,1.827204576655273e-12,1.0694001516720807e-12,6.32031699641308e-13,4.355146639390178e-13,3.504587889168265e-13,1.312031938816329e-13,5.937678821948264e-14,6.084920530106338e-09,5.256498464317058e-09,3.9331351982689505e-09,3.028720463709104e-09,2.1654751005512145e-09,1.511083595825289e-09,1.1092551622977641e-09,7.857608600438699e-10,5.766684405468734e-10,3.5559135483878203e-10,2.363718942158292e-10,1.563278496751606e-10,9.77861856160663e-11,5.803893097917233e-11,3.725417577492613e-11,2.1899385709803978e-11,1.1408729205541175e-11,7.314332963366469e-12,4.308422546151936e-12,2.5666600926662506e-12,1.505014628747439e-12
0.0,34,34.0,0.0,30.0,0.0,0.0,0.0,0.0,-13.0,0.0,2.0,0.0,0.0,0.0,1.6899842370384094e-10,9.794673591833083e-11,5.895290025401443e-11,3.731005438909092e-11,1.903048422806072e-11,1.1460897616475355e-11,7.1397106602694635e-12,3.989690588808205e-12,2.5499975032138633e-12,1.4517089408176535e-12,1.746370001492354e-12,1.2437134265839215e-12,5.534124084162263e-13,4.682439685619211e-13,4.229175081835324e-13,8.780159453746634e-14,1.7685084257200214e-13,5.3115293792378315e-09,4.786001646022572e-09,4.1780960223474814e-09,3.068238574059185e-09,2.1730145928333985e-09,1.6242224079616595e-09,1.0380176983956282e-09,7.373165351116604e-10,5.032073772480048e-10,3.270987397637337e-10,2.5749922542527403e-10,1.6899842370384094e-10,9.794673591833083e-11,5.895290025401443e-11,3.731005438909092e-11,1.903048422806072e-11,1.1460897616475355e-11,7.1397106602694635e-12,3.989690588808205e-12,2.5499975032138633e-12,1.4517089408176535e-12
0.0,35,35.0,0.0,30.0,0.0,0.0,0.0,0.0,-13.0,0.0,2.0,0.0,0.0,0.0,1.513562887103712e-10,1.0623021283988918e-10,6.294578788019956e-11,3.527486214898053e-11,2.1987219456686206e-11,1.2683824460369007e-11,7.18702633130864e-12,4.33899687103308e-12,2.622694567389056e-12,1.4578283968639557e-12,1.4224292452618652e-12,1.2313225604287104e-12,6.830249020202942e-13,4.43075683968096e-13,3.8401678503435764e-13,2.8267739174008074e-13,1.5781459407835192e-13,5.824480598283957e-09,5.279393274155656e-09,3.779975339527904e-09,2.93734327903301e-09,2.1543963845191527e-09,1.5753698019529381e-09,1.0492429548376993e-09,7.47656623038246e-10,5.336421147040494e-10,3.461517294461615e-10,2.4888419347478084e-10,1.513562887103712e-10,1.0623021283988918e-10,6.294578788019956e-11,3.527486214898053e-11,2.1987219456686206e-11,1.2683824460369007e-11,7.18702633130864e-12,4.33899687103308e-12,2.622694567389056e-12,1.4578283968639557e-12
0.0,36,36.0,0.0,30.0,0.0,0.0,0.0,0.0,-13.0,0.0,2.0,0.0,0.0,0.0,1.4755603309560118e-10,1.0755926697584019e-10,5.830650781779896e-11,3.730231159356889e-11,1.8113588880955152e-11,1.1991746420615343e-11,6.99586665456035e-12,4.068946656991993e-12,2.265868972851871e-12,1.429215607206593e-12,1.6254816907567908e-12,1.0325376525523193e-12,7.231503987717519e-13,6.413148697893601e-13,2.938823976830618e-13,2.383689418416736e-13,3.325540558966311e-13,5.787453705953732e-09,5.64326009639199e-09,4.483951757571369e-09,2.999829867844224e-09,2.2575199979818707e-09,1.6053477383818258e-09,1.2055453622358324e-09,7.913487650887533e-10,5.495209257928066e-10,3.5203434237535787e-10,2.5468538755333826e-10,1.4755603309560118e-10,1.0755926697584019e-10,5.830650781779896e-11,3.730231159356889e-11,1.8113588880955152e-11,1.1991746420615343e-11,6.99586665456035e-12,4.068946656991993e-12,2.265868972851871e-12,1.429215607206593e-12
0.0,37,37.0,0.0,30.0,0.0,0.0,0.0,0.0,-13.0,0.0,2.0,0.0,0.0,0.0,1.6310320131453534e-10,9.655910826238999e-11,5.735013064571157e-11,3.7091486085009484e-11,2.1598813165314667e-11,1.290634073274837e-11,7.766517991597524e-12,3.829349095208385e-12,2.2903114575098966e-12,1.5064434197708325e-12,1.5999725432242639e-12,1.0922219078238075e-12,6.765872940828261e-13,4.936718234421163e-13,2.571353426601566e-13,1.700078289413965e-13,4.425317045293812e-14,5.5338295693428026e-09,5.1580488962019726e-09,4.3225312157820936e-09,3.1806738889261236e-09,2.1572177808280592e-09,1.5391212621101456e-09,1.1469081001292037e-09,8.328896704504119e-10,5.992058193865962e-10,3.7017952923211514e-10,2.376620831448996e-10,1.6310320131453534e-10,9.655910826238999e-11,5.735013064571157e-11,3.7091486085009484e-11,2.1598813165314667e-11,1.290634073274837e-11,7.766517991597524e-12,3.829349095208385e-12,2.2903114575098966e-12,1.5064434197708325e-12
0.0,38,38.0,0.0,30.0,0.0,0.0,0.0,0.0,-13.0,0.0,2.0,0.0,0.0,0.0,1.57197034632742e-10,9.749772379955323e-11,5.860915734099536e-11,3.6108037081472265e-11,2.3095655120644388e-11,1.4210608252090218e-11,7.634619472924806e-12,4.73592984996743e-12,2.252243180225697e-12,1.2356892337004665e-12,1.3407870082160644e-12,1.0473355801880527e-12,8.58949058849555e-13,4.188012381819929e-13,2.0539671780122483e-13,5.848852660556678e-14,1.2582873172527022e-13,6.409549504799664e-09,4.769664990030933e-09,3.9793405866536855e-09,3.0804409168967357e-09,2.1705973963613395e-09,1.6069564678281281e-09,1.178422943944924e-09,8.235507599975073e-10,5.030517537804604e-10,3.7340831812944144e-10,2.5071033667864223e-10,1.57197034632742e-10,9.749772379955323e-11,5.860915734099536e-11,3.6108037081472265e-11,2.3095655120644388e-11,1.4210608252090218e-11,7.634619472924806e-12,4.73592984996743e-12,2.252243180225697e-12,1.2356892337004665e-12
0.0,39,39.0,0.0,30.0,0.0,0.0,0.0,0.0,-13.0,0.0,2.0,0.0,0.0,0.0,1.8090097557127077e-10,1.0054824106041647e-10,6.087630927537721e-11,3.7699667076190706e-11,2.1962814561786534e-11,1.3488115632802532e-11,7.206524566566714e-12,4.25051155850959e-12,2.3879648773691206e-12,1.3329837176605387e-12,1.5266778445851492e-12,9.28946714631884e-13,7.745056259474525e-13,3.937823747937888e-13,1.7134394405466395e-13,1.2456445177952275e-13,-3.3499310864869983e-15,6.337988070696562e-09,5.2280105934069625e-09,3.922854276376425e-09,3.012420198459546e-09,2.4960542208213036e-09,1.5595029269306548e-09,1.1698488375325428e-09,8.018911064687037e-10,5.921859176824539e-10,3.672696449052873e-10,2.629019159195584e-10,1.8090097557127077e-10,1.0054824106041647e-10,6.087630927537721e-11,3.7699667076190706e-11,2.1962814561786534e-11,1.3488115632802532e-11,7.206524566566714e-12,4.25051155850959e-12,2.3879648773691206e-12,1.3329837176605387e-12
0.0,40,40.0,0.0,30.0,0.0,0.0,0.0,0.0,-13.0,0.0,2.0,0.0,0.0,0.0,1.5869186006756994e-10,9.778953993274088e-11,6.469954579162276e-11,3.93061143745221e-11,2.3226154119250903e-11,1.243449138238234e-11,7.277873653300835e-12,4.073887939613679e-12,2.193658118176713e-12,1.3440962835356006e-12,1.5767284285156604e-12,1.0088996816869235e-12,6.170937978277145e-13,4.819306184057227e-13,3.2517067415776353e-13,1.5123731123120615e-13,1.4466170098946562e-13,6.3824291479277116e-09,5.3953815033694976e-09,3.9278999840452395e-09,3.1009130554798936e-09,2.0328346296933183e-09,1.576728471988634e-09,1.0312867925480732e-09,7.813578583092901e-10,5.37642394152892e-10,3.8098654647309014e-10,2.388315917049517e-10,1.5869186006756994e-10,9.778953993274088e-11,6.469954579162276e-11,3.93061143745221e-11,2.3226154119250903e-11,1.243449138238234e-11,7.277873653300835e-12,4.073887939613679e-12,2.193658118176713e-12,1.3440962835356006e-12
0.0,41,41.0,0.0,30.0,0.0,0.0,0.0,0.0,-13.0,0.0,2.0,0.0,0.0,0.0,1.6438341745430104e-10,1.1144384978678895e-10,6.750246462691361e-11,3.845144344449462e-11,2.171396741029436e-11,1.2345842541978491e-11,7.953455623248661e-12,4.157303394346821e-12,2.295857703956993e-12,1.4255374540398396e-12,1.5100045450309627e-12,1.2609077459498326e-12,5.324464155070148e-13,1.925216466078033e-13,2.0094515748243633e-13,1.2994977151192763e-13,1.620888242565228e-13,6.596217524603196e-09,5.525342959536027e-09,3.800141283318936e-09,3.2638255814284942e-09,2.1936837714007872e-09,1.5954845979152982e-09,1.1493305113978993e-09,8.232573319850096e-10,5.875297624487297e-10,3.4348765538777433e-10,2.591275978384838e-10,1.6438341745430104e-10,1.1144384978678895e-10,6.750246462691361e-11,3.845144344449462e-11,2.171396741029436e-11,1.2345842541978491e-11,7.953455623248661e-12,4.157303394346821e-12,2.295857703956993e-12,1.4255374540398396e-12
0.0,42,42.0,0.0,30.0,0.0,0.0,0.0,0.0,-13.0,0.0,2.0,0.0,0.0,0.0,1.6117941099517736e-10,1.1068607090091357e-10,6.506345323944684e-11,3.8086064763909494e-11,2.123898819705739e-11,1.3246069156085216e-11,7.565114894601912e-12,4.170479969628246e-12,2.466853649171487e-12,1.5224826735626022e-12,1.8061644233146867e-12,7.915382263061562e-13,5.534398187916428e-13,3.9633988802491753e-13,4.163666967802257e-13,5.028053781865694e-14,1.1572767467067662e-13,6.230802173727272e-09,5.282175540052683e-09,3.729385256274335e-09,3.124803948548964e-09,2.4425070857928413e-09,1.675405964589914e-09,1.1263174564291402e-09,7.492016287879691e-10,5.08006015216492e-10,3.663599554802139e-10,2.3962758826866817e-10,1.6117941099517736e-10,1.1068607090091357e-10,6.506345323944684e-11,3.8086064763909494e-11,2.123898819705739e-11,1.3246069156085216e-11,7.565114894601912e-12,4.170479969628246e-12,2.466853649171487e-12,1.5224826735626022e-12
0.0,43,43.0,0.0,30.0,0.0,0.0,0.0,0.0,-13.0,0.0,2.0,0.0,0.0,0.0,1.6617613402265665e-10,1.060434818932972e-10,6.32453079723204e-11,3.976137775765767e-11,2.2242188495211983e-11,1.2523058454618122e-11,6.4677062598859445e-12,4.256143361837305e-12,2.2077272313247897e-12,1.267465150361324e-12,1.7185052767296844e-12,1.0868648504476774e-12,6.003229474025294e-13,3.7597851243611164e-13,3.4677132307178343e-13,6.539908390891282e-14,-8.192554519046326e-15,6.610347539471904e-09,4.5826994092260406e-09,4.504367322939681e-09,3.0178711014730407e-09,2.069333717588675e-09,1.6696872405413444e-09,1.1614151990324084e-09,7.77382964295747e-10,5.515405378638555e-10,3.717561327779002e-10,2.523778180786669e-10,1.6617613402265665e-10,1.060434818932972e-10,6.32453079723204e-11,3.976137775765767e-11,2.2242188495211983e-11,1.2523058454618122e-11,6.4677062598859445e-12,4.256143361837305e-12,2.2077272313247897e-12,1.267465150361324e-12
0.0,44,44.0,0.0,30.0,0.0,0.0,0.0,0.0,-13.0,0.0,2.0,0.0,0.0,0.0,1.630831698929452e-10,1.0112661573371633e-10,6.613792814053409e-11,4.1457043583231224e-11,2.088717693183344e-11,1.272226365972321e-11,7.881362644509073e-12,4.001160625406664e-12,2.3731626124825737e-12,1.35643047225389e-12,1.6211062928406533e-12,9.079237458907708e-13,7.623831337196589e-13,3.957559303034178e-13,2.310757270055318e-13,2.3027079976351247e-13,1.5737324544496e-13,6.46096405371415e-09,5.559082966333086e-09,4.5423338603911355e-09,3.20858849371928e-09,2.1675481578694223e-09,1.6535299963723142e-09,1.1579755131230932e-09,8.257128160354513e-10,5.342654224090725e-10,3.603560900944772e-10,2.643380042335136e-10,1.630831698929452e-10,1.0112661573371633e-10,6.613792814053409e-11,4.1457043583231224e-11,2.088717693183344e-11,1.272226365972321e-11,7.881362644509073e-12,4.001160625406664e-12,2.3731626124825737e-12,1.35643047225389e-12
0.0,45,45.0,0.0,30.0,0.0,0.0,0.0,0.0,-13.0,0.0,2.0,0.0,0.0,0.0,1.6509982395808276e-10,1.1394420444404307e-10,6.202766913628931e-11,4.008966101519401e-11,2.294095693609286e-11,1.1798229663883078e-11,7.568439443648583e-12,4.520886836435029e-12,2.4498412746598635e-12,1.446298519490271e-12,1.2790497123461863e-12,9.185949277851996e-13,4.071276675653368e-13,3.505930269671166e-13,2.5295733465024313e-13,4.919977877892933e-14,1.6449942104323998e-13,6.719833041035272e-09,4.7618668389818406e-09,4.4227769130052745e-09,3.074936223918808e-09,2.485442271043976e-09,1.7463671835748131e-09,1.2021588263514605e-09,8.385842641364258e-10,6.034910298412411e-10,3.681156198972084e-10,2.561025111009182e-10,1.6509982395808276e-10,1.1394420444404307e-10,6.202766913628931e-11,4.008966101519401e-11,2.294095693609286e-11,1.1798229663883078e-11,7.568439443648583e-12,4.520886836435029e-12,2.4498412746598635e-12,1.446298519490271e-12
0.0,46,46.0,0.0,30.0,0.0,0.0,0.0,0.0,-13.0,0.0,2.0,0.0,0.0,0.0,1.7249391127730204e-10,1.1192064464810644e-10,6.681741153918604e-11,3.961676018245355e-11,2.1386418178804066e-11,1.4370505552489204e-11,7.360109352803935e-12,4.332923232778924e-12,2.4389547410082706e-12,1.4216648973585062e-12,1.5093393971465548e-12,9.438550361531962e-13,7.386712330721124e-13,3.5846298073964403e-13,1.5075639028038814e-13,1.2775471300947384e-13,9.016044513169262e-14,6.434043736157321e-09,4.688410624364356e-09,4.308407920450165e-09,3.275917744020255e-09,2.4907808749695145e-09,1.7693740839212398e-09,1.1244154328699954e-09,8.260396239581827e-10,5.58069021892741e-10,3.5897542384423655e-10,2.6294001440559426e-10,1.7249391127730204e-10,1.1192064464810644e-10,6.681741153918604e-11,3.961676018245355e-11,2.1386418178804066e-11,1.4370505552489204e-11,7.360109352803935e-12,4.332923232778924e-12,2.4389547410082706e-12,1.4216648973585062e-12
0.0,47,47.0,0.0,30.0,0.0,0.0,0.0,0.0,-13.0,0.0,2.0,0.0,0.0,0.0,1.525711928426924e-10,1.0421115603854808e-10,6.890850029234198e-11,4.1553946730728475e-11,2.4212916977261742e-11,1.486949851350591e-11,7.437921455325947e-12,4.051644321880542e-12,2.49711490739166e-12,1.2250302675161323e-12,1.421523250819771e-12,7.982575805951689e-13,5.608049533986854e-13,4.007336903187289e-13,2.7725981268361235e-13,1.1574908626431133e-13,6.810133484027792e-14,6.215213788234807e-09,5.431808671250616e-09,4.095242691302227e-09,3.236512217696785e-09,2.348396180780735e-09,1.603937785638034e-09,1.183492662752499e-09,8.221924591135074e-10,5.486792333048175e-10,3.93131590786671e-10,2.589017031149104e-10,1.525711928426924e-10,1.0421115603854808e-10,6.890850029234198e-11,4.1553946730728475e-11,2.4212916977261742e-11,1.486949851350591e-11,7.437921455325947e-12,4.051644321880542e-12,2.49711490739166e-12,1.2250302675161323e-12
0.0,48,48.0,0.0,30.0,0.0,0.0,0.0,0.0,-13.0,0.0,2.0,0.0,0.0,0.0,1.6253021919450297e-10,1.1044735626151025e-10,6.92673500191652e-11,3.9452126309266064e-11,2.2621774881035093e-11,1.352575920745019e-11,7.695573945248746e-12,3.9914846445508545e-12,2.2718178012818257e-12,1.268001632937852e-12,1.599739839247117e-12,1.0073269193589168e-12,7.876098333978405e-13,5.035267969685967e-13,7.152219914821101e-14,1.116392919227931e-13,2.3950496398851583e-13,6.764325754570047e-09,5.698686037427444e-09,4.046789241377809e-09,3.3177076024305513e-09,2.2767017827411164e-09,1.8621595204932365e-09,1.2514671334595785e-09,8.327109038928578e-10,5.526745009192364e-10,4.0359135509737434e-10,2.553324986465983e-10,1.6253021919450297e-10,1.1044735626151025e-10,6.92673500191652e-11,3.9452126309266064e-11,2.2621774881035093e-11,1.352575920745019e-11,7.695573945248746e-12,3.9914846445508545e-12,2.2718178012818257e-12,1.268001632937852e-12
0.0,49,49.0,0.0,30.0,0.0,0.0,0.0,0.0,-13.0,0.0,2.0,0.0,0.0,0.0,1.6054362885504933e-10,1.0859665669100006e-10,6.385848230708121e-11,4.07157226691384e-11,2.28049674591838e-11,1.3161871431586594e-11,7.887950113803773e-12,4.080053532745291e-12,2.344724996803986e-12,1.3324336812809206e-12,1.6750316546136182e-12,1.1008516304987686e-12,5.198924069602265e-13,3.702981724772165e-13,1.858175212275849e-13,1.714162646190284e-13,2.758913724328421e-13,6.481897792142522e-09,5.306799630458265e-09,4.600373513217946e-09,3.5824829754741506e-09,2.2615684443390476e-09,1.6368898909219433e-09,1.2686013851854454e-09,8.570734917004506e-10,5.677539866363043e-10,3.797737029443919e-10,2.4477417416686494e-10,1.6054362885504933e-10,1.0859665669100006e-10,6.385848230708121e-11,4.07157226691384e-11,2.28049674591838e-11,1.3161871431586594e-11,7.887950113803773e-12,4.080053532745291e-12,2.344724996803986e-12,1.3324336812809206e-12
0.0,50,50.0,0.0,30.0,0.0,0.0,0.0,0.0,-13.0,0.0,2.0,0.0,0.0,0.0,1.8114603686208996e-10,1.0755298930902427e-10,6.325415974097581e-11,4.150338275743259e-11,2.493720999583575e-11,1.3596161034369791e-11,7.129196482029838e-12,4.7890350885441786e-12,2.528703503661221e-12,1.367929918985215e-12,1.4744254463583275e-12,8.292894339496349e-13,3.36100362347294e-13,3.9678617396586473e-13,1.7574732883522281e-13,1.7848316749229245e-13,-1.579926346781949e-14,6.8358013438264164e-09,5.05486221274673e-09,4.689255294282516e-09,3.540715280038114e-09,2.5560457647253187e-09,1.7586630131412448e-09,1.3100555124376152e-09,8.405480243061341e-10,5.979820067825933e-10,4.1012402354657037e-10,2.585842744723605e-10,1.8114603686208996e-10,1.0755298930902427e-10,6.325415974097581e-11,4.150338275743259e-11,2.493720999583575e-11,1.3596161034369791e-11,7.129196482029838e-12,4.7890350885441786e-12,2.528703503661221e-12,1.367929918985215e-12
0.0,51,51.0,0.0,30.0,0.0,0.0,0.0,0.0,-13.0,0.0,2.0,0.0,0.0,0.0,1.621121061494096e-10,1.069831352767305e-10,7.387298447621221e-11,4.4886640175449944e-11,2.628065700206739e-11,1.4261642939826466e-11,7.993993773905075e-12,3.984560746655965e-12,2.3129930838855216e-12,1.1537388601808736e-12,1.1937194975364415e-12,1.0397823967951437e-12,5.39443113366838e-13,3.049351973919682e-13,2.857541471435412e-13,-2.0272092013460618e-14,1.688114301187908e-13,6.63115337702579e-09,5.390330809227143e-09,4.151279753169098e-09,3.4823974243951547e-09,2.236155954664469e-09,1.508734479633309e-09,1.2431324278639793e-09,8.446825924872685e-10,5.640442421784933e-10,4.052339682456298e-10,2.4876333173972246e-10,1.621121061494096e-10,1.069831352767305e-10,7.387298447621221e-11,4.4886640175449944e-11,2.628065700206739e-11,1.4261642939826466e-11,7.993993773905075e-12,3.984560746655965e-12,2.3129930838855216e-12,1.1537388601808736e-12
0.0,52,52.0,0.0,30.0,0.0,0.0,0.0,0.0,-13.0,0.0,2.0,0.0,0.0,0.0,1.715747157250826e-10,1.1825564510724759e-10,6.720728302614794e-11,4.2771796920734036e-11,2.3699604683398786e-11,1.4260678315061521e-11,7.139525232192446e-12,4.3313006649594724e-12,2.4155946946767734e-12,1.3455359654060321e-12,1.4004044083551406e-12,7.944135676469894e-13,4.938092131597317e-13,3.924735541733396e-13,4.144606453537001e-13,2.8011865584765827e-13,-1.3362220361357829e-14,6.433608992010774e-09,5.578258042222303e-09,4.493580842835912e-09,3.5883768294232732e-09,2.24751797920147e-09,1.7349913620415375e-09,1.3184584826204555e-09,8.554498652567582e-10,5.623643231014204e-10,3.785308604058469e-10,2.5828803234756645e-10,1.715747157250826e-10,1.1825564510724759e-10,6.720728302614794e-11,4.2771796920734036e-11,2.3699604683398786e-11,1.4260678315061521e-11,7.139525232192446e-12,4.3313006649594724e-12,2.4155946946767734e-12,1.3455359654060321e-12
0.0,53,53.0,0.0,30.0,0.0,0.0,0.0,0.0,-13.0,0.0,2.0,0.0,0.0,0.0,1.8597440729589085e-10,1.05205513705167e-10,6.600558205535768e-11,3.758386786927101e-11,2.2408574008834868e-11,1.3665464898356414e-11,8.64976879534017e-12,4.47113641903888e-12,2.323232788822186e-12,1.3368614023794517e-12,1.3262520482394526e-12,1.097748148066176e-12,6.946328833924874e-13,2.18946609946562e-13,-1.21927224653504e-13,2.4583716447887085e-13,4.621637996328583e-14,6.6301125662831694e-09,6.024773690012451e-09,4.745495345545575e-09,3.5336284388051194e-09,2.3356578593022427e-09,1.5916083305270667e-09,1.2881150922047872e-09,8.499519043741946e-10,5.687355015349044e-10,3.6839982483853004e-10,2.518065029813293e-10,1.8597440729589085e-10,1.05205513705167e-10,6.600558205535768e-11,3.758386786927101e-11,2.2408574008834868e-11,1.3665464898356414e-11,8.64976879534017e-12,4.47113641903888e-12,2.323232788822186e-12,1.3368614023794517e-12
0.0,54,54.0,0.0,30.0,0.0,0.0,0.0,0.0,-13.0,0.0,2.0,0.0,0.0,0.0,1.668468113847033e-10,1.028299007665463e-10,7.43029342221945e-11,4.38891850830559e-11,2.2860874820906512e-11,1.4129653525069823e-11,8.086594697674458e-12,4.480693183399778e-12,2.5833556844438285e-12,1.3157243095382916e-12,1.4445535488955923e-12,6.90760466745964e-13,3.752332344904288e-13,3.7061073024289316e-13,1.4025041968373085e-13,8.316586514067871e-14,5.785341101657477e-14,6.7104645422907026e-09,5.630534429042717e-09,4.3690863839961375e-09,3.2683511793628712e-09,2.2750567569250436e-09,1.7737186477666406e-09,1.202917090238987e-09,8.891537764856363e-10,5.252919304685008e-10,3.88675657324098e-10,2.74487327267653e-10,1.668468113847033e-10,1.028299007665463e-10,7.43029342221945e-11,4.38891850830559e-11,2.2860874820906512e-11,1.4129653525069823e-11,8.086594697674458e-12,4.480693183399778e-12,2.5833556844438285e-12,1.3157243095382916e-12
0.0,55,55.0,0.0,30.0,0.0,0.0,0.0,0.0,-13.0,0.0,2.0,0.0,0.0,0.0,1.6417922272636498e-10,1.0584257898845928e-10,7.127789319396039e-11,4.6715052107661655e-11,2.4721592969412333e-11,1.6311270324330073e-11,7.461436347276401e-12,4.477333867525456e-12,2.4807664545349265e-12,1.5577982430096452e-12,1.571048812819746e-12,9.111015675804538e-13,7.089664825702761e-13,2.0905642450793671e-13,7.37904964467273e-14,1.2742314012845116e-13,-1.1404439066132011e-14,6.925732873824246e-09,5.135336780707416e-09,4.372910136739962e-09,3.273541220197109e-09,2.272527859595396e-09,1.7836726329386144e-09,1.191682249698144e-09,8.969752423276118e-10,5.893015656413495e-10,4.039110388466726e-10,2.593148033830224e-10,1.6417922272636498e-10,1.0584257898845928e-10,7.127789319396039e-11,4.6715052107661655e-11,2.4721592969412333e-11,1.6311270324330073e-11,7.461436347276401e-12,4.477333867525456e-12,2.4807664545349265e-12,1.5577982430096452e-12
0.0,56,56.0,0.0,30.0,0.0,0.0,0.0,0.0,-13.0,0.0,2.0,0.0,0.0,0.0,1.7466958420891366e-10,1.0852665362792748e-10,6.453701966681499e-11,4.127989974836854e-11,2.610605058914734e-11,1.4423831452200162e-11,8.47033562127958e-12,4.57532839754522e-12,2.595598785228863e-12,1.2471819251455113e-12,1.4212298658846128e-12,1.0767589952474944e-12,4.676275891400383e-13,2.6466531170777205e-13,2.6788515880863706e-13,1.3061830865122579e-13,2.260673565613509e-13,7.130833156314048e-09,5.7876434062570646e-09,4.730680500700324e-09,3.484097257824436e-09,2.5271095021506558e-09,1.73078832052108e-09,1.1880593280272589e-09,8.872788227954537e-10,5.88248126202615e-10,3.909967400607786e-10,2.6857489759171715e-10,1.7466958420891366e-10,1.0852665362792748e-10,6.453701966681499e-11,4.127989974836854e-11,2.610605058914734e-11,1.4423831452200162e-11,8.47033562127958e-12,4.57532839754522e-12,2.595598785228863e-12,1.2471819251455113e-12
0.0,57,57.0,0.0,30.0,0.0,0.0,0.0,0.0,-13.0,0.0,2.0,0.0,0.0,0.0,1.7197214082418133e-10,1.1779341462162417e-10,6.596990923006427e-11,3.945921947034584e-11,2.5907633594882775e-11,1.5587508926588155e-11,8.552250499289165e-12,4.853331850438231e-12,2.2903426356215205e-12,1.3075336287792586e-12,1.2713794277698747e-12,7.706336883711095e-13,7.162144530049456e-13,3.9856287983187817e-13,2.372163014140269e-13,3.034617547712054e-13,5.116268652845679e-14,7.087414999586269e-09,5.4920588311103855e-09,4.508917315587599e-09,3.50244356247099e-09,2.477352040797353e-09,1.642927090250506e-09,1.1848991348070674e-09,8.739404264896086e-10,6.303686584070686e-10,4.0438020939406343e-10,2.501607137134385e-10,1.7197214082418133e-10,1.1779341462162417e-10,6.596990923006427e-11,3.945921947034584e-11,2.5907633594882775e-11,1.5587508926588155e-11,8.552250499289165e-12,4.853331850438231e-12,2.2903426356215205e-12,1.3075336287792586e-12
0.0,58,58.0,0.0,30.0,0.0,0.0,0.0,0.0,-13.0,0.0,2.0,0.0,0.0,0.0,1.7442782123176504e-10,1.147072711729523e-10,7.136700370753516e-11,4.169681417275696e-11,2.5370991296423897e-11,1.3595561273333053e-11,7.594310372816588e-12,4.500088533418895e-12,2.2623363627873234e-12,1.2554334344599459e-12,1.3878965432219138e-12,8.960375134843412e-13,5.278654723808317e-13,2.627761053909298e-13,6.500750349798635e-14,1.6081530365204408e-13,5.19583251071851e-14,7.228782242784373e-09,5.889021847848164e-09,4.590552225364067e-09,3.210133841270538e-09,2.2244560688613756e-09,1.7477609459442868e-09,1.1125172791474341e-09,8.232079154697586e-10,6.008983584626479e-10,4.208549736117644e-10,2.598348864915056e-10,1.7442782123176504e-10,1.147072711729523e-10,7.136700370753516e-11,4.169681417275696e-11,2.5370991296423897e-11,1.3595561273333053e-11,7.594310372816588e-12,4.500088533418895e-12,2.2623363627873234e-12,1.2554334344599459e-12
0.0,59,59.0,0.0,30.0,0.0,0.0,0.0,0.0,-13.0,0.0,2.0,0.0,0.0,0.0,1.7478513570644082e-10,1.0715602108951359e-10,7.518787062236821e-11,3.992540556125784e-11,2.5274434307498468e-11,1.5402015909251253e-11,8.276482963727778e-12,4.403762541849461e-12,2.3823690254888697e-12,1.4476089681690506e-12,1.2703248016753793e-12,9.418175816046346e-13,4.601808648982902e-13,2.312181690285413e-13,3.5162345958435656e-13,1.235034074219591e-13,1.1278735855399594e-13,6.636462332833054e-09,6.037246820285149e-09,4.517858979606257e-09,3.3252456537797523e-09,2.57010722089487e-09,1.7508671622786062e-09,1.2544010171664098e-09,8.076970100428306e-10,5.984051741693434e-10,4.4283750073221446e-10,2.6426192375910523e-10,1.7478513570644082e-10,1.0715602108951359e-10,7.518787062236821e-11,3.992540556125784e-11,2.5274434307498468e-11,1.5402015909251253e-11,8.276482963727778e-12,4.403762541849461e-12,2.3823690254888697e-12,1.4476089681690506e-12
0.0,60,60.0,0.0,30.0,0.0,0.0,0.0,0.0,-13.0,0.0,2.0,0.0,0.0,0.0,1.6461157249045867e-10,1.076033528979995e-10,6.939421112570664e-11,4.1892765698929435e-11,2.6037444119073673e-11,1.5685307972347396e-11,8.140041479443347e-12,4.3148295294803376e-12,2.3026689869633187e-12,1.2033959392508364e-12,1.3436649397948387e-12,8.979993161676485e-13,6.098055339805353e-13,3.317395831428883e-13,2.3406490127546425e-13,1.0203460202633908e-13,4.197397564839842e-14,6.931530051152017e-09,6.1368727183332164e-09,4.71516503179496e-09,3.466179753460606e-09,2.567125408375409e-09,1.6060998097087518e-09,1.3298671754303434e-09,9.202426551778236e-10,6.102424861310101e-10,3.88705246591146e-10,2.56202367904326e-10,1.6461157249045867e-10,1.076033528979995e-10,6.939421112570664e-11,4.1892765698929435e-11,2.6037444119073673e-11,1.5685307972347396e-11,8.140041479443347e-12,4.3148295294803376e-12,2.3026689869633187e-12,1.2033959392508364e-12
0.0,61,61.0,0.0,30.0,0.0,0.0,0.0,0.0,-13.0,0.0,2.0,0.0,0.0,0.0,1.7799008090636508e-10,1.1599859137138302e-10,6.846283097895916e-11,4.079226762888276e-11,2.5921459368911145e-11,1.5848443179870975e-11,8.970939878633494e-12,4.2944178941272105e-12,2.4511880109096478e-12,1.2401820607725525e-12,1.4704309583884872e-12,8.276971792265228e-13,5.224235329391954e-13,2.0629738247445308e-13,2.852568021069213e-13,1.1470697754124934e-13,2.2878658091460696e-13,6.989889008878085e-09,6.218538999987897e-09,4.611140457212392e-09,3.5701689934520982e-09,2.4587970571952208e-09,1.7750578161475631e-09,1.2245326670014463e-09,8.377838536074269e-10,6.352700411316438e-10,3.72606492695772e-10,2.5953707898984397e-10,1.7799008090636508e-10,1.1599859137138302e-10,6.846283097895916e-11,4.079226762888276e-11,2.5921459368911145e-11,1.5848443179870975e-11,8.970939878633494e-12,4.2944178941272105e-12,2.4511880109096478e-12,1.2401820607725525e-12
0.0,62,62.0,0.0,30.0,0.0,0.0,0.0,0.0,-13.0,0.0,2.0,0.0,0.0,0.0,1.6064206001932914e-10,1.1129374218617757e-10,6.463617608191473e-11,4.225894145957265e-11,2.35011220858938e-11,1.5538387152324164e-11,8.714021849489788e-12,4.7173916770878226e-12,2.5816273588956234e-12,1.1838888823209556e-12,1.3442157837036694e-12,8.13045105714338e-13,5.022133384779458e-13,2.8990092845827113e-13,3.565109973923394e-13,5.3662546338622195e-14,7.908385297223291e-14,7.457367869602314e-09,5.870386037077295e-09,4.739011401802102e-09,3.610903992523667e-09,2.4349431640404856e-09,1.8902684559617788e-09,1.16857796037264e-09,9.022928254379701e-10,6.439095035968116e-10,4.196445143018587e-10,2.8908539017332016e-10,1.6064206001932914e-10,1.1129374218617757e-10,6.463617608191473e-11,4.225894145957265e-11,2.35011220858938e-11,1.5538387152324164e-11,8.714021849489788e-12,4.7173916770878226e-12,2.5816273588956234e-12,1.1838888823209556e-12
0.0,63,63.0,0.0,30.0,0.0,0.0,0.0,0.0,-13.0,0.0,2.0,0.0,0.0,0.0,1.6583626891861903e-10,1.1721546321482515e-10,7.124817846543903e-11,4.410757245474662e-11,2.735856145057847e-11,1.4971919271694633e-11,8.499458556086875e-12,4.995679194271852e-12,2.7312050429996557e-12,1.27983725887281e-12,1.3069908283833688e-12,9.323597288976746e-13,5.060997498967952e-13,3.5726372301783207e-13,1.9845128372141785e-13,9.469318688887793e-14,-5.528237848870628e-14,7.025134886651696e-09,6.441231931983303e-09,4.5960880024694395e-09,3.740135719220201e-09,2.645690979623418e-09,1.8519356333206908e-09,1.2327371296931948e-09,8.571727399354336e-10,6.382450051561619e-10,4.0621941925520774e-10,2.783777807369027e-10,1.6583626891861903e-10,1.1721546321482515e-10,7.124817846543903e-11,4.410757245474662e-11,2.735856145057847e-11,1.4971919271694633e-11,8.499458556086875e-12,4.995679194271852e-12,2.7312050429996557e-12,1.27983725887281e-12
0.0,64,64.0,0.0,30.0,0.0,0.0,0.0,0.0,-13.0,0.0,2.0,0.0,0.0,0.0,1.8413501721629184e-10,1.1687337790214436e-10,7.303718830684704e-11,3.94020029174509e-11,2.38581092058706e-11,1.558995588410031e-11,9.005850494014867e-12,4.926280763369987e-12,2.3687405018115907e-12,1.2082407221014233e-12,1.2725255858952879e-12,8.436769656506534e-13,4.867777571449436e-13,3.0012789507517666e-13,1.4628973183872507e-14,6.904252725326167e-14,1.136751742218699e-14,7.449112700792907e-09,5.707311422491746e-09,4.798892770517376e-09,3.5214099311858925e-09,2.4673086550104003e-09,1.7498773915929252e-09,1.3242822457007823e-09,9.032687646119395e-10,5.529172476870807e-10,4.123993192363061e-10,2.6715703836731456e-10,1.8413501721629184e-10,1.1687337790214436e-10,7.303718830684704e-11,3.94020029174509e-11,2.38581092058706e-11,1.558995588410031e-11,9.005850494014867e-12,4.926280763369987e-12,2.3687405018115907e-12,1.2082407221014233e-12
0.0,65,65.0,0.0,30.0,0.0,0.0,0.0,0.0,-13.0,0.0,2.0,0.0,0.0,0.0,1.7298082628844262e-10,1.0737795490953401e-10,6.889256848681037e-11,3.8255925931185804e-11,2.4470112016711957e-11,1.5218241897937735e-11,8.580431148718278e-12,4.4816061585943316e-12,2.5564038527934363e-12,1.4550266231910996e-12,1.37774589168025e-12,8.856918377134935e-13,6.331563137850417e-13,4.0666126728408513e-13,4.4836197062222047e-13,1.4086314214366328e-13,8.75947343811417e-14,7.336295618434097e-09,6.199611187346517e-09,5.267950458882093e-09,3.4807998104261188e-09,2.546337705242383e-09,1.7626421414321169e-09,1.352250390861391e-09,7.67393779303443e-10,6.448641949239695e-10,4.0982577282931907e-10,2.830020447926277e-10,1.7298082628844262e-10,1.0737795490953401e-10,6.889256848681037e-11,3.8255925931185804e-11,2.4470112016711957e-11,1.5218241897937735e-11,8.580431148718278e-12,4.4816061585943316e-12,2.5564038527934363e-12,1.4550266231910996e-12
0.0,66,66.0,0.0,30.0,0.0,0.0,0.0,0.0,-13.0,0.0,2.0,0.0,0.0,0.0,1.6005737359561682e-10,1.1645491660633643e-10,7.150454265422236e-11,4.064767845052211e-11,2.7731898885002225e-11,1.5022325990213958e-11,9.178342240868335e-12,5.148104383580358e-12,2.5727462990915297e-12,1.238765110926751e-12,1.5237114499058095e-12,6.913993579265029e-13,3.6331060094729223e-13,2.229080768086025e-13,1.5989234783241762e-13,3.809125140900772e-14,8.239193580832117e-14,7.317548101205921e-09,5.676472733499692e-09,4.733969663276068e-09,3.547700931537519e-09,2.739230954917414e-09,1.9596640170403374e-09,1.315868139005218e-09,9.28826142472479e-10,6.289558609301023e-10,4.1778674476377587e-10,2.8800592776379537e-10,1.6005737359561682e-10,1.1645491660633643e-10,7.150454265422236e-11,4.064767845052211e-11,2.7731898885002225e-11,1.5022325990213958e-11,9.178342240868335e-12,5.148104383580358e-12,2.5727462990915297e-12,1.238765110926751e-12
0.0,67,67.0,0.0,30.0,0.0,0.0,0.0,0.0,-13.0,0.0,2.0,0.0,0.0,0.0,1.8196032506991352e-10,1.274182740351681e-10,7.158865097178378e-11,4.3461494511474175e-11,2.537626317430587e-11,1.4763173851867038e-11,9.198383433905058e-12,5.1143722197261576e-12,2.7649333672293518e-12,1.3953485372536935e-12,1.0849987971445358e-12,1.0025772271234455e-12,5.233551719540306e-13,3.57497188945169e-13,-1.4914772228196592e-14,7.545432547304615e-14,-6.442764121303153e-14,8.110454350606737e-09,6.243790660702848e-09,4.585738492433532e-09,3.410950119986153e-09,2.326700826999409e-09,1.8865017192850122e-09,1.3969643969987816e-09,9.077134583767481e-10,6.208601936308053e-10,4.1369878189139197e-10,2.713103611963525e-10,1.8196032506991352e-10,1.274182740351681e-10,7.158865097178378e-11,4.3461494511474175e-11,2.537626317430587e-11,1.4763173851867038e-11,9.198383433905058e-12,5.1143722197261576e-12,2.7649333672293518e-12,1.3953485372536935e-12
0.0,68,68.0,0.0,30.0,0.0,0.0,0.0,0.0,-13.0,0.0,2.0,0.0,0.0,0.0,1.7908564676677573e-10,1.1748789450120027e-10,6.552898329688266e-11,3.9321057767712526e-11,2.56210175923051e-11,1.7444578023602794e-11,8.432374699470095e-12,5.032541436861681e-12,2.502498306125895e-12,1.2092606068738933e-12,1.228256979549428e-12,7.831230747244703e-13,4.095729278419136e-13,2.8599502087816077e-13,2.7896721364609784e-13,1.5025995780941552e-13,1.6776271830808958e-14,7.401193733648591e-09,6.124306311049036e-09,4.473918339755378e-09,3.453546106708926e-09,2.7303365443349146e-09,1.7201844129202312e-09,1.421609072415812e-09,8.922181556203722e-10,6.266898166131268e-10,4.0844881935238436e-10,2.753732299628634e-10,1.7908564676677573e-10,1.1748789450120027e-10,6.552898329688266e-11,3.9321057767712526e-11,2.56210175923051e-11,1.7444578023602794e-11,8.432374699470095e-12,5.032541436861681e-12,2.502498306125895e-12,1.2092606068738933e-12
0.0,69,69.0,0.0,30.0,0.0,0.0,0.0,0.0,-13.0,0.0,2.0,0.0,0.0,0.0,1.6718920873529553e-10,1.0652272861342744e-10,7.16602386158413e-11,4.2553261585631757e-11,2.7130934089899036e-11,1.7344736207424863e-11,9.25161392674304e-12,4.498477540190149e-12,2.516464080449985e-12,1.2953901633627172e-12,1.3455836672952132e-12,8.122721379211735e-13,5.586172422105268e-13,4.1720227448381615e-13,2.1491381352579953e-13,1.5888023814453305e-13,2.18288151137507e-15,7.772998138085897e-09,6.286564931854971e-09,4.612622763689577e-09,3.5001061154575918e-09,2.5965163296139093e-09,1.807479589037747e-09,1.2982877149572643e-09,8.938100581334748e-10,5.922305504997105e-10,4.034644356867594e-10,2.883024653546179e-10,1.6718920873529553e-10,1.0652272861342744e-10,7.16602386158413e-11,4.2553261585631757e-11,2.7130934089899036e-11,1.7344736207424863e-11,9.25161392674304e-12,4.498477540190149e-12,2.516464080449985e-12,1.2953901633627172e-12
0.0,70,70.0,0.0,30.0,0.0,0.0,0.0,0.0,-13.0,0.0,2.0,0.0,0.0,0.0,1.8941051197062848e-10,1.0721711801084019e-10,7.230084754828457e-11,4.158002329612619e-11,2.6478767922580504e-11,1.702958168027055e-11,8.577755335384498e-12,5.12972084555035e-12,2.3505612081959276e-12,1.2424956232704886e-12,1.2110574333034028e-12,7.642921098571649e-13,3.3395591140101007e-13,2.8308554715418225e-13,2.1937928043911747e-13,1.367186112970467e-13,1.9711978686795619e-13,7.387361271194484e-09,6.287228133876501e-09,4.8999074126517964e-09,3.687237475571474e-09,2.6644637734885314e-09,2.0137154604791977e-09,1.406310899252738e-09,8.973610251860999e-10,6.020369752362904e-10,3.9208001475394134e-10,2.831771545903138e-10,1.8941051197062848e-10,1.0721711801084019e-10,7.230084754828457e-11,4.158002329612619e-11,2.6478767922580504e-11,1.702958168027055e-11,8.577755335384498e-12,5.12972084555035e-12,2.3505612081959276e-12,1.2424956232704886e-12
0.0,71,71.0,0.0,30.0,0.0,0.0,0.0,0.0,-13.0,0.0,2.0,0.0,0.0,0.0,1.7887774578292223e-10,1.1967097074778874e-10,6.60177955381187e-11,4.738178887234954e-11,2.4304390917270207e-11,1.4280985479513733e-11,9.890024676529927e-12,4.909146395472078e-12,2.642835517939122e-12,1.2434406305816384e-12,1.5639828371083726e-12,6.752631978586607e-13,6.440659524031299e-13,3.135739707450874e-13,1.8282441036614647e-13,2.049098187863974e-13,4.59184147704639e-15,7.815757176923802e-09,5.801796829205303e-09,5.002378950358669e-09,3.7211536027321065e-09,2.5225479282716365e-09,1.8603384489301049e-09,1.2877783927926833e-09,9.499391326313364e-10,6.712222810316019e-10,4.081696905190266e-10,2.9014633181670536e-10,1.7887774578292223e-10,1.1967097074778874e-10,6.60177955381187e-11,4.738178887234954e-11,2.4304390917270207e-11,1.4280985479513733e-11,9.890024676529927e-12,4.909146395472078e-12,2.642835517939122e-12,1.2434406305816384e-12
0.0,72,72.0,0.0,30.0,0.0,0.0,0.0,0.0,-13.0,0.0,2.0,0.0,0.0,0.0,1.7558904674182122e-10,1.0449365278613574e-10,6.73530438741416e-11,4.527880515399528e-11,2.8816072297889537e-11,1.5954482140951608e-11,8.426811271614741e-12,5.4604329474116154e-12,2.5667978400484476e-12,1.4474446997844773e-12,1.2472415564800583e-12,7.528248190241256e-13,3.1279487208439237e-13,3.331306684355617e-13,2.5869280820433136e-13,-2.2952559490512088e-14,-6.512427564050059e-14,7.839554792556666e-09,6.485265204669878e-09,5.200076537098833e-09,3.6136002004430144e-09,2.449598748181238e-09,1.8687820184804578e-09,1.3370942165971142e-09,9.542397349891974e-10,5.828697517185263e-10,4.0057614500423947e-10,2.8430847542190327e-10,1.7558904674182122e-10,1.0449365278613574e-10,6.73530438741416e-11,4.527880515399528e-11,2.8816072297889537e-11,1.5954482140951608e-11,8.426811271614741e-12,5.4604329474116154e-12,2.5667978400484476e-12,1.4474446997844773e-12
0.0,73,73.0,0.0,30.0,0.0,0.0,0.0,0.0,-13.0,0.0,2.0,0.0,0.0,0.0,1.797918960366562e-10,1.1746102404393396e-10,7.331049340423948e-11,4.338974466009855e-11,2.799895350598301e-11,1.5824914908456235e-11,8.855868250294273e-12,5.015291772642299e-12,2.7603847477888956e-12,1.3144451717081735e-12,1.2192390354133719e-12,7.800455138417124e-13,4.96710902746943e-13,3.4367220127798193e-13,2.617302643500168e-13,8.816920047739027e-14,1.5099504646989964e-13,7.58749917233524e-09,6.28953879289433e-09,4.976084943952335e-09,3.5079497199331266e-09,2.4069576013201234e-09,1.9179463253219656e-09,1.311654137356456e-09,8.720354873017266e-10,6.132593335790636e-10,4.1882813026405144e-10,2.736245886064124e-10,1.797918960366562e-10,1.1746102404393396e-10,7.331049340423948e-11,4.338974466009855e-11,2.799895350598301e-11,1.5824914908456235e-11,8.855868250294273e-12,5.015291772642299e-12,2.7603847477888956e-12,1.3144451717081735e-12
0.0,74,74.0,0.0,30.0,0.0,0.0,0.0,0.0,-13.0,0.0,2.0,0.0,0.0,0.0,1.746144443312079e-10,1.1792650857303304e-10,7.70181909377507e-11,4.402796927977558e-11,2.671813410786478e-11,1.6851092056077762e-11,8.499188047894497e-12,4.916098404293442e-12,2.8548056980263066e-12,1.2025938031204526e-12,1.3635130944244718e-12,7.918061106233379e-13,4.723345985835107e-13,2.808877241576744e-13,3.032835612218611e-13,2.0405469739377367e-13,1.0524960065090812e-13,7.7319455912479e-09,6.5955233945415925e-09,4.8769728843448865e-09,3.472569703170173e-09,2.895878660801571e-09,1.6429789912522291e-09,1.3059391492480956e-09,9.707072077475967e-10,5.95668654544489e-10,4.033236020050332e-10,2.6451742367021725e-10,1.746144443312079e-10,1.1792650857303304e-10,7.70181909377507e-11,4.402796927977558e-11,2.671813410786478e-11,1.6851092056077762e-11,8.499188047894497e-12,4.916098404293442e-12,2.8548056980263066e-12,1.2025938031204526e-12
0.0,75,75.0,0.0,30.0,0.0,0.0,0.0,0.0,-13.0,0.0,2.0,0.0,0.0,0.0,1.8216606996860405e-10,1.1333558388910653e-10,7.563443849530863e-11,4.523574176810707e-11,2.7085908542664122e-11,1.6210927096255098e-11,9.778231764148363e-12,4.473024271376563e-12,2.61229154799567e-12,1.41731716295718e-12,1.5880531812444697e-12,8.517497921685849e-13,5.419387576510808e-13,2.8107436366348116e-13,-3.549485558311578e-14,7.205817323194739e-15,1.270367303846913e-13,7.75860143796878e-09,6.443665397828577e-09,4.967409767513594e-09,3.281246352109285e-09,2.5395440796733626e-09,1.9244800471954185e-09,1.3189075781607421e-09,9.045364061126515e-10,6.493697452344245e-10,3.694710983130518e-10,2.687531033083986e-10,1.8216606996860405e-10,1.1333558388910653e-10,7.563443849530863e-11,4.523574176810707e-11,2.7085908542664122e-11,1.6210927096255098e-11,9.778231764148363e-12,4.473024271376563e-12,2.61229154799567e-12,1.41731716295718e-12
0.0,76,76.0,0.0,30.0,0.0,0.0,0.0,0.0,-13.0,0.0,2.0,0.0,0.0,0.0,1.8282583812927263e-10,1.1474025427841924e-10,6.982921896518888e-11,4.219945010332859e-11,2.8202246673022113e-11,1.5825019097405906e-11,9.708579995576468e-12,4.882710451580945e-12,2.773690274073979e-12,1.40582563089337e-12,1.2397877094336701e-12,8.511416661625367e-13,3.9542552076369476e-13,2.300531201948611e-13,1.5125303598304655e-13,1.5631032835355757e-13,1.530586107550878e-13,8.037221928357266e-09,6.450336885996628e-09,5.036091705873826e-09,4.118526256075909e-09,2.9444018949486496e-09,1.893906342014541e-09,1.318482962806572e-09,1.0082366612141775e-09,6.477080437694409e-10,4.3949436199850055e-10,2.7977889880925376e-10,1.8282583812927263e-10,1.1474025427841924e-10,6.982921896518888e-11,4.219945010332859e-11,2.8202246673022113e-11,1.5825019097405906e-11,9.708579995576468e-12,4.882710451580945e-12,2.773690274073979e-12,1.40582563089337e-12
0.0,77,77.0,0.0,30.0,0.0,0.0,0.0,0.0,-13.0,0.0,2.0,0.0,0.0,0.0,1.8502915882278391e-10,1.192104152136081e-10,7.605991479067034e-11,4.356058320766576e-11,2.6020835463911756e-11,1.5718670342506427e-11,9.220613126341117e-12,5.492130563592987e-12,2.750299142040752e-12,1.3910367833903218e-12,1.4054000398486688e-12,7.596322569834551e-13,5.228477080598529e-13,3.126704621860322e-13,5.6278720003493295e-14,2.407790115341766e-13,1.1670442265017741e-13,7.368573461449058e-09,5.8390221744613105e-09,4.817414858713778e-09,3.6958667366290673e-09,2.5193365642048834e-09,1.8341658073968767e-09,1.3624688357546963e-09,8.816634121207638e-10,6.237816298670597e-10,4.198862085361051e-10,2.89598853002386e-10,1.8502915882278391e-10,1.192104152136081e-10,7.605991479067034e-11,4.356058320766576e-11,2.6020835463911756e-11,1.5718670342506427e-11,9.220613126341117e-12,5.492130563592987e-12,2.750299142040752e-12,1.3910367833903218e-12
0.0,78,78.0,0.0,30.0,0.0,0.0,0.0,0.0,-13.0,0.0,2.0,0.0,0.0,0.0,1.8770587751908624e-10,1.1543637388528697e-10,7.435391205440268e-11,4.856230518616555e-11,2.8008994279125305e-11,1.7728129001680203e-11,8.335726962852534e-12,5.548289908447822e-12,2.7382157521691588e-12,1.566891598240104e-12,1.268249036340436e-12,7.490422044033852e-13,4.41660373896505e-13,3.24951599269038e-13,1.0266598098019543e-13,7.267060952542751e-14,-6.763933589255242e-14,7.981708546599276e-09,6.370498538072216e-09,5.0842058685267774e-09,3.787817361621351e-09,2.6689423453002592e-09,1.8526817207571925e-09,1.363466807385296e-09,9.55943197502745e-10,6.192234687210056e-10,4.302232065601925e-10,2.8441375598607496e-10,1.8770587751908624e-10,1.1543637388528697e-10,7.435391205440268e-11,4.856230518616555e-11,2.8008994279125305e-11,1.7728129001680203e-11,8.335726962852534e-12,5.548289908447822e-12,2.7382157521691588e-12,1.566891598240104e-12
0.0,79,79.0,0.0,30.0,0.0,0.0,0.0,0.0,-13.0,0.0,2.0,0.0,0.0,0.0,1.8929574335747545e-10,1.1937392217909517e-10,6.757986431495954e-11,4.6423707459594015e-11,2.885783026629987e-11,1.710943312795377e-11,9.496490386689318e-12,4.886512267589544e-12,2.6969751368414193e-12,1.2536764092075939e-12,1.1891245000022393e-12,5.740656311781434e-13,6.328020234513661e-13,4.391571017945922e-13,2.616454613754932e-13,4.6283190579428545e-14,-6.509492527134864e-14,8.242616077819792e-09,6.259632515794667e-09,5.101351145641162e-09,3.7243632041881262e-09,2.619668176933984e-09,1.993052446497821e-09,1.3285605620350937e-09,9.565196055899048e-10,5.98472037001848e-10,4.02794574143536e-10,2.764461730382681e-10,1.8929574335747545e-10,1.1937392217909517e-10,6.757986431495954e-11,4.6423707459594015e-11,2.885783026629987e-11,1.710943312795377e-11,9.496490386689318e-12,4.886512267589544e-12,2.6969751368414193e-12,1.2536764092075939e-12
0.0,80,80.0,0.0,30.0,0.0,0.0,0.0,0.0,-13.0,0.0,2.0,0.0,0.0,0.0,1.8134146536309197e-10,1.181999920492462e-10,7.059803975865225e-11,4.5293492157918833e-11,2.689303278351783e-11,1.463527374837394e-11,8.455026601680486e-12,5.255061899045289e-12,2.9409270512434887e-12,1.332095657128282e-12,1.4438759817491365e-12,8.297524069265154e-13,3.0747071677328553e-13,2.4521830770341235e-13,2.0148989971196626e-13,1.5856023716395436e-13,9.131802293679838e-14,8.335257935190754e-09,6.239516910293644e-09,5.259957484865982e-09,3.909037712114264e-09,2.8481326199703463e-09,2.147551943197851e-09,1.4528180492182225e-09,9.803365449325506e-10,6.000205447654711e-10,4.4663812127876247e-10,2.7723694978658815e-10,1.8134146536309197e-10,1.181999920492462e-10,7.059803975865225e-11,4.5293492157918833e-11,2.689303278351783e-11,1.463527374837394e-11,8.455026601680486e-12,5.255061899045289e-12,2.9409270512434887e-12,1.332095657128282e-12
0.0,81,81.0,0.0,30.0,0.0,0.0,0.0,0.0,-13.0,0.0,2.0,0.0,0.0,0.0,1.7928225086679542e-10,1.11932033485347e-10,7.688485571112596e-11,4.669702879322826e-11,2.895276071320775e-11,1.5388333044713088e-11,9.30431574392998e-12,5.625404720086264e-12,2.5739721141439195e-12,1.4909505704659518e-12,1.3019491562293032e-12,7.484498479381585e-13,5.197218276021593e-13,3.7413648442207493e-13,2.1003891479525e-13,1.1468597629447928e-13,8.237921772561391e-14,8.250929985874126e-09,6.604672301781017e-09,5.092960705734204e-09,3.824242058966244e-09,2.6364155650384303e-09,1.7959369965124868e-09,1.3119256272846854e-09,9.08612897577505e-10,6.081212228232515e-10,3.9850600225890594e-10,2.693749969124066e-10,1.7928225086679542e-10,1.11932033485347e-10,7.688485571112596e-11,4.669702879322826e-11,2.895276071320775e-11,1.5388333044713088e-11,9.30431574392998e-12,5.625404720086264e-12,2.5739721141439195e-12,1.4909505704659518e-12
0.0,82,82.0,0.0,30.0,0.0,0.0,0.0,0.0,-13.0,0.0,2.0,0.0,0.0,0.0,1.7533464502484141e-10,1.324026774248486e-10,7.036472778196791e-11,4.5373715970002606e-11,2.890837814315724e-11,1.4543444672675507e-11,8.553076547895859e-12,5.224646285305966e-12,2.812341409053711e-12,1.4991597863649411e-12,1.4305787435328827e-12,7.200324532657152e-13,3.756087849211438e-13,1.7210968308973175e-13,2.126838215588987e-13,1.5986624873248532e-13,1.8965323480182164e-13,7.467828752884022e-09,6.878225060716193e-09,4.73241425867707e-09,3.78884067351757e-09,2.708203230193478e-09,1.8973839486595124e-09,1.379199064807112e-09,9.41041019541032e-10,6.589154811337367e-10,4.1237497040766113e-10,2.7056545617018563e-10,1.7533464502484141e-10,1.324026774248486e-10,7.036472778196791e-11,4.5373715970002606e-11,2.890837814315724e-11,1.4543444672675507e-11,8.553076547895859e-12,5.224646285305966e-12,2.812341409053711e-12,1.4991597863649411e-12
0.0,83,83.0,0.0,30.0,0.0,0.0,0.0,0.0,-13.0,0.0,2.0,0.0,0.0,0.0,2.0403674777018732e-10,1.0816537460689286e-10,7.415500205141613e-11,4.744529270111769e-11,2.718889261852505e-11,1.5487407385011735e-11,9.642835004622495e-12,5.055967324605441e-12,2.9255946320458248e-12,1.305438136826591e-12,1.3626684383464368e-12,6.82428833695592e-13,4.2870606925258427e-13,2.8711854200636967e-13,7.016053842073636e-14,8.871950733242672e-14,2.5540098927211185e-13,8.565144446696426e-09,7.075777690738987e-09,5.3035173049698664e-09,3.8311990089121625e-09,2.981106732714106e-09,1.911763510674277e-09,1.3555457158909314e-09,9.10599393797302e-10,6.269557415653588e-10,4.255283268924673e-10,3.010941547341118e-10,2.0403674777018732e-10,1.0816537460689286e-10,7.415500205141613e-11,4.744529270111769e-11,2.718889261852505e-11,1.5487407385011735e-11,9.642835004622495e-12,5.055967324605441e-12,2.9255946320458248e-12,1.305438136826591e-12
0.0,84,84.0,0.0,30.0,0.0,0.0,0.0,0.0,-13.0,0.0,2.0,0.0,0.0,0.0,1.9588783736889838e-10,1.211634941126711e-10,7.316464356453715e-11,4.271290705109908e-11,2.796735653456529e-11,1.5576394791316758e-11,9.134863712992804e-12,4.8007181449078866e-12,2.491440739292448e-12,1.4112285620843712e-12,1.418839904364724e-12,8.281847612137806e-13,6.829297976009014e-13,2.0038794539170814e-13,1.1265648804949328e-13,1.3660332735285085e-13,1.8310162179476926e-13,9.044852112366949e-09,6.11977925967771e-09,5.094691040666904e-09,3.975655142262629e-09,2.908156531338836e-09,2.0389756202423505e-09,1.4132776595901008e-09,9.667998532535317e-10,5.883299961422369e-10,4.361337282352535e-10,2.497827074971724e-10,1.9588783736889838e-10,1.211634941126711e-10,7.316464356453715e-11,4.271290705109908e-11,2.796735653456529e-11,1.5576394791316758e-11,9.134863712992804e-12,4.8007181449078866e-12,2.491440739292448e-12,1.4112285620843712e-12
0.0,85,85.0,0.0,30.0,0.0,0.0,0.0,0.0,-13.0,0.0,2.0,0.0,0.0,0.0,1.656242234768936e-10,1.197358474146155e-10,7.406220850227986e-11,4.6558649318349126e-11,3.118810784232107e-11,1.571577612329466e-11,9.545007719856378e-12,5.493303095953192e-12,2.5399168182880955e-12,1.5555126486637249e-12,1.1649758171562903e-12,8.023958097020265e-13,3.177037739744981e-13,3.0405114112403185e-13,1.9290952806416059e-13,5.326962107613271e-14,7.407023506337328e-14,8.552047301666507e-09,6.914929270092656e-09,5.1961476993387805e-09,4.17518522115955e-09,2.8957714845378647e-09,1.9316651662561607e-09,1.3191190212390027e-09,9.25353296023476e-10,6.521437279987658e-10,4.5561726136079624e-10,2.918522038240763e-10,1.656242234768936e-10,1.197358474146155e-10,7.406220850227986e-11,4.6558649318349126e-11,3.118810784232107e-11,1.571577612329466e-11,9.545007719856378e-12,5.493303095953192e-12,2.5399168182880955e-12,1.5555126486637249e-12
0.0,86,86.0,0.0,30.0,0.0,0.0,0.0,0.0,-13.0,0.0,2.0,0.0,0.0,0.0,1.965622191979649e-10,1.1693007199914084e-10,7.860454643103885e-11,4.848662930427847e-11,2.8248780788487207e-11,1.6036773756115483e-11,1.0016225548437519e-11,5.468327692388948e-12,3.113787955845398e-12,1.338097441718322e-12,1.2425837950720989e-12,6.27509047052926e-13,5.730132477351751e-13,2.7785634634414917e-13,3.293035427719365e-13,2.819089057661299e-14,1.8198731183859106e-14,8.661109972949918e-09,7.071806310714563e-09,5.382585244814358e-09,4.277453144256065e-09,2.7075500527537494e-09,1.9819842657487255e-09,1.4856007660224384e-09,8.792870624832969e-10,5.939879468663192e-10,4.3939465757226993e-10,2.6924219132242205e-10,1.965622191979649e-10,1.1693007199914084e-10,7.860454643103885e-11,4.848662930427847e-11,2.8248780788487207e-11,1.6036773756115483e-11,1.0016225548437519e-11,5.468327692388948e-12,3.113787955845398e-12,1.338097441718322e-12
0.0,87,87.0,0.0,30.0,0.0,0.0,0.0,0.0,-13.0,0.0,2.0,0.0,0.0,0.0,1.7251280310654684e-10,1.2665879355519791e-10,6.565525070304958e-11,4.452975016905155e-11,2.6034788614809368e-11,1.652317962539327e-11,9.4854480380431e-12,5.216772324735405e-12,3.0128159187098235e-12,1.4439060834337098e-12,1.2803484745931003e-12,6.755006012295879e-13,4.2212025879858524e-13,2.1824656195298955e-13,1.8413744253207613e-13,-7.767921795991984e-15,1.5688415481663692e-13,8.254282373221715e-09,6.095500702428063e-09,5.133346976833271e-09,4.19088394526863e-09,2.9366999938331196e-09,1.9857860397360187e-09,1.4550453851967545e-09,1.007815830948791e-09,6.589135926414146e-10,4.3829713805087116e-10,3.0740817169819357e-10,1.7251280310654684e-10,1.2665879355519791e-10,6.565525070304958e-11,4.452975016905155e-11,2.6034788614809368e-11,1.652317962539327e-11,9.4854480380431e-12,5.216772324735405e-12,3.0128159187098235e-12,1.4439060834337098e-12
0.0,88,88.0,0.0,30.0,0.0,0.0,0.0,0.0,-13.0,0.0,2.0,0.0,0.0,0.0,1.77189488032726e-10,1.2291631337568727e-10,7.407938823747864e-11,4.749339752241609e-11,2.7821581051231068e-11,1.670712554461385e-11,8.83764873387105e-12,5.640546212571175e-12,3.023348830299319e-12,1.4907680231971045e-12,1.3469295124215949e-12,7.519866296703483e-13,5.26027875532629e-13,3.5717368311269254e-13,6.441529288822237e-14,1.6226854864905613e-13,-7.328179521741083e-14,8.315326074859485e-09,6.629934358474723e-09,5.454778163072007e-09,3.7224274194792e-09,2.927249802289097e-09,2.050458603408011e-09,1.4427668274030939e-09,8.740981523879448e-10,6.162388911636397e-10,4.29109564123328e-10,2.9213743077443644e-10,1.77189488032726e-10,1.2291631337568727e-10,7.407938823747864e-11,4.749339752241609e-11,2.7821581051231068e-11,1.670712554461385e-11,8.83764873387105e-12,5.640546212571175e-12,3.023348830299319e-12,1.4907680231971045e-12
0.0,89,89.0,0.0,30.0,0.0,0.0,0.0,0.0,-13.0,0.0,2.0,0.0,0.0,0.0,1.673611610051598e-10,1.1927602026917473e-10,7.220438246067738e-11,4.635178035545326e-11,2.623715236005341e-11,1.5976096892116554e-11,9.879547587324859e-12,5.7405365009187405e-12,2.740795707892639e-12,1.5444689639618448e-12,1.4299548085213832e-12,7.327133853759535e-13,3.1888191192251797e-13,1.8808065524165398e-13,2.4401613330564363e-13,8.899114290785766e-14,4.116595474539324e-14,8.331165193574344e-09,6.635292034553826e-09,5.775041047498291e-09,4.149576278196701e-09,2.9959285422586457e-09,1.9864120674894434e-09,1.4302850069670947e-09,9.672479232278335e-10,6.919987735167298e-10,4.4583536169326657e-10,2.748028631760228e-10,1.673611610051598e-10,1.1927602026917473e-10,7.220438246067738e-11,4.635178035545326e-11,2.623715236005341e-11,1.5976096892116554e-11,9.879547587324859e-12,5.7405365009187405e-12,2.740795707892639e-12,1.5444689639618448e-12
0.0,90,90.0,0.0,30.0,0.0,0.0,0.0,0.0,-13.0,0.0,2.0,0.0,0.0,0.0,1.8486688410913484e-10,1.2521790593317236e-10,7.63278753437961e-11,4.389590428699341e-11,2.8277670536067544e-11,1.6141683817271145e-11,9.72718885045709e-12,5.300133929094636e-12,3.28766929097553e-12,1.6802405167113566e-12,1.2203128203288938e-12,7.746538320241264e-13,4.878111985167542e-13,2.7701094679054356e-13,4.4544373159000986e-13,-3.0579450870037714e-14,1.2368805089659051e-13,8.479374136949504e-09,7.076177890849088e-09,5.363939646690647e-09,4.02838003150331e-09,3.082475310759349e-09,2.041500332995542e-09,1.4265805855476898e-09,9.694744007313428e-10,6.580424396850218e-10,4.733282231964222e-10,2.8765057916236407e-10,1.8486688410913484e-10,1.2521790593317236e-10,7.63278753437961e-11,4.389590428699341e-11,2.8277670536067544e-11,1.6141683817271145e-11,9.72718885045709e-12,5.300133929094636e-12,3.28766929097553e-12,1.6802405167113566e-12
0.0,91,91.0,0.0,30.0,0.0,0.0,0.0,0.0,-13.0,0.0,2.0,0.0,0.0,0.0,1.9237994052105014e-10,1.1317928385624077e-10,7.935534454221728e-11,4.526118492388458e-11,2.6902108526475503e-11,1.6615585997969253e-11,9.258269187924284e-12,5.316806911981811e-12,2.7177162626302084e-12,1.6082319269517319e-12,1.4306000805595116e-12,5.944788070699113e-13,4.5073873354693266e-13,2.8506065694352624e-13,2.125785900283278e-13,1.9690282392442914e-13,-3.2058099157019557e-14,8.296984388398244e-09,6.472305111853054e-09,5.5402296331466135e-09,3.955427745188133e-09,3.343220272535496e-09,2.1119841643960124e-09,1.4336414344687816e-09,9.717059894322268e-10,6.437655059717493e-10,4.013684846713133e-10,2.920695572067469e-10,1.9237994052105014e-10,1.1317928385624077e-10,7.935534454221728e-11,4.526118492388458e-11,2.6902108526475503e-11,1.6615585997969253e-11,9.258269187924284e-12,5.316806911981811e-12,2.7177162626302084e-12,1.6082319269517319e-12
0.0,92,92.0,0.0,30.0,0.0,0.0,0.0,0.0,-13.0,0.0,2.0,0.0,0.0,0.0,1.8128160673444478e-10,1.1680529562485923e-10,7.467051029656096e-11,4.667297543569847e-11,2.938606648490463e-11,1.4635241143002952e-11,9.870597944820738e-12,5.694503547448687e-12,2.859903108242941e-12,1.467117759206233e-12,1.3434320094543899e-12,7.183531366986949e-13,4.802332427304969e-13,4.3080627108284206e-13,1.4274412488298917e-13,-8.704738199209738e-14,1.2225655363180053e-13,8.264519367293234e-09,7.108870508069906e-09,5.1971453860967336e-09,4.0495547109572755e-09,2.7287257946914574e-09,1.9823632644938206e-09,1.4548771016060927e-09,9.712113500290727e-10,6.993646250422525e-10,4.4107222421348637e-10,3.004103793319335e-10,1.8128160673444478e-10,1.1680529562485923e-10,7.467051029656096e-11,4.667297543569847e-11,2.938606648490463e-11,1.4635241143002952e-11,9.870597944820738e-12,5.694503547448687e-12,2.859903108242941e-12,1.467117759206233e-12
0.0,93,93.0,0.0,30.0,0.0,0.0,0.0,0.0,-13.0,0.0,2.0,0.0,0.0,0.0,1.7598760232408815e-10,1.2871539503991137e-10,7.086611212641994e-11,4.4214507115804975e-11,2.618853641998409e-11,1.5676511621489012e-11,9.632073657121314e-12,5.084379424988445e-12,3.253678405781943e-12,1.8338734893582957e-12,1.2136666054451935e-12,7.325171061627602e-13,6.267943312525112e-13,1.369828841261068e-13,2.0244863553343096e-13,-8.82905005674686e-15,-5.865948306480746e-14,8.879713609458922e-09,7.51605916041265e-09,5.149441900244232e-09,3.820389190458534e-09,2.6950507438801307e-09,2.1186103641042973e-09,1.4676656359914188e-09,1.0602246135308156e-09,7.777992622003597e-10,4.751074210497997e-10,2.9929337515412303e-10,1.7598760232408815e-10,1.2871539503991137e-10,7.086611212641994e-11,4.4214507115804975e-11,2.618853641998409e-11,1.5676511621489012e-11,9.632073657121314e-12,5.084379424988445e-12,3.253678405781943e-12,1.8338734893582957e-12
0.0,94,94.0,0.0,30.0,0.0,0.0,0.0,0.0,-13.0,0.0,2.0,0.0,0.0,0.0,1.8970612998212554e-10,1.2614066494713435e-10,7.518966532818774e-11,4.779246364608512e-11,2.7792415160870244e-11,1.610655005949556e-11,1.0029994595757673e-11,5.446369885912128e-12,3.036888896021466e-12,1.7430369317538803e-12,1.2935117654580746e-12,7.022460530416433e-13,3.710510873005191e-13,1.2933602409417905e-13,1.7935302474865838e-13,-1.3129141668458353e-13,8.660444404927666e-14,8.594242243495127e-09,7.19397322099236e-09,6.142689317879934e-09,3.895029913554033e-09,2.945550039320045e-09,2.015737090838025e-09,1.3612896830367723e-09,9.735832609747512e-10,6.51517298624036e-10,4.765929087924779e-10,2.9221026875615707e-10,1.8970612998212554e-10,1.2614066494713435e-10,7.518966532818774e-11,4.779246364608512e-11,2.7792415160870244e-11,1.610655005949556e-11,1.0029994595757673e-11,5.446369885912128e-12,3.036888896021466e-12,1.7430369317538803e-12
0.0,95,95.0,0.0,30.0,0.0,0.0,0.0,0.0,-13.0,0.0,2.0,0.0,0.0,0.0,1.8238289328558124e-10,1.3245493226151216e-10,7.99911231592233e-11,4.9596008209840165e-11,2.740208454206906e-11,1.7575997442744964e-11,9.026992934611388e-12,5.537404354580528e-12,2.7654464952008044e-12,1.54751342180259e-12,1.3144601068626612e-12,4.795898756950691e-13,2.7150439445356024e-13,1.477280994805243e-13,4.543232466276948e-15,1.5525642803059329e-13,-1.561200553739566e-13,9.016032122602945e-09,7.463698097212355e-09,5.371578141667257e-09,4.124074591879051e-09,3.1481199849776094e-09,1.8671574688825167e-09,1.431412041501219e-09,9.619238394370526e-10,7.246615397191851e-10,4.2967001456265316e-10,3.037940612067898e-10,1.8238289328558124e-10,1.3245493226151216e-10,7.99911231592233e-11,4.9596008209840165e-11,2.740208454206906e-11,1.7575997442744964e-11,9.026992934611388e-12,5.537404354580528e-12,2.7654464952008044e-12,1.54751342180259e-12
0.0,96,96.0,0.0,30.0,0.0,0.0,0.0,0.0,-13.0,0.0,2.0,0.0,0.0,0.0,1.9267949744913246e-10,1.19571264732515e-10,7.782291466336082e-11,4.619127903935103e-11,2.6762859802939386e-11,1.753488149736251e-11,9.87982387020261e-12,5.19828596436846e-12,2.8373575838984877e-12,1.618488036956315e-12,1.3290764020483177e-12,5.393837739643593e-13,5.674839714069147e-13,2.5172986106547414e-13,2.080854052108387e-13,1.0101543157266758e-13,1.3452150190141585e-13,8.558481368498324e-09,7.557719683918155e-09,5.903793603418093e-09,3.71062885650203e-09,2.9046922281718945e-09,2.0623028819544928e-09,1.3902278881229826e-09,1.0345638128781518e-09,6.686149272945951e-10,4.41692902010004e-10,2.7938579957619237e-10,1.9267949744913246e-10,1.19571264732515e-10,7.782291466336082e-11,4.619127903935103e-11,2.6762859802939386e-11,1.753488149736251e-11,9.87982387020261e-12,5.19828596436846e-12,2.8373575838984877e-12,1.618488036956315e-12
0.0,97,97.0,0.0,30.0,0.0,0.0,0.0,0.0,-13.0,0.0,2.0,0.0,0.0,0.0,1.8889249347992992e-10,1.189688225418875e-10,8.465691580085019e-11,4.222815479558873e-11,2.7565537019036263e-11,1.7126071605849415e-11,1.018844701904585e-11,5.952424873312464e-12,2.8940537508284362e-12,1.5085832849047472e-12,1.4181814435106665e-12,4.756072589185375e-13,6.128011685704362e-13,2.7877233750964866e-13,1.7708163195218978e-13,2.7485801313599962e-14,1.9908182309162697e-13,8.684724176672973e-09,7.132581132020779e-09,5.583211265642861e-09,4.19215962934366e-09,2.961823193793371e-09,2.2034815872184168e-09,1.6614900064841561e-09,9.770926405352088e-10,6.498468987482374e-10,4.792371446571071e-10,3.1142118567592004e-10,1.8889249347992992e-10,1.189688225418875e-10,8.465691580085019e-11,4.222815479558873e-11,2.7565537019036263e-11,1.7126071605849415e-11,1.018844701904585e-11,5.952424873312464e-12,2.8940537508284362e-12,1.5085832849047472e-12
0.0,98,98.0,0.0,30.0,0.0,0.0,0.0,0.0,-13.0,0.0,2.0,0.0,0.0,0.0,1.867012294391996e-10,1.1444510281555334e-10,7.5112683656842e-11,5.004042056839872e-11,2.651010406682958e-11,1.5971625660601425e-11,9.00802827521682e-12,5.718057245917019e-12,3.2709031613205664e-12,1.5167092035444902e-12,1.1400117146162583e-12,7.905299450348449e-13,3.844473409592365e-13,1.5979812966409162e-13,1.3663684044376309e-13,1.8516268661099882e-13,7.527896112331214e-14,9.340442302578654e-09,6.890803848667299e-09,5.386366375011631e-09,4.376337609819554e-09,3.140721304633058e-09,2.1578753814352267e-09,1.422416805889593e-09,9.78224388403263e-10,6.665385962245276e-10,4.795239306517376e-10,2.8724938238174285e-10,1.867012294391996e-10,1.1444510281555334e-10,7.5112683656842e-11,5.004042056839872e-11,2.651010406682958e-11,1.5971625660601425e-11,9.00802827521682e-12,5.718057245917019e-12,3.2709031613205664e-12,1.5167092035444902e-12
0.0,99,99.0,0.0,30.0,0.0,0.0,0.0,0.0,-13.0,0.0,2.0,0.0,0.0,0.0,1.9384198943083757e-10,1.2505119444701533e-10,7.908170076950973e-11,4.3693599079746004e-11,2.757802561796592e-11,1.634033167285702e-11,1.0369090144484643e-11,5.631354864668575e-12,3.219882557900671e-12,1.6430647933274167e-12,1.5438941570597304e-12,7.976596620917702e-13,5.107984003917849e-13,3.4846332334665146e-13,4.861345650990889e-14,1.8609215287441072e-13,1.2169100618975408e-13,8.983741382247177e-09,7.159325203349417e-09,6.6077899460502e-09,4.308476533940302e-09,2.9794276041223427e-09,2.082277386311233e-09,1.377922717174813e-09,1.0638314394046033e-09,7.287002477742426e-10,4.729183081752864e-10,3.019253281018885e-10,1.9384198943083757e-10,1.2505119444701533e-10,7.908170076950973e-11,4.3693599079746004e-11,2.757802561796592e-11,1.634033167285702e-11,1.0369090144484643e-11,5.631354864668575e-12,3.219882557900671e-12,1.6430647933274167e-12
