Fiducial,Line_number,Easting,Northing,Height,Elevation,tx_pitch,tx_roll,tx_yaw,txrx_dx,txrx_dy,txrx_dz,rx_pitch,rx_roll,rx_yaw,S0Z_time_3.834e-04,S0Z_time_3.924e-04,S0Z_time_4.039e-04,S0Z_time_4.184e-04,S0Z_time_4.364e-04,S0Z_time_4.589e-04,S0Z_time_4.869e-04,S0Z_time_5.224e-04,S0Z_time_5.679e-04,S0Z_time_6.249e-04,S0Z_time_6.969e-04,S0Z_time_7.879e-04,S0Z_time_9.019e-04,S0Z_time_1.046e-03,S0Z_time_1.227e-03,S0Z_time_1.456e-03,S0Z_time_1.744e-03,S0Z_time_2.109e-03,S0Z_time_2.567e-03,S0Z_time_3.145e-03,S0Z_time_3.864e-03,S0Z_time_4.745e-03,S0Z_time_5.821e-03,S0Z_time_7.140e-03,S0Z_time_8.754e-03,S0Z_time_1.073e-02,S1Z_time_2.057e-05,S1Z_time_2.607e-05,S1Z_time_3.307e-05,S1Z_time_4.206e-05,S1Z_time_5.356e-05,S1Z_time_6.807e-05,S1Z_time_8.607e-05,S1Z_time_1.086e-04,S1Z_time_1.366e-04,S1Z_time_1.721e-04,S1Z_time_2.176e-04,S1Z_time_2.746e-04,S1Z_time_3.466e-04,S1Z_time_4.376e-04,S1Z_time_5.516e-04,S1Z_time_6.956e-04,S1Z_time_8.771e-04,S1Z_time_1.106e-03,S1Z_time_1.394e-03
0.0,0.0,0.0,0.0,30.0,0.0,0.0,0.0,0.0,-13.0,0.0,2.0,0.0,0.0,0.0,1.4422711649808178e-11,1.3552167499042474e-11,1.2805156387444131e-11,1.2336074423756652e-11,1.1134455090528945e-11,1.0084319933802128e-11,9.373123900740636e-12,8.495942262697539e-12,7.962019271397151e-12,7.112488738264987e-12,5.926265810960232e-12,5.08046586978644e-12,3.883850122874784e-12,3.3585212536610182e-12,3.012413066287108e-12,2.3231017651033735e-12,1.6763807072911427e-12,1.2237812426611223e-12,9.741774521673414e-13,7.191264768449582e-13,4.949285349942013e-13,3.38985528711352e-13,2.3778937190081974e-13,1.5534096116031362e-13,1.0345393880165609e-13,6.296569651425763e-14,1.3885821391430193e-10,7.000550152641209e-11,4.762834936843474e-11,3.696093376003454e-11,2.902385683338181e-11,2.2229537248631808e-11,1.8165700227126454e-11,1.455023343985966e-11,1.0494566306016926e-11,9.008427047543516e-12,6.774795845784137e-12,5.177720825464936e-12,3.8670030176280385e-12,2.9832115401838318e-12,2.1601648036194712e-12,1.5745863942841864e-12,1.1047351942344385e-12,7.851336029063054e-13,5.131083773312061e-13
1.0,0.0,1.0,0.0,30.0,0.0,0.0,0.0,0.0,-13.0,0.0,2.0,0.0,0.0,0.0,1.0963441355713128e-11,1.0791980647182306e-11,1.0929925762460232e-11,1.0142206560960448e-11,9.646798494752307e-12,9.177842155522254e-12,7.992595357730354e-12,7.30153215225816e-12,6.4135576112819105e-12,6.048086809911272e-12,4.965144357714533e-12,4.222814715638415e-12,3.5529225461136543e-12,3.050715653642496e-12,2.4328120358079067e-12,1.881682256222092e-12,1.3494631690784022e-12,1.1211576458039978e-12,8.418448270424748e-13,6.095055200809208e-13,4.225327935011536e-13,2.9984540884193587e-13,1.954261042706783e-13,1.3911061472350084e-13,8.808517947026244e-14,5.6438676907253846e-14,2.035229027226155e-10,7.978870055326542e-11,4.87920706125714e-11,3.2998675164571195e-11,2.5809690305219443e-11,1.99563739582065e-11,1.5608867589510413e-11,1.2931702498444933e-11,9.656629909819899e-12,7.934069429013105e-12,5.808660744985287e-12,4.2903557718994265e-12,3.402102410195362e-12,2.5852807987619943e-12,1.8549799771566523e-12,1.3337959219090113e-12,9.677713010353855e-13,6.48339693057798e-13,4.3002199216307e-13
2.0,0.0,2.0,0.0,30.0,0.0,0.0,0.0,0.0,-13.0,0.0,2.0,0.0,0.0,0.0,1.0545377614681637e-11,9.563120456184266e-12,8.894384868040144e-12,8.524190449443453e-12,8.243686748211729e-12,7.632951938589528e-12,6.680481184142202e-12,6.083965584536451e-12,5.39559104519324e-12,4.845403504058759e-12,4.002110974106591e-12,3.742972503153625e-12,3.0123250614677702e-12,2.5046828733599676e-12,2.0025227498545226e-12,1.6082548991221376e-12,1.3253097734658671e-12,1.0272989206602618e-12,7.582376470562551e-13,5.59540962443369e-13,3.7654448433822453e-13,2.587048565341423e-13,1.7960831464009034e-13,1.2608582703272253e-13,8.077788608935003e-14,5.233184848389773e-14,3.1052729407524615e-10,1.2304779047074301e-10,6.35218604106781e-11,3.3148212353227394e-11,2.326961340620254e-11,1.6700345977114398e-11,1.3230696147161915e-11,1.061661863109766e-11,7.962647005413885e-12,6.332770549973507e-12,4.6382030512307594e-12,3.867652455663839e-12,2.764661961740509e-12,2.034764149481365e-12,1.584197465295529e-12,1.1430139872992977e-12,7.704594147897721e-13,5.853777889159064e-13,3.8147951139336545e-13
3.0,0.0,3.0,0.0,30.0,0.0,0.0,0.0,0.0,-13.0,0.0,2.0,0.0,0.0,0.0,8.825287179040665e-12,8.491568754504887e-12,7.910102249982746e-12,7.502623235282856e-12,6.8759387110426224e-12,6.32982236537477e-12,5.792861473457152e-12,5.32655721025983e-12,4.841315080286627e-12,4.193657404331202e-12,3.608287311735606e-12,3.1575793128209178e-12,2.653579968194412e-12,2.111871852136833e-12,1.848666849941454e-12,1.3984686616842317e-12,1.0842066230279077e-12,8.440060488709514e-13,6.478802020131595e-13,4.589751271580969e-13,3.4369875319794944e-13,2.447112947277818e-13,1.576750267453478e-13,1.0889898317124475e-13,7.499535487265086e-14,4.686756295609596e-14,3.9878661981776075e-10,1.867158505714566e-10,7.982577020887864e-11,4.054396667468449e-11,2.2950653177796328e-11,1.612530808620804e-11,1.171467825993655e-11,8.795140382915432e-12,6.926433637594216e-12,5.285012273868293e-12,4.280271868267309e-12,3.2848412789589727e-12,2.292297401947728e-12,1.873477025099342e-12,1.3331458404066659e-12,9.81849138994955e-13,7.178947760329599e-13,4.945125469145466e-13,3.441013760054051e-13
4.0,0.0,4.0,0.0,30.0,0.0,0.0,0.0,0.0,-13.0,0.0,2.0,0.0,0.0,0.0,7.636348053554123e-12,7.405040340360178e-12,6.643932243170389e-12,6.347970102663583e-12,6.077349187754181e-12,5.1731632209785665e-12,5.1991210116001195e-12,4.702254310015592e-12,4.26735702604643e-12,3.543911464090316e-12,3.2476544068770256e-12,2.74227361243655e-12,2.2743360561150037e-12,1.9573391838503408e-12,1.5159514623556845e-12,1.2769779739131882e-12,9.756793242020199e-13,7.374953861563625e-13,5.626833652218587e-13,4.342991903960881e-13,2.959179288152903e-13,1.9815187540230386e-13,1.4981678784230369e-13,1.0240795063179325e-13,6.691530422737403e-14,4.459187344267766e-14,4.5406404402842375e-10,2.3141651126559924e-10,1.0481175642873025e-10,5.2737931749875174e-11,2.6050158755662875e-11,1.474869510844453e-11,1.054870281761841e-11,7.949455594824764e-12,6.473692045305541e-12,4.776510643919454e-12,3.747080312274624e-12,2.689906925050232e-12,2.2623611771716928e-12,1.5247543526852284e-12,1.0781294447880408e-12,8.562136200003474e-13,5.931414893177881e-13,4.091107199989126e-13,2.9549928670024246e-13
5.0,0.0,5.0,0.0,30.0,0.0,0.0,0.0,0.0,-13.0,0.0,2.0,0.0,0.0,0.0,6.9528875171110756e-12,6.582274583068255e-12,5.791431743587471e-12,5.359190351911954e-12,5.4104092060626096e-12,4.8633078074396606e-12,4.269260378388996e-12,4.080526867788727e-12,3.684670214284972e-12,3.2643118459003924e-12,2.7524250713459694e-12,2.3660788464982566e-12,1.96846621295137e-12,1.559287355318618e-12,1.3415383276453252e-12,1.09950455450777e-12,8.908162041958102e-13,6.603395659608477e-13,5.17355990447972e-13,3.5068042257115697e-13,2.6419181802259214e-13,1.8494760437709862e-13,1.348970687382977e-13,9.415980599787316e-14,5.842822652401615e-14,3.816745412126274e-14,5.137688400020041e-10,2.7490629990702784e-10,1.417262781157027e-10,7.234788340082268e-11,3.306612485405469e-11,1.638330881288539e-11,1.0353858530304286e-11,7.350998161213162e-12,5.7225758262382995e-12,4.3588912611820825e-12,3.233460811121793e-12,2.4030372179624518e-12,1.8679357334771135e-12,1.3291722021249088e-12,9.915916259368646e-13,7.093299212868233e-13,5.345397305482634e-13,3.309745926759141e-13,2.636118621609628e-13
6.0,0.0,6.0,0.0,30.0,0.0,0.0,0.0,0.0,-13.0,0.0,2.0,0.0,0.0,0.0,6.330123573242444e-12,5.908620002016358e-12,5.441194892010214e-12,4.945796882313429e-12,4.4493346964771875e-12,4.097309472858154e-12,3.931505276718053e-12,3.5445261405533315e-12,2.9867397524830905e-12,2.6178478691652996e-12,2.2605694761763018e-12,2.1813143921344755e-12,1.805694147887435e-12,1.4451816583840356e-12,1.2074058897212843e-12,9.653612098599955e-13,7.159692412643127e-13,5.900770321081839e-13,4.192806518561102e-13,3.2211806048595737e-13,2.357515119174513e-13,1.684714314516907e-13,1.1680786617096552e-13,7.966038185968115e-14,5.5984459416790384e-14,3.6250681420402575e-14,5.612759234159478e-10,3.186570038095264e-10,1.6359647175461422e-10,8.098102331330536e-11,3.945795987988956e-11,1.823226341063632e-11,1.0776472359446246e-11,6.981888654387495e-12,4.933167662945253e-12,3.5758171235554595e-12,2.8542260560004495e-12,2.1723453973800148e-12,1.6145249623311238e-12,1.1757672438024e-12,8.839714914421903e-13,5.940351196465177e-13,4.4950413278959195e-13,3.3493649085907715e-13,2.1119441455355522e-13
7.0,0.0,7.0,0.0,30.0,0.0,0.0,0.0,0.0,-13.0,0.0,2.0,0.0,0.0,0.0,5.8294830026364504e-12,5.4256479407591066e-12,5.085869043995594e-12,4.501619222442787e-12,4.3085445500957655e-12,3.684120081115736e-12,3.2131546413841713e-12,3.042491997283886e-12,2.784834519389618e-12,2.537813205944718e-12,2.1106707018661424e-12,1.836160301788108e-12,1.506625965395305e-12,1.3058687038115982e-12,1.0375589277755743e-12,8.897068437772741e-13,6.621475257080733e-13,4.99870124561325e-13,4.0219970903448964e-13,2.923612124703484e-13,2.1514879275275762e-13,1.550946853072199e-13,1.0595717432243103e-13,6.903926819304398e-14,5.1568686704673636e-14,3.242745385380862e-14,6.159303518879468e-10,3.44405104116051e-10,1.9431985165612223e-10,9.58494996104352e-11,4.7992980647801005e-11,2.285046677103992e-11,1.2057133902550222e-11,7.5208194991123e-12,4.850395407506355e-12,3.3974668427492517e-12,2.386763883261913e-12,1.8571659819901127e-12,1.3684560125390436e-12,1.0349559066735437e-12,7.906666077853122e-13,5.758355167880857e-13,3.63575952033605e-13,2.676013174922798e-13,1.9411400946772095e-13
8.0,0.0,8.0,0.0,30.0,0.0,0.0,0.0,0.0,-13.0,0.0,2.0,0.0,0.0,0.0,5.7469072405268475e-12,5.3018544589135075e-12,4.529123329415411e-12,4.097415174017632e-12,3.91091377923072e-12,3.3591377454267035e-12,3.0734875100136096e-12,2.785159499981941e-12,2.418319025102693e-12,2.200663874222377e-12,1.833828507683211e-12,1.4471231964177298e-12,1.3385053386274949e-12,1.1286160061788138e-12,9.25611948060553e-13,7.194782782388495e-13,6.157807516367922e-13,4.465233795995377e-13,3.6558769430650165e-13,2.593717367300176e-13,1.9175917778100448e-13,1.372307377980181e-13,9.789840448030179e-14,6.474391331916687e-14,4.4666212392632665e-14,3.081263025371534e-14,6.044700685403005e-10,3.6365502276020896e-10,2.1628876105629257e-10,1.1647789756522475e-10,5.733922861611215e-11,2.6928723003649964e-11,1.4003420331454241e-11,7.214993769337418e-12,4.468750806338811e-12,3.1694015931016937e-12,2.206839805611381e-12,1.64136736499802e-12,1.2460831261736973e-12,9.093348927028452e-13,6.704597159298189e-13,4.5239980567613003e-13,3.712233811230145e-13,2.0751366294057188e-13,1.7193512091323326e-13
9.0,0.0,9.0,0.0,30.0,0.0,0.0,0.0,0.0,-13.0,0.0,2.0,0.0,0.0,0.0,5.7235355751419426e-12,4.9518829378372794e-12,4.309612533356192e-12,3.862782698502839e-12,3.3669329994835164e-12,3.1159506925338156e-12,2.6993887898179107e-12,2.450360333473442e-12,2.2254133503577005e-12,1.916069224758155e-12,1.7110689688830962e-12,1.4074100538949063e-12,1.1677539429265274e-12,1.0595109648916614e-12,8.295091271771738e-13,6.341940165903656e-13,5.316198483530758e-13,4.106264137669509e-13,3.220222397515365e-13,2.439640528465715e-13,1.7583834310498808e-13,1.2545606054394805e-13,8.720028372777263e-14,6.061654110354348e-14,3.96668797577804e-14,2.8181015675318325e-14,6.769503579393243e-10,4.0561756210654016e-10,2.4046242616960657e-10,1.314414100643267e-10,6.5403693177946e-11,3.4769400648479165e-11,1.6666935868405236e-11,8.221592900353775e-12,4.868409116333932e-12,2.8508363511559105e-12,2.102901869004901e-12,1.5688167550313195e-12,1.1641738089208885e-12,8.625073002286523e-13,6.250787865336776e-13,4.2801291119948384e-13,3.298706901173876e-13,2.1185678913738328e-13,1.4565240363478652e-13
10.0,0.0,10.0,0.0,30.0,0.0,0.0,0.0,0.0,-13.0,0.0,2.0,0.0,0.0,0.0,5.70852957558945e-12,5.230939487568637e-12,4.267786923632278e-12,3.670845819588183e-12,3.206392050692188e-12,2.9057955833322734e-12,2.2395588702098483e-12,2.2218747455820724e-12,1.9383043279323524e-12,1.7232232027650932e-12,1.505440424545408e-12,1.2685561501339261e-12,1.0576882354864452e-12,9.026537146136243e-13,7.665398060399202e-13,5.657684039723879e-13,5.036397621733163e-13,3.754317290541758e-13,2.872110950161123e-13,2.0231810371102955e-13,1.512243293634635e-13,1.047927516071377e-13,7.751487175608624e-14,5.359022472106286e-14,3.67453023196308e-14,2.6604145226507967e-14,6.859827936967403e-10,3.9477149711370844e-10,2.455987804703751e-10,1.4143518636363002e-10,7.627471814578913e-11,3.812831790806278e-11,1.999266954327296e-11,9.187324466794436e-12,4.872347084930424e-12,2.978308594925109e-12,1.9883948823003675e-12,1.4986668591493752e-12,1.0301299679872074e-12,7.504807921491258e-13,5.176356054349664e-13,3.8055413937826746e-13,2.8533435143084933e-13,2.0457400383055118e-13,1.3305237821116144e-13
11.0,0.0,11.0,0.0,30.0,0.0,0.0,0.0,0.0,-13.0,0.0,2.0,0.0,0.0,0.0,6.196588079744547e-12,5.5142239764035496e-12,4.284788205141645e-12,3.5560724319724883e-12,3.016910540095594e-12,2.783706215852218e-12,2.155484536780961e-12,1.871719265268482e-12,1.7168098131555076e-12,1.5665711678313407e-12,1.3088315881732114e-12,1.0776823317930875e-12,9.061250525971926e-13,8.033978388782828e-13,6.749047721519649e-13,5.248250887137227e-13,4.2479009207946004e-13,3.1309810533268953e-13,2.6115705386121234e-13,1.8115220238597097e-13,1.468924356340251e-13,9.874036802880942e-14,7.660193014403851e-14,5.033971334654402e-14,3.060745195474427e-14,2.482327332289003e-14,6.714437597001104e-10,4.2288598316851824e-10,2.564641045238372e-10,1.608642201334449e-10,8.853931198813752e-11,4.520999542426957e-11,2.1974541796905137e-11,1.1503892673142525e-11,5.898685129395403e-12,3.1127609402229048e-12,1.9626075382329984e-12,1.2617204473784803e-12,9.519380227627543e-13,6.577770236086637e-13,4.783568402461993e-13,3.45921754147739e-13,2.379121078825763e-13,1.6461589757494673e-13,1.3146752051690093e-13
12.0,0.0,12.0,0.0,30.0,0.0,0.0,0.0,0.0,-13.0,0.0,2.0,0.0,0.0,0.0,6.6592452503992116e-12,5.643694876649703e-12,4.624477133446198e-12,3.557861357308275e-12,3.1619214046187927e-12,2.421802454355611e-12,2.109827140330048e-12,1.8004185859536718e-12,1.6047181112015003e-12,1.3414500644131924e-12,1.1328958332045948e-12,1.036463303963056e-12,8.311993014147744e-13,7.557593170693235e-13,5.990149887639071e-13,4.824325908974211e-13,3.7499084136596645e-13,2.946337908162319e-13,2.2653114325284357e-13,1.7721587564135928e-13,1.2558334831635754e-13,9.184351520485858e-14,6.2911909953487e-14,4.712429570019922e-14,3.295288124193651e-14,1.9837840762876784e-14,6.879283428362007e-10,4.339828392462257e-10,2.72775846818565e-10,1.6003758998010505e-10,9.272439928513454e-11,4.817758049864445e-11,2.558844186451108e-11,1.2627840931662574e-11,6.072136477914781e-12,2.8269732963253526e-12,1.9347347143492625e-12,1.19796940380174e-12,8.126989615531368e-13,6.349538001365007e-13,4.3986316781554447e-13,3.0636331976261186e-13,2.0593167639531412e-13,1.4950082972435262e-13,1.0462307882536804e-13
13.0,0.0,13.0,0.0,30.0,0.0,0.0,0.0,0.0,-13.0,0.0,2.0,0.0,0.0,0.0,7.1321819182273496e-12,5.925450443798689e-12,4.286021010231101e-12,3.656823691053901e-12,3.0075361910921988e-12,2.336511244684273e-12,1.9529252970403287e-12,1.6075960657758245e-12,1.4691820814913584e-12,1.2581966557328945e-12,1.1175489286626196e-12,9.048723346375717e-13,7.923637617613419e-13,6.392123018748349e-13,5.351654656569132e-13,4.4203254307074425e-13,3.484900682030856e-13,2.732173845130614e-13,2.1408566415760883e-13,1.4907897476147567e-13,1.155978739069936e-13,7.76368986929586e-14,5.8603489840543e-14,4.1280098676613063e-14,3.0146721241723074e-14,1.8644864258937005e-14,7.197337732031159e-10,4.3580393562581465e-10,2.816098980551622e-10,1.8191884559687135e-10,1.0178246978226351e-10,5.4600319997677756e-11,2.867751522509229e-11,1.4544304614761061e-11,6.882205022369198e-12,3.3155985317466088e-12,1.8759470818993518e-12,1.1407749290905307e-12,8.037584794126499e-13,5.400690698173903e-13,3.745128644333632e-13,2.8161465197461917e-13,2.0405529114553786e-13,1.4955185512470723e-13,8.666069431288273e-14
14.0,0.0,14.0,0.0,30.0,0.0,0.0,0.0,0.0,-13.0,0.0,2.0,0.0,0.0,0.0,7.621962872247275e-12,6.151053458651665e-12,4.756239561541265e-12,3.738869457300015e-12,2.9115875052635052e-12,2.4099435469503638e-12,2.0190698556413703e-12,1.5723242684274197e-12,1.3038329524664545e-12,1.114212493041563e-12,9.66892427093602e-13,8.071407995346965e-13,7.090365047933642e-13,5.917670200754767e-13,4.765508596601652e-13,3.583547273567179e-13,3.1692708814268286e-13,2.435687955663417e-13,1.8391566499973785e-13,1.3568495416312516e-13,1.05266728182242e-13,7.263695532130165e-14,5.150763789801478e-14,3.633496410610687e-14,2.759636414871502e-14,1.8816022062803816e-14,7.30951086774824e-10,4.415653463612568e-10,2.882830334399251e-10,1.74109202004583e-10,1.06914274102722e-10,5.745114473299981e-11,3.2450882970409676e-11,1.6198351609117383e-11,8.13632138931027e-12,3.705734432830798e-12,1.9253355092802905e-12,1.0784954384863578e-12,7.09119125081955e-13,5.114620646679925e-13,3.4761485061746255e-13,2.631239199480246e-13,1.7198887576822793e-13,1.178596991633303e-13,8.483456990347214e-14
15.0,0.0,15.0,0.0,30.0,0.0,0.0,0.0,0.0,-13.0,0.0,2.0,0.0,0.0,0.0,8.07479920431881e-12,6.720696386318831e-12,5.269388540642e-12,4.19470630904771e-12,3.086290709365332e-12,2.309610111448606e-12,1.8229744087885008e-12,1.5639329666921575e-12,1.251397274773235e-12,1.0725703765067197e-12,8.815769064028065e-13,7.298555718705049e-13,6.67696328416666e-13,5.175679150108799e-13,4.2477029367719193e-13,3.5312582791376496e-13,2.849952708837205e-13,2.2691475111279428e-13,1.7712170384909058e-13,1.2787813450996243e-13,9.096693400070342e-14,7.02891401916657e-14,5.127069522430429e-14,3.517139551486776e-14,2.4514490583511246e-14,1.5610698397832292e-14,7.217325010607247e-10,4.828996815864988e-10,2.9878464017202815e-10,1.8742673320768997e-10,1.0939837097476736e-10,6.453709223240856e-11,3.536133729611984e-11,1.838766573873071e-11,8.618479019358307e-12,4.285102141118975e-12,2.044529568447246e-12,1.1773027666921108e-12,7.077006453918405e-13,4.623400793540719e-13,3.31818880860159e-13,2.303131143297792e-13,1.451889333529001e-13,1.284643299754622e-13,8.966136501852144e-14
16.0,0.0,16.0,0.0,30.0,0.0,0.0,0.0,0.0,-13.0,0.0,2.0,0.0,0.0,0.0,8.787078238879401e-12,6.7819936180391915e-12,5.850786533342265e-12,4.33375882838557e-12,3.1560606089065066e-12,2.4555356596970365e-12,1.9269991063217743e-12,1.4370525992189025e-12,1.1718794142432104e-12,9.77448323760364e-13,8.392009877923223e-13,6.789084017843739e-13,5.763963732763089e-13,4.92980563717814e-13,4.00024348607986e-13,3.2938047326522977e-13,2.532343124837154e-13,2.0157773994160984e-13,1.5802283428293156e-13,1.227475065239089e-13,8.283817440934437e-14,6.436102944031964e-14,4.4338792374639535e-14,3.262080440673213e-14,2.2300888428335068e-14,1.3632455827632116e-14,7.664340700354558e-10,4.627611819371368e-10,2.978530774929245e-10,1.8566996476530564e-10,1.1556864995519688e-10,6.777315978016227e-11,3.7654897215821616e-11,1.9976171845886667e-11,9.981856330815245e-12,4.7139924925213155e-12,2.385607033984073e-12,1.2152429860549933e-12,6.791149135610996e-13,4.390551806887615e-13,2.833232537857835e-13,1.934412344654496e-13,1.6432947455133165e-13,8.692689016493138e-14,8.77111516546551e-14
17.0,0.0,17.0,0.0,30.0,0.0,0.0,0.0,0.0,-13.0,0.0,2.0,0.0,0.0,0.0,9.692796135389734e-12,7.486004823431446e-12,6.329164456255701e-12,4.3111661936977314e-12,3.3919458700794668e-12,2.499798718537852e-12,1.916095317301336e-12,1.5322331433659984e-12,1.086888484080961e-12,9.173718039795673e-13,7.500079340471328e-13,6.439835903917061e-13,5.270085266738416e-13,4.413969064944563e-13,3.614125451819227e-13,2.833771386482555e-13,2.2472308969723525e-13,1.8232300627859871e-13,1.3343836232137427e-13,1.137266269423687e-13,8.311365435412734e-14,5.699151689185834e-14,4.295407482486168e-14,2.841360844426115e-14,2.052955264586504e-14,1.3316639264349996e-14,7.716890872309446e-10,4.786053841917901e-10,3.115981196463729e-10,1.880756142550077e-10,1.24548694947511e-10,6.761088244721175e-11,4.072862479121398e-11,2.1328380557239607e-11,1.1508633818683944e-11,5.8200821289883365e-12,2.4165926474347124e-12,1.2603183107455595e-12,7.28156264515766e-13,4.405867224490482e-13,2.75069057105699e-13,1.983763500957415e-13,1.2351824055887832e-13,9.209176520191461e-14,4.5906115690891476e-14
18.0,0.0,18.0,0.0,30.0,0.0,0.0,0.0,0.0,-13.0,0.0,2.0,0.0,0.0,0.0,1.0043510427403922e-11,7.597348142844877e-12,6.630687198235839e-12,4.879432145225775e-12,3.8714591678585104e-12,2.6953187080300633e-12,2.0238104439900747e-12,1.4099469352746195e-12,1.0641040303972374e-12,8.773073472871749e-13,6.928536317687399e-13,5.885935766023529e-13,4.883019870725667e-13,4.0133546675068375e-13,3.1739415825665156e-13,2.710776990630596e-13,2.1530868075815125e-13,1.7887507789120437e-13,1.273120743855407e-13,9.750113775140237e-14,6.840257066762195e-14,5.5021685139364296e-14,3.40214695980986e-14,2.667141188516658e-14,1.9781215961478386e-14,1.3231225063242644e-14,7.933403409343725e-10,5.135667224369955e-10,3.040660486727176e-10,1.9388780276996683e-10,1.2115961283352132e-10,7.76602941677111e-11,4.442972992670937e-11,2.3630315649954224e-11,1.2266145165550816e-11,6.022296347921274e-12,2.7322832337988914e-12,1.410751200146435e-12,6.618485494249524e-13,4.249549015584043e-13,2.8267936857973257e-13,1.6689980026218678e-13,1.1175325735623385e-13,6.812386029576134e-14,4.112607168128026e-14
19.0,0.0,19.0,0.0,30.0,0.0,0.0,0.0,0.0,-13.0,0.0,2.0,0.0,0.0,0.0,1.0850466984164275e-11,8.602174955624306e-12,6.519210174017797e-12,5.143580516240016e-12,3.88148281164738e-12,2.92638697353978e-12,2.0213216260529765e-12,1.4982053162702844e-12,1.1137416379535383e-12,8.476036881237117e-13,6.54935720170771e-13,5.957328714034156e-13,4.710366504143533e-13,3.8052430913863687e-13,3.051843104286173e-13,2.4102788837828353e-13,2.0177188179173046e-13,1.510885276718647e-13,1.1609863653200047e-13,9.485645589034275e-14,6.252241556792662e-14,4.786592216191217e-14,3.5109399094481835e-14,2.4429905423888855e-14,1.7271823719666995e-14,1.1996638225885038e-14,8.044361216855416e-10,5.101688790806621e-10,3.257384712303794e-10,2.032231786461533e-10,1.3189122135048369e-10,7.236390818922792e-11,4.7354399953246e-11,2.6765400010821512e-11,1.3002402797624962e-11,6.206879615714435e-12,3.073065553479444e-12,1.530154179866711e-12,7.312952990466256e-13,3.9945973313045734e-13,2.475038953390777e-13,1.596809223789236e-13,1.3255320689883316e-13,4.943148277047981e-14,5.3136781614911566e-14
20.0,0.0,20.0,0.0,30.0,0.0,0.0,0.0,0.0,-13.0,0.0,2.0,0.0,0.0,0.0,1.1005467536781675e-11,8.988929584047678e-12,7.549670464791698e-12,5.61367485803656e-12,4.32068601546225e-12,3.1433296623977857e-12,1.9160465743040226e-12,1.440282932617979e-12,1.0699982874919151e-12,8.355868265870311e-13,6.079115069403632e-13,5.049789452167124e-13,4.435434523050668e-13,3.4838316112094914e-13,2.8847050236095983e-13,2.288523048189995e-13,1.864220051956471e-13,1.4588970774838806e-13,1.1123305800885664e-13,8.222664097089608e-14,6.102658320668372e-14,4.246682998743386e-14,3.1524464167620004e-14,2.231241923814796e-14,1.7046920167122133e-14,9.321617190905525e-15,7.663339717334543e-10,5.092219288165023e-10,3.204827304976148e-10,2.04329576829927e-10,1.29321033447601e-10,7.912045923915784e-11,4.588499109612177e-11,2.753366205129337e-11,1.3790273926721187e-11,7.146258348470399e-12,3.423092632038922e-12,1.6015037550813605e-12,7.596044298453204e-13,3.8593209843755104e-13,2.2807106426052854e-13,1.5953313409638828e-13,1.0200793826911466e-13,6.029275932450329e-14,6.25217638665109e-14
21.0,0.0,21.0,0.0,30.0,0.0,0.0,0.0,0.0,-13.0,0.0,2.0,0.0,0.0,0.0,1.20171289829177e-11,9.648956956592047e-12,7.405814690394392e-12,6.1919913828916425e-12,4.385271577556716e-12,3.2354347245993206e-12,2.275309911336633e-12,1.5563693661002683e-12,1.1148336929916722e-12,8.207515606178882e-13,6.066991871948563e-13,4.828517399124684e-13,3.8985545040834345e-13,3.308462228085245e-13,2.562521020226118e-13,2.0647969058140615e-13,1.6224317110868394e-13,1.2434795094663664e-13,9.506182160099022e-14,7.736373374930037e-14,5.80601223661347e-14,4.221508408332588e-14,3.139440848054251e-14,2.2032974636555022e-14,1.4453073269312326e-14,9.7880918424021e-15,8.856015374687739e-10,5.016633714446053e-10,3.156562235772817e-10,2.0189122741437396e-10,1.3644180937728768e-10,8.102301632671304e-11,4.9718428794212594e-11,2.7919480003128758e-11,1.5129465593137182e-11,8.020713049746004e-12,3.6072815215010204e-12,1.7224297961159565e-12,7.965077077887507e-13,4.0025830412377554e-13,2.536471106275788e-13,1.591448804506055e-13,1.0773431390196709e-13,6.836364867976831e-14,5.086720492027564e-14
22.0,0.0,22.0,0.0,30.0,0.0,0.0,0.0,0.0,-13.0,0.0,2.0,0.0,0.0,0.0,1.2167366991886286e-11,1.0064562612408085e-11,7.896909555897487e-12,6.114808384483842e-12,4.835836495011794e-12,3.5163042094152855e-12,2.4387214296327308e-12,1.6266764423451263e-12,1.1262321188626165e-12,8.219435407102975e-13,6.087133352516619e-13,4.5188514684813625e-13,3.6131557977568066e-13,2.8434365754949475e-13,2.4087241985580986e-13,1.8659571539379349e-13,1.477386347755747e-13,1.1608221488585024e-13,9.391074207037701e-14,7.428763286074965e-14,5.3730757282846214e-14,3.80893200460123e-14,2.945505031522776e-14,1.9878894217000034e-14,1.4716786544421165e-14,1.0026881050192566e-14,8.347718307488039e-10,5.171820345086183e-10,3.2792907061141496e-10,2.1575393591655e-10,1.1850228149953442e-10,8.040790025655189e-11,4.9694627320506154e-11,2.928808873213379e-11,1.6815548875797696e-11,8.534136112530941e-12,4.126475844542744e-12,1.964955617912281e-12,8.33222002181507e-13,4.337445895401842e-13,2.3298503954806286e-13,1.398133541701096e-13,8.23066712630644e-14,4.513450381206067e-14,5.4372871967300895e-14
23.0,0.0,23.0,0.0,30.0,0.0,0.0,0.0,0.0,-13.0,0.0,2.0,0.0,0.0,0.0,1.254522042280085e-11,9.925098475377479e-12,8.593323910997257e-12,6.4707840804499925e-12,4.8022187641875694e-12,3.5503110148170482e-12,2.559219537911807e-12,1.656529918029617e-12,1.1910039959859532e-12,7.897627138262903e-13,5.777136606253822e-13,4.0928688478796067e-13,3.5265074708651917e-13,2.694339061476145e-13,2.29230024101742e-13,1.7528597872100638e-13,1.392147421970054e-13,1.0825012333596335e-13,8.266891451029923e-14,6.694874107867035e-14,4.951957352737372e-14,3.7251515374617136e-14,2.6502596407588183e-14,1.915206160307236e-14,1.368283623283829e-14,8.751287110733185e-15,9.115418739693524e-10,5.362164378093378e-10,3.4265481429592454e-10,2.1520213424976118e-10,1.3824056874130484e-10,8.339220117521877e-11,5.2643539441493854e-11,3.0009315724061066e-11,1.7529908883704237e-11,8.58481940832726e-12,4.092593301425809e-12,2.0854756453548078e-12,9.563143224393048e-13,4.537067446696144e-13,2.1961274979890957e-13,1.4130087126830188e-13,7.642878546822789e-14,5.974358166121015e-14,3.1699026359450566e-14
24.0,0.0,24.0,0.0,30.0,0.0,0.0,0.0,0.0,-13.0,0.0,2.0,0.0,0.0,0.0,1.3133114666596624e-11,1.0702469643949636e-11,8.894194038142176e-12,6.60405684787147e-12,4.9043094289775806e-12,3.882993126898817e-12,2.7009392165868756e-12,1.8842027490584584e-12,1.254970183555816e-12,8.082183560521992e-13,5.742821555352224e-13,4.2218942145986864e-13,3.1023103127089643e-13,2.4928868412137987e-13,2.047626844406406e-13,1.6699425764976197e-13,1.316454604552309e-13,1.0109366095805101e-13,7.899723861111359e-14,6.05199993205673e-14,4.5560413764292664e-14,3.3480079866399304e-14,2.4469367165095044e-14,1.748156889899095e-14,1.116269793225415e-14,7.377257997051769e-15,9.258471972535555e-10,5.536112818552038e-10,3.4604209083480565e-10,2.1729325518317228e-10,1.3674828418765426e-10,9.023817117613047e-11,5.2805903463369993e-11,3.211921659642577e-11,1.780069930561086e-11,9.09048527667948e-12,4.678708788744247e-12,2.2353312700879982e-12,1.007879367014531e-12,4.835114534873693e-13,2.387892217449519e-13,1.2996468569172816e-13,7.815447936613089e-14,5.103453595921625e-14,3.309705101592592e-14
25.0,0.0,25.0,0.0,30.0,0.0,0.0,0.0,0.0,-13.0,0.0,2.0,0.0,0.0,0.0,1.3658188484725603e-11,1.2275058145868124e-11,9.407742848927779e-12,7.23219711066628e-12,5.583220555065524e-12,3.9771278298374225e-12,2.846133117943643e-12,1.8004829725347872e-12,1.320651919019543e-12,8.717879235281594e-13,5.668646328419877e-13,4.060918400427515e-13,3.123034920065729e-13,2.3942190170640695e-13,1.861592067988838e-13,1.4406823319588133e-13,1.194211690442675e-13,9.494640688677664e-14,7.544267923305109e-14,5.590137971071359e-14,4.093210078834929e-14,2.861067668986702e-14,2.2220669928014147e-14,1.589555382961737e-14,1.179170421208617e-14,1.0261605686099039e-14,9.208731581562233e-10,5.879730219782246e-10,3.4845095524518506e-10,2.2861658330415602e-10,1.396068125755472e-10,8.520443216711994e-11,5.828797645237294e-11,3.033719646447593e-11,1.7599833527977132e-11,1.0340355090288465e-11,5.023096251600815e-12,2.438504826164406e-12,1.1370239026601413e-12,4.945079816503597e-13,2.303193808213648e-13,1.2638876819578773e-13,8.089028730440883e-14,3.885290461362162e-14,4.0510907457489037e-14
26.0,0.0,26.0,0.0,30.0,0.0,0.0,0.0,0.0,-13.0,0.0,2.0,0.0,0.0,0.0,1.3915783471837566e-11,1.1557791378465821e-11,9.127561576992845e-12,7.945611329634836e-12,5.412472905046271e-12,4.137190680835299e-12,3.000025202755868e-12,1.9926527997767553e-12,1.3802461391989208e-12,9.169120951860762e-13,5.758584110491586e-13,4.048291293658189e-13,2.9512200119856603e-13,2.37012902726027e-13,1.7348624239686131e-13,1.4797031934469932e-13,1.0969950223232418e-13,8.771165629871438e-14,6.635208849444316e-14,5.414312072930247e-14,3.865372697160218e-14,3.0085979836571376e-14,1.9548396566514436e-14,1.6727135560792395e-14,7.26301913905136e-15,6.459967051933137e-15,9.890856899448307e-10,5.701485926796213e-10,3.4763948441976137e-10,2.2910630719929624e-10,1.3674351291446982e-10,8.384058236046448e-11,5.4062451695228036e-11,3.384602003524383e-11,1.9191447405199918e-11,1.0671111174149356e-11,5.371812299351001e-12,2.497387093594113e-12,1.201381847938568e-12,5.253848582127628e-13,2.551571129523936e-13,1.3689062761654903e-13,7.55503385495863e-14,4.1994058686703577e-14,4.510038881199742e-14
27.0,0.0,27.0,0.0,30.0,0.0,0.0,0.0,0.0,-13.0,0.0,2.0,0.0,0.0,0.0,1.3876002710193517e-11,1.1992449837085605e-11,9.669295464640495e-12,7.55911025775544e-12,6.125477166911511e-12,4.426527797376996e-12,3.2601996834150267e-12,2.1434943960012412e-12,1.3788599787617095e-12,8.84458078752218e-13,6.250159867610904e-13,4.097798529902141e-13,2.876048747599255e-13,2.2668958271980228e-13,1.670704398468042e-13,1.3486550464032974e-13,9.98581511296652e-14,8.210520450877069e-14,6.441030626203137e-14,5.3548907015965e-14,3.5382726018055655e-14,2.7360517775844017e-14,1.9620126246445794e-14,1.450162633541244e-14,8.620195250663716e-15,7.277108500194981e-15,9.848217882239155e-10,5.657829417635608e-10,3.6383646952169237e-10,2.4015110726347294e-10,1.4002636940629987e-10,8.55521770149729e-11,5.7458969434516716e-11,3.400652960059905e-11,2.0779015489063446e-11,1.1132603307308136e-11,5.765833539084879e-12,2.9320092893507836e-12,1.3089290316283816e-12,5.826505652282578e-13,2.6722517674226093e-13,1.527353550637977e-13,7.454081399043981e-14,4.1740338412097803e-14,4.171016278616034e-14
28.0,0.0,28.0,0.0,30.0,0.0,0.0,0.0,0.0,-13.0,0.0,2.0,0.0,0.0,0.0,1.4466839223169045e-11,1.3037515560134927e-11,1.0167415852022392e-11,8.10589135870562e-12,6.369632883329157e-12,4.673504106920043e-12,3.1041434322802433e-12,2.3033015612425447e-12,1.5479856969426256e-12,9.292269630447256e-13,5.970225835933168e-13,3.939909169827861e-13,2.7240199641351074e-13,2.038590231549682e-13,1.7099793777009865e-13,1.2312807846145377e-13,9.830586147229059e-14,8.081701139354111e-14,6.040006506141412e-14,4.7146389719982815e-14,3.238900624589768e-14,2.6876825287202305e-14,1.682131902201572e-14,1.2946716646024774e-14,7.495997927988904e-15,5.89927690872748e-15,9.683334767334988e-10,6.016860466975539e-10,3.7626395341865203e-10,2.414279463904888e-10,1.4244275801304922e-10,9.611453190938002e-11,5.4481792736578185e-11,3.4465320207208683e-11,2.0488168022360405e-11,1.1956878640414915e-11,6.326586922485004e-12,3.0173904403693762e-12,1.390444315983341e-12,6.241636790983275e-13,2.7185727141171227e-13,1.4599721674809525e-13,5.3384072756522083e-14,3.3465722414349293e-14,2.8018166128809067e-14
29.0,0.0,29.0,0.0,30.0,0.0,0.0,0.0,0.0,-13.0,0.0,2.0,0.0,0.0,0.0,1.4929952380186196e-11,1.2885274531044009e-11,1.0129389092594872e-11,8.427208812098687e-12,6.871216811685473e-12,4.835420603126285e-12,3.4352278860243276e-12,2.4355720705079293e-12,1.5475086831409666e-12,9.34584844290278e-13,6.410197680612581e-13,3.979703301701445e-13,2.7894932873368886e-13,1.9761520136482734e-13,1.500418912432567e-13,1.1151992018151792e-13,9.11452188055346e-14,7.300566544070867e-14,5.555634267677702e-14,4.4134589405645105e-14,2.9732208945700643e-14,2.3204085098736846e-14,1.7638366506529757e-14,1.1048259543434044e-14,6.759959280124267e-15,4.8653066405837e-15,1.0297788916016623e-09,6.211644350921252e-10,3.833620664622492e-10,2.331971482799098e-10,1.4907058192593897e-10,8.737973071362597e-11,5.6808087641688374e-11,3.513499543012785e-11,1.9590657637262175e-11,1.2027082833454097e-11,6.2081616442393945e-12,3.0753509410528825e-12,1.3926994066498869e-12,6.928282174614217e-13,3.0573205900389573e-13,1.3833571494568862e-13,7.83415958696696e-14,5.995472738792148e-14,3.564461542973365e-14
30.0,0.0,30.0,0.0,30.0,0.0,0.0,0.0,0.0,-13.0,0.0,2.0,0.0,0.0,0.0,1.5424355789839667e-11,1.296265093141512e-11,1.0905748432197352e-11,8.501802374761942e-12,6.761908782814997e-12,5.134257339401162e-12,3.760042828732543e-12,2.4904165558249407e-12,1.5281164861371347e-12,1.0280464709543136e-12,6.385558140952356e-13,3.968317020871793e-13,2.7613112197773776e-13,1.975930935629876e-13,1.4764127245717515e-13,1.0772933212837418e-13,8.173333340165986e-14,7.004327302363229e-14,5.40496796144802e-14,4.13593628136841e-14,2.9500728858776337e-14,2.321077652401219e-14,1.4579117273287356e-14,1.1003072825762559e-14,8.519781169474137e-15,5.0077172252381435e-15,1.0463519948693558e-09,5.997950206294836e-10,3.870548379704134e-10,2.498869247908426e-10,1.4760970487115377e-10,9.259931836498958e-11,5.645034345631898e-11,3.435269515612134e-11,2.1288470210814e-11,1.2540693067843231e-11,6.682205717039284e-12,3.457484637241846e-12,1.609961638104171e-12,7.279617770102335e-13,3.0436921038799524e-13,1.4968419619501775e-13,7.993182121508232e-14,4.634453409109689e-14,2.981089234650607e-14
31.0,0.0,31.0,0.0,30.0,0.0,0.0,0.0,0.0,-13.0,0.0,2.0,0.0,0.0,0.0,1.5885500319357778e-11,1.3165889852067141e-11,1.065671674927369e-11,9.305684561006694e-12,7.047189040026287e-12,4.9614265128443355e-12,4.037572146950233e-12,2.5868258550269214e-12,1.7616507337879104e-12,1.1110154403912475e-12,6.815909717029906e-13,4.2461399038208287e-13,2.652066977910877e-13,1.93879241785924e-13,1.3039718159509183e-13,1.0222768493846264e-13,8.124491195966879e-14,6.48074313015917e-14,4.768285553650102e-14,3.6775878429663624e-14,3.112722794477554e-14,2.0015601895587408e-14,1.4439856672415926e-14,9.49364051411271e-15,6.418779613291792e-15,4.004510563730568e-15,1.0725027476968777e-09,6.543286691597593e-10,4.074015648919671e-10,2.364796682362007e-10,1.5202092188922217e-10,9.05622490101357e-11,5.6895364471733366e-11,3.658488382205388e-11,2.21608681673004e-11,1.1875132856579374e-11,6.231700667654959e-12,3.257877304089827e-12,1.7310814799861252e-12,7.306923648926774e-13,3.401583944757397e-13,1.4948631365092915e-13,8.235951313219059e-14,2.6421462513834775e-14,3.567763220609462e-14
32.0,0.0,32.0,0.0,30.0,0.0,0.0,0.0,0.0,-13.0,0.0,2.0,0.0,0.0,0.0,1.5912076853763334e-11,1.4433017890128953e-11,1.1715129367164077e-11,9.15571621571475e-12,7.093785390203172e-12,5.513195035218224e-12,3.8495395028339804e-12,2.7436271847958566e-12,1.7684435797034551e-12,1.1319616409785926e-12,7.181542307659336e-13,4.3340059922184357e-13,2.741792706242794e-13,1.834750196251649e-13,1.3386084161940295e-13,1.0177406250419906e-13,7.572226187693362e-14,5.691600315035622e-14,4.738676206196676e-14,3.41667098420092e-14,2.47676343555752e-14,2.0742442485198862e-14,1.4243419995648688e-14,7.785430522630367e-15,8.472549672561872e-15,5.428058454683967e-15,1.1042391949405966e-09,6.534570803137684e-10,4.1057712026246786e-10,2.472934533205024e-10,1.4829145911753382e-10,9.858585325667577e-11,6.026958698424444e-11,3.8904822447635814e-11,2.1987453382206786e-11,1.2156238980282215e-11,7.052977920863417e-12,3.2918833720234336e-12,1.7484022680149684e-12,8.264690100369567e-13,3.6719141478594975e-13,1.5143426824902138e-13,8.267814068174222e-14,4.2442770812807144e-14,1.6467857414018127e-14
33.0,0.0,33.0,0.0,30.0,0.0,0.0,0.0,0.0,-13.0,0.0,2.0,0.0,0.0,0.0,1.706845090232246e-11,1.4432739639578832e-11,1.1117135115801142e-11,9.81417098253342e-12,7.368623635635084e-12,5.567241061936483e-12,4.07837764198708e-12,2.8350142353467783e-12,1.857277827595675e-12,1.1155089325892332e-12,7.38767844598314e-13,4.565132849448509e-13,2.648539332935948e-13,1.7647812936686588e-13,1.2582651302049213e-13,9.401828622832485e-14,7.331667031204811e-14,5.552177477187816e-14,4.501165626226773e-14,3.1340669024751724e-14,2.5210376541555734e-14,1.774689290823215e-14,1.0897676750103662e-14,9.799524853154431e-15,4.6883423318470724e-15,6.435304169267496e-15,1.1044246927714912e-09,6.856866717533846e-10,4.1462806883501106e-10,2.6593730452702376e-10,1.632321713857927e-10,9.847028990666317e-11,6.341328078633531e-11,3.6744232816729044e-11,2.2865974155035525e-11,1.306893076372028e-11,7.367796103234506e-12,3.92688815689407e-12,1.8461568709714346e-12,8.693245451132491e-13,3.835560815278507e-13,1.6102780875827205e-13,6.662505358890008e-14,4.681597753708298e-14,7.0211618807657445e-15
34.0,0.0,34.0,0.0,30.0,0.0,0.0,0.0,0.0,-13.0,0.0,2.0,0.0,0.0,0.0,1.699710006145375e-11,1.4431202240327085e-11,1.1678837286378532e-11,8.98436884633222e-12,7.993971293785085e-12,5.657900016065687e-12,4.186055786508945e-12,3.0565539351073867e-12,2.0739064503253473e-12,1.252236227757769e-12,7.678915319805196e-13,4.435409616932828e-13,2.7079961720497525e-13,1.8007375603777184e-13,1.2632099288714973e-13,9.260474930168545e-14,6.947564215811171e-14,5.139203344955955e-14,3.8159868623192e-14,3.153948502613664e-14,2.4619007787477526e-14,1.6210140854606348e-14,1.525174405966063e-14,8.96344412925378e-15,5.96504377579405e-15,4.522323839825023e-15,1.1280604060555583e-09,6.746432789899417e-10,4.150583423792136e-10,2.604299918172575e-10,1.573062940941827e-10,9.786712115401044e-11,6.128450137667481e-11,3.756203736984038e-11,2.294535024778721e-11,1.4003176468051388e-11,7.656672162398394e-12,3.762632894351806e-12,1.923679322750683e-12,9.116532146729202e-13,4.108956243646874e-13,1.7339095836514935e-13,9.006511774978257e-14,3.767680515322759e-14,2.461516555335747e-14
35.0,0.0,35.0,0.0,30.0,0.0,0.0,0.0,0.0,-13.0,0.0,2.0,0.0,0.0,0.0,1.7052903739522972e-11,1.4451370155289951e-11,1.187294911932028e-11,1.0033574839752425e-11,7.500709155634333e-12,5.57056484865021e-12,4.367583758757229e-12,3.0655865514834257e-12,1.94155605233966e-12,1.2521768483806193e-12,8.027811341937396e-13,5.028687449382623e-13,3.0660091931153573e-13,1.8881067875873454e-13,1.1619218856848946e-13,8.747670979637305e-14,6.512323190270427e-14,5.0482564134223644e-14,3.972877155781404e-14,2.660803393400964e-14,2.224934747758847e-14,1.5503279650801484e-14,1.0611588542142074e-14,7.993616813525356e-15,4.045879426339436e-15,3.4603604721964704e-15,1.2026006581285175e-09,6.559586440613305e-10,4.3470571120680586e-10,2.586939997683533e-10,1.6585742874323222e-10,9.783971224014056e-11,6.012410985871994e-11,3.706407335142821e-11,2.3406234719274023e-11,1.3882382890918207e-11,7.917350845403016e-12,4.3440763999381155e-12,2.139671009049467e-12,9.248705152791358e-13,3.8942083655395453e-13,1.9574468123480238e-13,1.0315823174039322e-13,4.61181314614556e-14,2.5744351225224476e-15
36.0,0.0,36.0,0.0,30.0,0.0,0.0,0.0,0.0,-13.0,0.0,2.0,0.0,0.0,0.0,1.769567160103882e-11,1.5005766200791493e-11,1.2598591824602909e-11,9.921117942126889e-12,7.86989619386278e-12,6.192888388341561e-12,4.465189059509318e-12,3.0644620589758665e-12,2.209291026723774e-12,1.3363930881770864e-12,8.450278954348069e-13,4.893406349867332e-13,2.9083351297808226e-13,1.7543554604186116e-13,1.1573045431219107e-13,8.665759105912746e-14,6.267732245390805e-14,4.5701542710329313e-14,3.7612363985704976e-14,2.876042390454367e-14,1.9670383617314705e-14,1.4683319166842153e-14,9.197552074129581e-15,7.585089679783656e-15,4.9589262681932594e-15,3.0908412711102883e-15,1.2470925481684102e-09,7.159284980992949e-10,4.574639979458925e-10,2.6875460515966945e-10,1.7146563079882895e-10,1.0432844350740152e-10,6.189579519221895e-11,3.6523781798560324e-11,2.2714388044738475e-11,1.3923939179612833e-11,7.775261845669848e-12,4.233467258525393e-12,2.0951375896893933e-12,1.0138750824722328e-12,4.5137390035277173e-13,2.0801110684715508e-13,8.641302410444794e-14,1.936745545471344e-14,1.6778479101133837e-14
37.0,0.0,37.0,0.0,30.0,0.0,0.0,0.0,0.0,-13.0,0.0,2.0,0.0,0.0,0.0,1.82669600937887e-11,1.5455007031409664e-11,1.2631837342208763e-11,1.0013194532277102e-11,8.053907660320701e-12,6.0915246882643506e-12,4.381618447516053e-12,3.1929286404771473e-12,2.214570298646594e-12,1.3803973150201816e-12,8.537740191502561e-13,5.200465888748769e-13,2.9404300380513446e-13,1.8099365036641847e-13,1.095864182975874e-13,8.395754208085181e-14,6.16874218725378e-14,4.666018616749005e-14,3.498106706021139e-14,2.598392742840543e-14,1.8051116894315453e-14,1.326502917398565e-14,1.0533574925196716e-14,8.469884788600103e-15,6.2384497133910214e-15,5.48356956209158e-15,1.3186619369230168e-09,7.932979211720826e-10,4.49434114283356e-10,2.8647093234769647e-10,1.7417198113723097e-10,1.0582791507791647e-10,6.350122236334473e-11,3.9735957588268675e-11,2.442603156121341e-11,1.3518749417286058e-11,7.290963907056366e-12,4.30140620189004e-12,2.199705590698825e-12,1.0934732302486803e-12,4.853333335401679e-13,2.2190328090513987e-13,8.839002405963362e-14,4.325989400922579e-14,7.250343590575597e-15
38.0,0.0,38.0,0.0,30.0,0.0,0.0,0.0,0.0,-13.0,0.0,2.0,0.0,0.0,0.0,1.796598619168334e-11,1.5844721736274324e-11,1.300949684481148e-11,1.0328080188538613e-11,8.38190671624075e-12,6.162019054338394e-12,4.6943038097752045e-12,3.4083725855475474e-12,2.188539393231023e-12,1.525800436581127e-12,9.464765681241408e-13,5.120825755779591e-13,3.102437902571902e-13,1.9690537618566142e-13,1.2255755537099783e-13,7.935776650311602e-14,5.457349366139108e-14,4.4262864936133146e-14,3.190210883267876e-14,2.442093474148193e-14,1.8055810746926635e-14,1.3275265401112979e-14,9.737061081861106e-15,6.989506845296117e-15,5.4729387966580235e-15,2.2232768668441642e-15,1.2300389044101567e-09,7.173297192858477e-10,4.660183573205844e-10,2.628964302918538e-10,1.7219823555136363e-10,1.0788782642040078e-10,6.371377017352253e-11,3.83832001667042e-11,2.2987329804371313e-11,1.4221685043537442e-11,8.275422670357944e-12,4.581171685775429e-12,2.3293094211130076e-12,1.1319699190379875e-12,5.016464423751035e-13,2.1446031950106807e-13,9.257143979215907e-14,4.928228351074025e-14,2.6396426726227564e-14
39.0,0.0,39.0,0.0,30.0,0.0,0.0,0.0,0.0,-13.0,0.0,2.0,0.0,0.0,0.0,1.8660292349064374e-11,1.542061081802954e-11,1.3920628231544821e-11,1.053081095300746e-11,8.630998833706435e-12,6.681837567755423e-12,4.684250088284003e-12,3.2544619942078012e-12,2.4171856536116116e-12,1.5286057084812509e-12,9.398718158347792e-13,5.302735811900299e-13,3.025898902492585e-13,1.939837019708709e-13,1.1627268079405357e-13,7.78509860044288e-14,5.447793136314298e-14,3.866476500421255e-14,3.1503748184465535e-14,2.1644103786587764e-14,1.6948170020624028e-14,1.3929879245122885e-14,7.710652458299693e-15,7.683739527278874e-15,5.1259894437505386e-15,5.42382520815975e-15,1.2949923240554168e-09,7.692165920384474e-10,4.312316262434058e-10,2.860946303544212e-10,1.7663765914253764e-10,1.0436984848146182e-10,6.305489033635423e-11,4.11589648107728e-11,2.3661221453230116e-11,1.468288239897316e-11,8.404761186731291e-12,4.695361638664287e-12,2.398313718862131e-12,1.1424316495447317e-12,5.484701452484036e-13,2.3422223015106043e-13,1.1264373840944785e-13,4.300093108123501e-14,3.106496805459999e-14
40.0,0.0,40.0,0.0,30.0,0.0,0.0,0.0,0.0,-13.0,0.0,2.0,0.0,0.0,0.0,1.7827164193710406e-11,1.570240914711397e-11,1.3439427348130496e-11,1.0444209122525183e-11,8.294691240020504e-12,6.567404678968944e-12,5.018342240782898e-12,3.534761320521468e-12,2.4266205718719013e-12,1.5779460274091899e-12,1.0198492717051027e-12,5.850721861444633e-13,3.418997790669389e-13,2.012069473543387e-13,1.1656162703213638e-13,7.862023681512814e-14,5.5385689079927315e-14,3.71934530222618e-14,2.913049170947615e-14,2.2881751223059038e-14,1.5990020675878734e-14,1.1978941132583486e-14,8.71505727699832e-15,6.040845341323809e-15,2.8039046805206557e-15,1.503846508370935e-15,1.2675093281489836e-09,7.818629807640517e-10,4.5319629030809455e-10,2.9035031039279563e-10,1.6827310243695025e-10,1.1016753976983859e-10,6.246206410807557e-11,4.142576708466942e-11,2.3489551370033816e-11,1.4413741464997232e-11,8.907984599260427e-12,4.4234907505413556e-12,2.34638154663761e-12,1.2373751249001106e-12,5.52342927856932e-13,2.57587444055822e-13,1.09393990173037e-13,3.3040720723865015e-14,2.143879337743533e-14
41.0,0.0,41.0,0.0,30.0,0.0,0.0,0.0,0.0,-13.0,0.0,2.0,0.0,0.0,0.0,1.938340249886683e-11,1.6041843863897662e-11,1.3129718618355199e-11,1.0802634327330973e-11,8.494618486566857e-12,6.610443723954656e-12,4.918781319281556e-12,3.710156980302908e-12,2.5581857699334057e-12,1.670924621728599e-12,1.0093351748235953e-12,6.08549879620894e-13,3.499476705615051e-13,2.022303711866268e-13,1.231724448801147e-13,7.535585043044292e-14,5.038937660940802e-14,3.7169956713277443e-14,2.6237993400873107e-14,1.8674437042601588e-14,1.4617336804727434e-14,9.867271275012536e-15,7.311360617496219e-15,5.886397336329478e-15,6.0468060923944146e-15,2.7943208420204774e-15,1.3590041675176284e-09,7.890155535972295e-10,4.802503081959255e-10,2.9625920895652977e-10,1.7464722364289322e-10,1.1388785510577602e-10,6.731975731929585e-11,4.006411065369363e-11,2.4693249425361438e-11,1.451229953565336e-11,8.772341025773563e-12,5.048731682147545e-12,2.558463988818709e-12,1.2264538050622378e-12,6.131413739437539e-13,2.6284508206073956e-13,1.0304890332955773e-13,4.6523997638288506e-14,2.532206744676456e-14
42.0,0.0,42.0,0.0,30.0,0.0,0.0,0.0,0.0,-13.0,0.0,2.0,0.0,0.0,0.0,1.995711165507652e-11,1.5991579042109576e-11,1.3985785340786439e-11,1.1344072716623823e-11,8.847781710029963e-12,6.86679717295016e-12,5.0380029791178265e-12,3.912499821712989e-12,2.583791831351666e-12,1.71885496784575e-12,1.0494440132286895e-12,6.443971858520329e-13,3.574821544212338e-13,2.1637792546324197e-13,1.2843942218000074e-13,7.886187368006035e-14,4.919514109755104e-14,3.235311486155344e-14,2.760717622451549e-14,2.0602755326420893e-14,1.5298343616435892e-14,1.1059972504395073e-14,8.743044800699172e-15,5.800502625326272e-15,6.1506843931466265e-15,3.53903383421668e-15,1.4049011284337913e-09,7.91839526103045e-10,5.172854297901064e-10,3.1032006913313635e-10,1.901130443143319e-10,1.1345416158718221e-10,6.827823952269732e-11,3.9867905794623384e-11,2.593106294502695e-11,1.4886968254552087e-11,8.616162141464404e-12,4.9945285797407915e-12,2.610313174969195e-12,1.272988521405511e-12,6.196942384881697e-13,2.831970482508763e-13,1.1647754028670602e-13,3.5770185607523247e-14,3.002970733139732e-14
43.0,0.0,43.0,0.0,30.0,0.0,0.0,0.0,0.0,-13.0,0.0,2.0,0.0,0.0,0.0,1.8978503869583025e-11,1.7180021452082528e-11,1.3715532890474032e-11,1.1293271717339088e-11,9.074757810699396e-12,7.253456332889922e-12,4.9675790829705815e-12,4.0849696371150156e-12,2.6921352471377676e-12,1.6392417730009476e-12,1.0489751197671456e-12,6.513615112081027e-13,3.7576946352750505e-13,2.2195318354683363e-13,1.223602765162337e-13,7.13180295135767e-14,5.0866583980798196e-14,3.5736863653038284e-14,2.387753663929342e-14,1.9375335422855322e-14,1.3953764113768791e-14,9.871197478245137e-15,7.426455376908748e-15,4.423804552680559e-15,2.0355036170856853e-15,3.4602959902517324e-15,1.401803276683843e-09,8.132050554716211e-10,4.741623562386582e-10,2.9068349424238257e-10,1.935363467218115e-10,1.1434591218848567e-10,6.583370948602094e-11,4.211472794187468e-11,2.4834578082863153e-11,1.486000589793986e-11,8.490733012255055e-12,5.041415007687655e-12,2.60402240417965e-12,1.3261777635048124e-12,6.340233149445989e-13,2.8901276192485585e-13,1.3572510639940434e-13,6.013005773697745e-14,3.0492955411247556e-14
44.0,0.0,44.0,0.0,30.0,0.0,0.0,0.0,0.0,-13.0,0.0,2.0,0.0,0.0,0.0,1.9104372420552292e-11,1.6520800129658885e-11,1.4315635958838039e-11,1.1481897197744225e-11,9.486048440941452e-12,7.382181590802235e-12,5.338243201254121e-12,3.88428238863443e-12,2.639987426010724e-12,1.795470231822581e-12,1.1035613056275768e-12,6.721520019167484e-13,4.044571755202995e-13,2.2172215662960983e-13,1.2664549495278336e-13,7.904411855884723e-14,4.8838328871585815e-14,3.530153210383805e-14,2.3618356286805895e-14,1.8623140929295697e-14,1.2194311872022735e-14,9.591510414212365e-15,7.162520457871745e-15,3.819139147418722e-15,4.960040898462712e-15,2.2109674201159458e-15,1.5118981560697828e-09,8.440507334159652e-10,5.413804182571076e-10,2.95506130563457e-10,1.9493230723980267e-10,1.1218647861805864e-10,6.986587367840188e-11,4.1904886742880745e-11,2.5675675271503777e-11,1.4702674810412202e-11,8.270850959964629e-12,5.252452498229205e-12,2.7971496349925266e-12,1.4040077202329827e-12,6.745060385123304e-13,2.964440034439479e-13,1.1878297347872145e-13,5.6439241607659935e-14,3.34378991951416e-14
45.0,0.0,45.0,0.0,30.0,0.0,0.0,0.0,0.0,-13.0,0.0,2.0,0.0,0.0,0.0,1.948257504777102e-11,1.6867522346992935e-11,1.4107741656483122e-11,1.0943874382535515e-11,9.149797659351585e-12,7.092908205251454e-12,5.3989841560415015e-12,4.30185072754695e-12,2.650759041110079e-12,1.884293352296608e-12,1.101464356288642e-12,7.228640132941868e-13,4.061462129317218e-13,2.4121749542002926e-13,1.2993113559198567e-13,7.699456618848547e-14,4.679240306549327e-14,3.437170801699103e-14,2.1538528312814902e-14,1.7135954875160552e-14,1.386148005092376e-14,7.7769451287515e-15,6.3412285922513224e-15,4.934131063711459e-15,4.676850139184712e-15,2.638930938034218e-15,1.5047356224665666e-09,9.031122422502667e-10,5.194257977655867e-10,3.2009555405430096e-10,1.90140187784727e-10,1.1794229864757641e-10,6.847198741830985e-11,4.201026197097764e-11,2.561053664886072e-11,1.5727074583004852e-11,9.781206517833642e-12,4.9158604523463324e-12,2.7882547976170953e-12,1.4384206290309408e-12,6.665635453481329e-13,3.246899337808868e-13,1.4143941874713127e-13,5.3686936504035537e-14,5.7275576660159155e-15
46.0,0.0,46.0,0.0,30.0,0.0,0.0,0.0,0.0,-13.0,0.0,2.0,0.0,0.0,0.0,2.0388267498540296e-11,1.6673038644157788e-11,1.4488598760694557e-11,1.2074088105806436e-11,9.740504349667808e-12,7.236393320759171e-12,5.311028248829479e-12,3.869646566693743e-12,2.927995505032072e-12,1.7780967002810128e-12,1.1727257956557167e-12,7.555858902349196e-13,4.2358332215586563e-13,2.4279805984394297e-13,1.2733125795381522e-13,7.770780535909688e-14,4.852441478595835e-14,3.0404331425336645e-14,2.490381055096902e-14,1.618727195293103e-14,1.1898545595536855e-14,8.113419645165205e-15,6.780837166648351e-15,5.713264977777379e-15,2.847923314164337e-15,6.152654514034309e-16,1.5403841438427007e-09,9.082310866611829e-10,5.13262609058514e-10,3.177269195641036e-10,1.927464018888369e-10,1.1794246878877752e-10,7.480538781608984e-11,4.323390849068417e-11,2.5930725460178724e-11,1.5118521105281136e-11,9.084136697587262e-12,5.180272487892389e-12,2.852430877144098e-12,1.3020180873651642e-12,7.006729260795941e-13,3.4982360138200906e-13,1.411560340599277e-13,5.781375580400472e-14,2.8457754191602266e-14
47.0,0.0,47.0,0.0,30.0,0.0,0.0,0.0,0.0,-13.0,0.0,2.0,0.0,0.0,0.0,2.0064716188018332e-11,1.812579762158699e-11,1.44198552137898e-11,1.2072455578505217e-11,9.515396979230198e-12,7.193584724147538e-12,5.4053424808437195e-12,4.100586585510282e-12,2.81937414584096e-12,1.897887471022534e-12,1.2186150481164006e-12,7.42891477919099e-13,4.5366848400993305e-13,2.4418998784821874e-13,1.3087406873055076e-13,7.914004158018557e-14,4.7511977380145786e-14,2.996763970298501e-14,1.989662681540249e-14,1.5817367649100548e-14,1.2103125813312215e-14,8.31586973900867e-15,6.706139254915435e-15,2.1909671153950697e-15,2.0783762129257754e-15,2.5459093651302974e-15,1.5995802099724053e-09,8.905739224737001e-10,5.563395061063098e-10,3.2164660895629805e-10,2.0026126146550404e-10,1.2194598398586897e-10,7.194859510849123e-11,4.4747961554856644e-11,2.7143713917871587e-11,1.5940604549087126e-11,9.205550031799285e-12,5.269893422535342e-12,2.8771674865220012e-12,1.5193306729377359e-12,7.242559865337224e-13,3.42738713487938e-13,1.415476243512193e-13,6.061515133366917e-14,1.8649258073363028e-14
48.0,0.0,48.0,0.0,30.0,0.0,0.0,0.0,0.0,-13.0,0.0,2.0,0.0,0.0,0.0,2.1233265521671378e-11,1.7326777440004513e-11,1.4706423745531243e-11,1.206112505052193e-11,9.647740145013458e-12,7.533751340580504e-12,5.797614628071064e-12,4.093691206062459e-12,2.8728539291049566e-12,1.886829031690406e-12,1.2571025268744515e-12,7.898237578737642e-13,4.647433483802384e-13,2.6505532888563984e-13,1.3676074871812394e-13,8.121938862892649e-14,4.525507666754047e-14,2.971999638790207e-14,2.1565235042006445e-14,1.7415304927597393e-14,1.106564456696913e-14,9.497940688118744e-15,5.8252396640960435e-15,3.965254573175986e-15,3.8515676602264425e-15,2.4391759368348395e-15,1.6098842409799713e-09,9.639122450665293e-10,5.62164375558139e-10,3.3561483132556567e-10,2.020792377483081e-10,1.2392657104468313e-10,7.308556766929619e-11,4.583530207127378e-11,2.596741790489928e-11,1.577474446940403e-11,9.250285901244444e-12,5.112132677136585e-12,2.939231825945388e-12,1.4947352387301392e-12,7.582089502663302e-13,3.5160815225429996e-13,1.5418039714966194e-13,6.621764098820619e-14,2.8402224298076544e-14
49.0,0.0,49.0,0.0,30.0,0.0,0.0,0.0,0.0,-13.0,0.0,2.0,0.0,0.0,0.0,2.1104746038976615e-11,1.7791731370942565e-11,1.490060721040238e-11,1.2396598948250434e-11,1.0304407373293303e-11,7.314854931276044e-12,5.676506417153752e-12,4.059381934612854e-12,2.8587336646366196e-12,2.0557525300286974e-12,1.307112952423545e-12,7.904426878329014e-13,4.490564827986251e-13,2.6225291218389966e-13,1.3865212386286408e-13,7.95228991629545e-14,4.428522787540662e-14,2.934833304980339e-14,2.044546616399313e-14,1.2545441121266734e-14,9.612418191393687e-15,8.123026151487537e-15,3.3493830005084444e-15,2.1319373905766946e-15,1.680093991631981e-15,1.60647248304823e-15,1.7079427511230805e-09,9.080655245781887e-10,5.722390756393024e-10,3.42199518175359e-10,1.9640144538073825e-10,1.2418267508801517e-10,7.640460894904762e-11,4.742963560738971e-11,2.7847234976488143e-11,1.6264912482159885e-11,9.571945998800192e-12,5.255649890343132e-12,2.8835023002863217e-12,1.5359205242085268e-12,8.046372769325886e-13,3.7281704225695316e-13,1.7272502819191272e-13,4.9424079679873937e-14,3.29233147975118e-14
50.0,0.0,50.0,0.0,30.0,0.0,0.0,0.0,0.0,-13.0,0.0,2.0,0.0,0.0,0.0,2.0722227371864538e-11,1.7666611629834244e-11,1.5122997900753756e-11,1.224033696383212e-11,1.0592840078977044e-11,7.867168207288503e-12,5.9093364240089135e-12,4.2788117420684844e-12,3.0967066185776547e-12,2.0818244182374433e-12,1.4247550878984731e-12,8.104354981068198e-13,5.103549557311342e-13,2.860255999677918e-13,1.4878328993273228e-13,7.841595521757447e-14,4.9883917652886124e-14,3.1325740054503026e-14,2.0229381235319733e-14,1.2147550078237682e-14,8.34267495306265e-15,6.920447008067153e-15,6.482618394761317e-15,4.3423276241718256e-15,2.856421973338856e-15,2.2521483524385257e-15,1.729597299064788e-09,1.0167594874231214e-09,5.734107741256216e-10,3.336891153371193e-10,2.2227044446874733e-10,1.2542918220874214e-10,7.282514387097859e-11,4.67522870562499e-11,2.662562299662151e-11,1.6603874023046997e-11,9.356216259769713e-12,4.975132563049311e-12,3.022914039978513e-12,1.6336545252817693e-12,7.797552236942199e-13,3.7018902195248154e-13,1.7733410257197842e-13,7.542021287629239e-14,4.072334239602311e-14
51.0,0.0,51.0,0.0,30.0,0.0,0.0,0.0,0.0,-13.0,0.0,2.0,0.0,0.0,0.0,2.1795106113331906e-11,1.8229141531378276e-11,1.5304474629841312e-11,1.2680304533857255e-11,9.864558859325371e-12,8.040428215460951e-12,5.810258296960537e-12,4.5103406710358075e-12,3.0859879190138e-12,2.0926171511601123e-12,1.3616949319120456e-12,8.445680859192173e-13,5.200082220137516e-13,2.950441180975366e-13,1.4471796630724192e-13,8.517515800988074e-14,4.3450857200221636e-14,2.8313434462651085e-14,1.7964989809387988e-14,1.1505001916587894e-14,8.25139363067455e-15,7.232791337296304e-15,6.999975550083977e-15,2.8687584483809415e-15,3.0849814739385202e-15,3.1111306429148328e-15,1.786685674028098e-09,1.066872847093623e-09,5.829538031829853e-10,3.43763009884991e-10,2.0605287519119472e-10,1.2939435648648155e-10,7.701793021028252e-11,4.704351460688739e-11,2.7310868684088578e-11,1.584833097710438e-11,9.400947145175372e-12,5.575596130524841e-12,3.0291695012553332e-12,1.5740222150125525e-12,8.54575581454481e-13,3.8410580082527e-13,1.8369141277535843e-13,6.245968493122295e-14,3.9294003119318526e-14
52.0,0.0,52.0,0.0,30.0,0.0,0.0,0.0,0.0,-13.0,0.0,2.0,0.0,0.0,0.0,2.2168078792451843e-11,1.9431575730219382e-11,1.529867578068376e-11,1.2845041569783359e-11,1.02899887343099e-11,8.09270349048891e-12,6.10278229606513e-12,4.190157204157138e-12,3.072150756858634e-12,2.1978595669523217e-12,1.4524180117229582e-12,8.55768709094704e-13,5.338282322101303e-13,2.9961116189879215e-13,1.6684615200523625e-13,8.269959902550597e-14,4.810622143367015e-14,2.6563154129911096e-14,1.7828497529537168e-14,1.1434884674677952e-14,9.875216531865908e-15,5.07366731435471e-15,5.711010827620604e-15,3.790915900222387e-15,2.609359832692451e-15,9.541572220958877e-16,1.773386503129618e-09,1.0064261180253731e-09,6.089278235334662e-10,3.823871047080206e-10,2.0949334795907548e-10,1.3114275387611132e-10,8.095651257760553e-11,4.8448426408305256e-11,2.6960961392806652e-11,1.6064756449244627e-11,9.965359637811877e-12,5.648373884238814e-12,3.1345904948358446e-12,1.6792998131086123e-12,7.999392064456223e-13,3.9288748320636925e-13,1.8162630301316526e-13,5.2874074312263134e-14,2.7301653666130733e-14
53.0,0.0,53.0,0.0,30.0,0.0,0.0,0.0,0.0,-13.0,0.0,2.0,0.0,0.0,0.0,2.1224209938118265e-11,1.8624591974995164e-11,1.5706715064876735e-11,1.2534944515390182e-11,1.0554080650467876e-11,7.93710519544803e-12,6.017859262428189e-12,4.2667627356866556e-12,3.2418704666620946e-12,2.3009147203295085e-12,1.483377583015562e-12,9.078685061893807e-13,5.239061233409598e-13,3.0500644774431204e-13,1.6419770779849088e-13,8.398752473201066e-14,4.636524654522601e-14,2.7546626429086934e-14,1.9021078556023452e-14,1.1589103166989432e-14,9.057145260034498e-15,4.553545244407245e-15,3.815711665827995e-15,2.3666851119627387e-15,2.3322523883466015e-15,2.3113658121013975e-15,1.7923621276645374e-09,1.0824306841100866e-09,6.001148862703484e-10,3.6442944655406616e-10,2.2430433404870752e-10,1.308806634791638e-10,8.214764599257618e-11,4.9988771830914456e-11,2.8435353549880888e-11,1.732216883876508e-11,9.73358571257206e-12,5.580268363295571e-12,3.0104060943502256e-12,1.6531158352455325e-12,8.483251654323678e-13,4.056630193395936e-13,2.105125008549164e-13,8.777768103971555e-14,1.9938791114694486e-14
54.0,0.0,54.0,0.0,30.0,0.0,0.0,0.0,0.0,-13.0,0.0,2.0,0.0,0.0,0.0,2.2483890281098648e-11,1.981318119626325e-11,1.605855867837671e-11,1.2808351513586846e-11,1.045133231769622e-11,8.023311594720806e-12,6.262267740787292e-12,4.750092589913355e-12,3.3159326987479142e-12,2.3007488866120487e-12,1.523440325840175e-12,8.736241120917644e-13,5.607437402219414e-13,3.2569591786528493e-13,1.6712926129583856e-13,8.766310018992238e-14,4.716983215742984e-14,2.969569046712164e-14,1.4474695023299046e-14,1.1937720372558402e-14,6.8606355837351674e-15,7.091240874655e-15,5.890961775353336e-15,3.012500809617905e-15,2.3407536151033106e-15,1.0258160908550732e-15,1.987915334911558e-09,1.0880225436885486e-09,6.295927344811309e-10,3.7265996732437244e-10,2.2013434188260736e-10,1.392643653615533e-10,8.10854431159567e-11,4.503777007684414e-11,2.907361221670039e-11,1.6654831918821842e-11,1.0117196584053536e-11,5.92413304830958e-12,3.1866427729808507e-12,1.6941095995064245e-12,9.069281166182041e-13,4.4461196517271233e-13,1.9167026339179875e-13,8.469545319386004e-14,3.802817426569295e-14
55.0,0.0,55.0,0.0,30.0,0.0,0.0,0.0,0.0,-13.0,0.0,2.0,0.0,0.0,0.0,2.180856933044334e-11,1.916153644906779e-11,1.628146655188545e-11,1.2704285131535236e-11,1.0207446395663534e-11,8.2016536486569e-12,6.432797774529838e-12,4.7018265874625e-12,3.2622679415085342e-12,2.2658739558487612e-12,1.391211078939759e-12,9.760404985059018e-13,5.770952251764027e-13,3.22038719295772e-13,1.8376096647169e-13,9.203750504615553e-14,4.892470380534689e-14,3.173752162831638e-14,1.7205122817762668e-14,9.94418760828473e-15,1.0330973448099292e-14,5.804616777591051e-15,4.600476464145432e-15,1.8071989788351357e-15,2.1217526380113784e-15,7.18588916128734e-16,1.8239136976051172e-09,1.1169198464339494e-09,6.52574596709376e-10,3.8804467770623933e-10,2.2290888491553633e-10,1.3493386604241494e-10,8.008377820254031e-11,4.7670713735082174e-11,2.7714588378890987e-11,1.7586721686923543e-11,9.679986413876507e-12,5.957987565240753e-12,3.332487243718593e-12,1.7239181280277572e-12,9.607637319747404e-13,4.4334877774899226e-13,1.8907053174706078e-13,8.767328372606612e-14,3.188288411691572e-14
56.0,0.0,56.0,0.0,30.0,0.0,0.0,0.0,0.0,-13.0,0.0,2.0,0.0,0.0,0.0,2.1609379973514634e-11,1.85692583638189e-11,1.569410899014308e-11,1.4169169962062457e-11,1.0695716393313274e-11,7.94957658125547e-12,6.033347434644469e-12,4.483368493106482e-12,3.4279231734895856e-12,2.324613644604099e-12,1.4312608931783463e-12,9.886670947528862e-13,5.812843753443755e-13,3.323457746022259e-13,1.7786757807168885e-13,9.502604266252701e-14,5.166803895300667e-14,2.9086499257397505e-14,1.5284349685233636e-14,1.2674980494284647e-14,6.201833977172514e-15,6.123518930219046e-15,4.62261499983548e-15,3.282192179347893e-15,9.93159393007893e-16,2.823851703561871e-15,1.923725394116182e-09,1.1356526254861044e-09,6.623004184839499e-10,3.778552671554075e-10,2.365777507307785e-10,1.3822715256824825e-10,8.347127704322363e-11,4.8487316666165706e-11,3.0172700736640226e-11,1.7442849528446732e-11,1.0331713949775528e-11,5.739693285139847e-12,3.365355861235569e-12,1.6643607994341029e-12,9.278572750758386e-13,4.4544694582142685e-13,2.0169059111487516e-13,6.532781838022216e-14,1.511004057170804e-14
57.0,0.0,57.0,0.0,30.0,0.0,0.0,0.0,0.0,-13.0,0.0,2.0,0.0,0.0,0.0,2.3295242210230602e-11,1.9692706534257992e-11,1.5882200100318727e-11,1.3472512405810462e-11,1.1000921475714243e-11,8.155180882980854e-12,6.28338123071312e-12,4.768271414796119e-12,3.285600684364866e-12,2.2496405207212726e-12,1.5517439263268664e-12,1.0425871658296587e-12,5.777850070080496e-13,3.495395596123325e-13,1.886751471926048e-13,9.847540717049586e-14,5.2423432329575345e-14,3.1015300583200744e-14,1.5611119351918773e-14,1.1116668105347849e-14,6.975720835740842e-15,3.606249253530594e-15,4.690487872404341e-15,2.0994213806659562e-15,6.986801760909172e-16,5.963763316013812e-16,2.0317933611423796e-09,1.1960527067362544e-09,6.965201565544467e-10,4.040923534748521e-10,2.3716580947628287e-10,1.498412109432944e-10,7.988513671219693e-11,5.034369007293213e-11,2.901955226538195e-11,1.8462209390555665e-11,9.992372535195351e-12,5.772907932003786e-12,3.301314773124383e-12,1.71098120774509e-12,9.072723825974068e-13,4.4244243349475737e-13,2.300270407567596e-13,9.76723349171267e-14,5.3912852883629585e-14
58.0,0.0,58.0,0.0,30.0,0.0,0.0,0.0,0.0,-13.0,0.0,2.0,0.0,0.0,0.0,2.2522270566441556e-11,1.969838723016999e-11,1.6633394077145713e-11,1.3036925828844077e-11,1.0695453840617665e-11,8.067167381262862e-12,6.6559053406076245e-12,5.123268102918106e-12,3.4528713036871167e-12,2.3295634823538687e-12,1.5473427356696124e-12,1.053484500777516e-12,6.107213570387272e-13,3.556595252935563e-13,1.9090565491270998e-13,1.0114551982916444e-13,5.130199169225736e-14,2.919970480503377e-14,1.534467911396957e-14,1.0755017360533137e-14,7.41183337254886e-15,5.6074281272924724e-15,1.6188210044422284e-15,2.968027282956159e-15,2.529571777640261e-15,5.98501792879205e-16,2.0631064813982065e-09,1.1960334772210028e-09,6.839084137264751e-10,4.120722079619423e-10,2.397813471455325e-10,1.4590324405368324e-10,8.599905688476772e-11,4.969855887906915e-11,2.963413099209401e-11,1.8479816895074338e-11,1.0033751007811816e-11,5.978490570061981e-12,3.1823850047296258e-12,1.8079765082266708e-12,9.621191529290553e-13,4.742125139936851e-13,2.242723721728939e-13,1.045031450278578e-13,3.277368745738904e-14
59.0,0.0,59.0,0.0,30.0,0.0,0.0,0.0,0.0,-13.0,0.0,2.0,0.0,0.0,0.0,2.4486762467980752e-11,1.9982412455150524e-11,1.7106835206507493e-11,1.4469267466183816e-11,1.0865475174409616e-11,8.335689174663419e-12,6.458345084764198e-12,4.835367623294545e-12,3.524576404748043e-12,2.3955540991307036e-12,1.554661810157821e-12,1.0435410017895453e-12,6.366992299900498e-13,3.5917947677533355e-13,1.9623256310163175e-13,1.1018917823279902e-13,5.471421381071713e-14,2.8066629836947615e-14,1.5580306643308435e-14,1.3016147160894035e-14,6.839848500497905e-15,5.287335512732698e-15,4.953506198919193e-15,2.3795399569771264e-15,1.7641236335991462e-15,1.5438134416818135e-15,2.2159798080836597e-09,1.2452377636387097e-09,6.897744888983411e-10,4.4398434879913397e-10,2.443454341097997e-10,1.4733795177271125e-10,8.338595829367052e-11,4.756956043265184e-11,3.160014927476559e-11,1.878074140143353e-11,9.660606321486299e-12,5.732199974569233e-12,3.2171605212806933e-12,1.8273884107118276e-12,9.738242592867693e-13,4.907116257359531e-13,2.167132752760469e-13,1.0872605134110554e-13,3.8303429380823245e-14
60.0,0.0,60.0,0.0,30.0,0.0,0.0,0.0,0.0,-13.0,0.0,2.0,0.0,0.0,0.0,2.3746430315225668e-11,2.0418296641532077e-11,1.6611773396943943e-11,1.3990736776242011e-11,1.0816276537636025e-11,8.262884456120537e-12,6.3164093359159614e-12,4.740637599098521e-12,3.3798952470929507e-12,2.365982545653282e-12,1.647492037913915e-12,1.0025757227542983e-12,6.206469731222068e-13,3.884935124099644e-13,1.961530939701402e-13,1.0465389640528405e-13,5.628494814202044e-14,2.860772687538095e-14,1.7913230962600365e-14,9.71832730084849e-15,6.060394642399857e-15,5.583706325497417e-15,4.5384356656108896e-15,2.3346951755918424e-15,1.484159558748277e-15,8.959377502777644e-16,2.143352897741006e-09,1.3396927875258531e-09,7.119503974597892e-10,4.293596010317683e-10,2.403792224003177e-10,1.4692887944727748e-10,8.546797299039622e-11,5.3029098865535536e-11,3.002037956453019e-11,1.9499108495818285e-11,1.0174186807878597e-11,6.0514225792057885e-12,3.3961661912420733e-12,1.869344394363465e-12,9.688140477548538e-13,4.963588243698667e-13,2.211816619065374e-13,1.0535652075316311e-13,4.930992101096817e-14
61.0,0.0,61.0,0.0,30.0,0.0,0.0,0.0,0.0,-13.0,0.0,2.0,0.0,0.0,0.0,2.480251526185537e-11,2.068242465458758e-11,1.6857123230864607e-11,1.4356772971399627e-11,1.0815208812108457e-11,8.842054657015284e-12,6.67757759629182e-12,4.607775684671037e-12,3.5889230960691434e-12,2.5079501578570147e-12,1.6732047007051449e-12,1.0861817304599035e-12,6.322879676600144e-13,3.683445150601266e-13,2.1239458647512937e-13,1.097731213631434e-13,5.5475356379911736e-14,3.172575548686307e-14,1.7118441384335826e-14,9.518510550992979e-15,6.655576589882228e-15,2.7985462830405598e-15,3.92111310677872e-15,1.5739278346397463e-15,3.2578707009202608e-15,5.472799701287899e-16,2.338007108369451e-09,1.2289649204509773e-09,7.316900661969786e-10,4.4455680859570066e-10,2.512770839861436e-10,1.6165930037481701e-10,8.688255293740728e-11,5.2675400514194694e-11,3.0598632236157146e-11,1.780197452435757e-11,1.023731747497927e-11,6.073964427423331e-12,3.32087019858994e-12,1.8759715189682254e-12,9.167277296736001e-13,5.058206951698456e-13,2.2255322564702032e-13,1.0279359292478353e-13,2.529194900534394e-14
62.0,0.0,62.0,0.0,30.0,0.0,0.0,0.0,0.0,-13.0,0.0,2.0,0.0,0.0,0.0,2.4387649636330176e-11,2.1484776828027808e-11,1.7489607532083675e-11,1.4101152117104124e-11,1.1278521790257237e-11,8.448379287802658e-12,6.547574893319214e-12,5.081370717660604e-12,3.4758104653150222e-12,2.460891620764233e-12,1.70792990829774e-12,1.0666869150859084e-12,6.712326349465396e-13,3.867664813855247e-13,2.0679711771126733e-13,1.1445438976480185e-13,6.223976716654888e-14,3.2745626379086443e-14,1.922017587191544e-14,7.80198815783517e-15,4.726024503933048e-15,3.97342321756429e-15,3.0344168587656763e-15,3.576545007399857e-15,1.112251457196235e-16,4.600628986459425e-16,2.3674768399804886e-09,1.3102649285609295e-09,7.751085157690181e-10,4.242864492337474e-10,2.6176177480041903e-10,1.5669712382902027e-10,8.683112737992859e-11,5.5168503679597966e-11,3.1478577666013004e-11,1.7831469598398795e-11,1.018024909888041e-11,5.8824057931629946e-12,3.333184489020292e-12,1.8542210556941437e-12,1.0060027281415513e-12,5.136285895194248e-13,2.3664308695740345e-13,1.1238462421386642e-13,5.402082532353178e-14
63.0,0.0,63.0,0.0,30.0,0.0,0.0,0.0,0.0,-13.0,0.0,2.0,0.0,0.0,0.0,2.4638094434432925e-11,2.164702986730681e-11,1.6832510517090957e-11,1.507900220169147e-11,1.1569522249866437e-11,8.87943605083994e-12,7.001343358132232e-12,5.205415780992043e-12,3.7849557713888534e-12,2.6045991630280546e-12,1.6954379830193057e-12,1.0645697942684749e-12,6.472242197143543e-13,4.381644243532283e-13,2.251192098630873e-13,1.1507266971093447e-13,5.809616433101648e-14,2.912496336295379e-14,1.878518497346925e-14,1.0037750358322936e-14,7.475408455831623e-15,2.9146215474292074e-15,2.7987263230227654e-15,4.94089993179335e-16,7.506417959354493e-16,5.632396550933036e-16,2.395824353300492e-09,1.341327936173512e-09,7.772490863994695e-10,4.4594257293676764e-10,2.5916154018473424e-10,1.4886087786979075e-10,8.981930296848703e-11,5.425489016990336e-11,3.1943393537296106e-11,1.8234506038498477e-11,1.0620096629412617e-11,5.9076980899993465e-12,3.348840130409209e-12,1.9767411025119675e-12,9.547951107567931e-13,5.165688686245736e-13,2.4035684795697294e-13,1.3220893416538887e-13,4.9068751104816305e-14
64.0,0.0,64.0,0.0,30.0,0.0,0.0,0.0,0.0,-13.0,0.0,2.0,0.0,0.0,0.0,2.465314181081814e-11,2.1720557343578627e-11,1.7415641279380805e-11,1.4084207858894288e-11,1.1320045419210858e-11,9.155729539870557e-12,6.991351772376648e-12,4.992742939592736e-12,3.744676494652744e-12,2.4572221692925624e-12,1.6553911033138466e-12,1.0254737441201272e-12,6.98040756331871e-13,3.7637046240067765e-13,2.335601287332591e-13,1.1836755077612667e-13,6.312943627685265e-14,3.513273336996605e-14,1.8026709559105573e-14,1.1770861325592613e-14,6.113036227783138e-15,4.303654703780651e-15,1.6181292357231542e-15,1.880934531908074e-15,2.754059972562579e-15,3.0163877792405803e-16,2.4466483785690506e-09,1.3597983499027871e-09,7.705255412443171e-10,4.6291049417743944e-10,2.747198879154885e-10,1.6125780774716624e-10,9.955700788975442e-11,5.3245463995378706e-11,3.120483953901556e-11,1.88214920559067e-11,1.0641147972187152e-11,6.0390973292010274e-12,3.679492235937722e-12,1.9157543515512834e-12,9.84092495060026e-13,4.995534401429987e-13,2.270583480935893e-13,1.1988736434016768e-13,4.958453161028292e-14
65.0,0.0,65.0,0.0,30.0,0.0,0.0,0.0,0.0,-13.0,0.0,2.0,0.0,0.0,0.0,2.6131314207039343e-11,2.1790687335139995e-11,1.8096081910041075e-11,1.483636106767322e-11,1.1272712623266893e-11,8.477652458800082e-12,6.529808719189641e-12,5.022034231656574e-12,3.5357153884303273e-12,2.3814214045982047e-12,1.5934877572101356e-12,1.0732145211112212e-12,6.517918645375547e-13,4.144095150077373e-13,2.3764548266931997e-13,1.288391806548942e-13,6.582371320981752e-14,3.203997894839035e-14,1.760028761905717e-14,1.2700388798615947e-14,7.27654239784048e-15,4.119859093753508e-15,2.0076441364714848e-15,3.571124158833304e-15,3.910472545250027e-15,-4.927180822510408e-16,2.4207203512809446e-09,1.3232667201743602e-09,8.384613269612957e-10,4.600354944478879e-10,2.6358641579599375e-10,1.639235746595758e-10,9.899360450949868e-11,5.76944155247908e-11,3.165624820031127e-11,1.9597741146700143e-11,1.061153884140015e-11,6.198129485335539e-12,3.376191398004509e-12,1.792420467113337e-12,9.788877888253635e-13,5.350211482034505e-13,2.33557942439182e-13,1.1430126489629046e-13,4.005783800962754e-14
66.0,0.0,66.0,0.0,30.0,0.0,0.0,0.0,0.0,-13.0,0.0,2.0,0.0,0.0,0.0,2.6025106831809042e-11,2.1174978134358977e-11,1.796416014190174e-11,1.4514351542136722e-11,1.201455057684323e-11,9.260908088003315e-12,6.726023177954251e-12,5.263675349753777e-12,3.697676420390799e-12,2.5970506611553518e-12,1.7627629015917725e-12,1.1648403976638391e-12,7.128535695598722e-13,4.1975470630346916e-13,2.500456811137493e-13,1.2854562157384049e-13,6.292565285417359e-14,3.394645801160074e-14,1.6447018490969277e-14,1.034327601263972e-14,6.097658606919387e-15,5.626956277729533e-15,3.0800503994149555e-15,3.7369916948926314e-16,2.9756905518956386e-16,6.18394097852228e-16,2.7305692997393866e-09,1.5429768879090621e-09,7.914621931335565e-10,4.750533016227908e-10,2.6956476600272413e-10,1.562636207211574e-10,9.222381556693074e-11,5.758771338756336e-11,3.3263988688509145e-11,1.9395131741598457e-11,1.0629458719865519e-11,5.882039529133601e-12,3.3863147387901585e-12,1.949332429823809e-12,1.0226020017960174e-12,5.251593557135868e-13,2.652478974031053e-13,1.436420185106565e-13,3.7995087044316196e-14
67.0,0.0,67.0,0.0,30.0,0.0,0.0,0.0,0.0,-13.0,0.0,2.0,0.0,0.0,0.0,2.6740652165442198e-11,2.2414608913337235e-11,1.9196740775504844e-11,1.457343300482276e-11,1.2023606246592276e-11,8.823393729460838e-12,6.783815851276302e-12,4.856034119976149e-12,3.570452958139057e-12,2.6639758209448554e-12,1.7894947678403994e-12,1.1669850428650284e-12,6.842855540359354e-13,4.3016277330965257e-13,2.488848517887933e-13,1.3687874119579844e-13,6.581948801873731e-14,3.2236884452852995e-14,1.7470209553623562e-14,8.284907519200233e-15,7.638566695971231e-15,2.3682518717880576e-15,3.5002141160784937e-15,3.906270997665386e-15,-9.477170837770227e-17,1.1830298698774213e-15,2.772060222318475e-09,1.5219381628565046e-09,8.30599854654161e-10,4.606602947920747e-10,2.7837307491529075e-10,1.5187567838881175e-10,9.991744437951448e-11,5.5111697062814566e-11,3.3697770286152414e-11,1.9195045632228868e-11,1.1157126445578927e-11,6.340184842935702e-12,3.428740843112447e-12,1.9373864413599568e-12,1.0534035382898349e-12,5.473989722556072e-13,2.58296816279533e-13,1.215468424642272e-13,5.383462824441591e-14
68.0,0.0,68.0,0.0,30.0,0.0,0.0,0.0,0.0,-13.0,0.0,2.0,0.0,0.0,0.0,2.7270687093801547e-11,2.1940579057928714e-11,1.7269447531491725e-11,1.5830523192200307e-11,1.1995255698232774e-11,9.074522575680454e-12,6.725290773979047e-12,5.371655330828323e-12,3.78230869944772e-12,2.714505592250608e-12,1.7146589446464597e-12,1.1696742728291891e-12,7.369065550270514e-13,4.413600773600784e-13,2.4838037757344326e-13,1.3475093090455123e-13,7.115755949266429e-14,3.617359301978755e-14,1.907028291309734e-14,8.696971864004999e-15,5.7574200486061305e-15,2.5056040540079403e-15,2.449042165952309e-15,2.828961314418077e-15,6.443665364987661e-16,1.7349795892022056e-15,2.7409315700141503e-09,1.4303276423967509e-09,8.692686185817259e-10,5.109971297952204e-10,2.8326039175489034e-10,1.6733256549764848e-10,1.0100166426156558e-10,5.714964979821424e-11,3.4194566493335124e-11,1.9624840440142133e-11,1.1211905150197803e-11,6.371161237476374e-12,3.6850196224762895e-12,1.940260277509706e-12,1.0533379840183898e-12,5.427217151727395e-13,2.583722920351649e-13,1.2517704981860788e-13,3.621349104055936e-14
69.0,0.0,69.0,0.0,30.0,0.0,0.0,0.0,0.0,-13.0,0.0,2.0,0.0,0.0,0.0,2.6386971007513012e-11,2.3106165063473634e-11,1.85999430959635e-11,1.474860536770736e-11,1.212193751121453e-11,9.286789986001683e-12,7.119131338570197e-12,5.418751076255766e-12,3.778362799764535e-12,2.7062062084436204e-12,1.7512426651785886e-12,1.094931850117148e-12,6.9581426737876e-13,4.3789877077120005e-13,2.701011027153803e-13,1.3627700404890663e-13,7.008793918865973e-14,3.594446114417385e-14,1.9471660531488442e-14,1.0077470352878876e-14,6.735782220984065e-15,3.5722177758454395e-15,2.805755872046555e-15,1.4362682868748972e-15,1.1145965105898572e-15,1.2782028516441483e-15,2.893180445692749e-09,1.5494388810262066e-09,9.199679519012152e-10,5.024554108165027e-10,2.8951726990314903e-10,1.6634604364024976e-10,9.908768361967245e-11,5.7785014075786455e-11,3.3518313484818253e-11,2.0754616909563347e-11,1.0759741162411203e-11,6.473452148564317e-12,3.5461920670592073e-12,1.9007009848119222e-12,1.0880675814230157e-12,5.367403327049841e-13,2.5942453680862066e-13,1.2375430796465712e-13,4.5949976770557894e-14
70.0,0.0,70.0,0.0,30.0,0.0,0.0,0.0,0.0,-13.0,0.0,2.0,0.0,0.0,0.0,2.6940851896768645e-11,2.2057203555453552e-11,1.8452889132191694e-11,1.6021199454928135e-11,1.1327379702074332e-11,9.849149052410052e-12,7.135896777937928e-12,5.135653351809514e-12,3.885564870689108e-12,2.6050990690716266e-12,1.7939243232620222e-12,1.2024921773256172e-12,7.543572932929918e-13,4.483934028495369e-13,2.6548456358896046e-13,1.3834040340011442e-13,7.070289650376343e-14,3.799463696541977e-14,1.744807165365778e-14,1.0618733476096113e-14,4.6344528565966975e-15,1.81310687352689e-15,1.986012199067707e-15,1.3629512399802353e-15,6.416931598953302e-16,2.2603679785145836e-15,3.0580171070410053e-09,1.5631814020057639e-09,8.755481515630271e-10,5.220935153149431e-10,2.9883558656132704e-10,1.720049409942485e-10,1.0449135626627316e-10,5.929248383379997e-11,3.410267320644222e-11,1.917767277334359e-11,1.0901057348306783e-11,6.642892782660477e-12,3.7256296680185645e-12,2.01549790141705e-12,1.0167587580530335e-12,5.632937879778362e-13,2.730507131393012e-13,1.3755994034310053e-13,6.298182353770627e-14
71.0,0.0,71.0,0.0,30.0,0.0,0.0,0.0,0.0,-13.0,0.0,2.0,0.0,0.0,0.0,2.6887903374226133e-11,2.2803503419886822e-11,1.9158027872634446e-11,1.5322868527211473e-11,1.149898192944699e-11,9.188924607818791e-12,7.378042644515181e-12,5.227023262991536e-12,3.932759232521606e-12,2.602056940503348e-12,1.9024701788250974e-12,1.2307195649225204e-12,7.390385241962212e-13,4.547644371670803e-13,2.64573013232339e-13,1.3759553414516515e-13,6.993028034925332e-14,3.97966762024654e-14,1.88851419145354e-14,8.971860656451686e-15,6.142087970642023e-15,4.8594879246650615e-15,3.014559720499934e-15,2.158773075487651e-15,3.123132695599479e-16,1.0611970610894127e-15,3.0549301516907745e-09,1.6552639424383218e-09,9.600402430997538e-10,5.375570540569323e-10,3.0803419133959824e-10,1.8065096353195596e-10,1.045329415550756e-10,5.979848408404815e-11,3.532602407055234e-11,1.9915182069238218e-11,1.1820691892631993e-11,6.379374456035127e-12,3.727010708978276e-12,1.996407433494468e-12,1.10160700340476e-12,5.533884410087645e-13,2.8359039464960075e-13,1.2046356569838437e-13,7.381261555918701e-14
72.0,0.0,72.0,0.0,30.0,0.0,0.0,0.0,0.0,-13.0,0.0,2.0,0.0,0.0,0.0,2.750225537991883e-11,2.2286061262058414e-11,1.9549459945802313e-11,1.5713053113017705e-11,1.248365761495931e-11,9.964383334931539e-12,7.314497813636837e-12,5.157192872068533e-12,3.794375063747654e-12,2.704669305373449e-12,1.9309884502193102e-12,1.192801219161849e-12,7.767274749361698e-13,4.569904877044437e-13,2.7467190336751666e-13,1.451839215190015e-13,7.683772476244875e-14,3.908044774655136e-14,1.7561959389893954e-14,1.050491542426844e-14,5.160713104409528e-15,5.02642516501502e-15,3.2439514221800904e-15,2.745302531052977e-15,2.5037706720903583e-15,1.5236831646949141e-15,3.1284684905534675e-09,1.7340466344353769e-09,9.744195564349754e-10,5.351864616339963e-10,3.167048364168666e-10,1.8415256655403513e-10,1.0295447593989175e-10,6.413299358924208e-11,3.548110420926922e-11,2.1167914461281114e-11,1.1948083508576152e-11,6.629069804913015e-12,3.521655359974911e-12,2.024500729242462e-12,1.109252265865522e-12,5.87791275373942e-13,2.898361087965166e-13,1.2339598729477642e-13,6.906482846072929e-14
73.0,0.0,73.0,0.0,30.0,0.0,0.0,0.0,0.0,-13.0,0.0,2.0,0.0,0.0,0.0,2.8749902345120912e-11,2.3333780644160484e-11,1.955562865376232e-11,1.5813332062998133e-11,1.1915125019035949e-11,9.88777475295161e-12,7.346170989332074e-12,5.517319765688927e-12,4.010946892080548e-12,2.8569008761071103e-12,1.8623909442301004e-12,1.2117440613178779e-12,7.582206186213567e-13,4.645967534242014e-13,2.703606235615374e-13,1.4472315843105477e-13,8.160406453812743e-14,4.041875021524396e-14,1.8836762076012826e-14,8.928773381456885e-15,4.171528067974165e-15,4.186982718483368e-15,2.1764478141117037e-15,2.116238193844203e-15,-9.783409351041102e-17,6.252796331664857e-16,3.288005362644348e-09,1.6355734765188238e-09,9.134005812937327e-10,5.466697430316431e-10,3.1207094265443374e-10,1.7673896362526653e-10,1.0479234094855498e-10,6.09689107878213e-11,3.5784294879056187e-11,2.095662035168058e-11,1.1791529047098137e-11,6.5490648780455804e-12,3.772623293262822e-12,2.021318869600662e-12,1.0866085498075843e-12,5.716413503632671e-13,2.84019861373524e-13,1.462216493516964e-13,5.717280751546676e-14
74.0,0.0,74.0,0.0,30.0,0.0,0.0,0.0,0.0,-13.0,0.0,2.0,0.0,0.0,0.0,2.936854200621922e-11,2.4957801175334884e-11,1.970070955395267e-11,1.6638967661416702e-11,1.2662838968518317e-11,9.755374517556672e-12,7.181224981630786e-12,5.457278462722567e-12,4.0434053459209415e-12,2.73157755856539e-12,1.8422969703180436e-12,1.2275064639350292e-12,7.725509301930175e-13,4.979576135241593e-13,2.882155879006201e-13,1.551418153055637e-13,8.435604743860692e-14,3.989127802816684e-14,2.021656359300104e-14,8.094838491711091e-15,6.7477103757858704e-15,1.6946655393595652e-15,2.4443839248755234e-15,2.407687643657368e-15,1.1801150436253397e-17,6.231764138718484e-16,3.3119157945345875e-09,1.7918408874416885e-09,1.0070728373597379e-09,5.732191525618999e-10,3.166378387256842e-10,1.8138197042743065e-10,1.0488512778309321e-10,6.459879788828963e-11,3.716105703289862e-11,2.139415856272887e-11,1.1444298928310167e-11,6.485475597526389e-12,3.786426849702026e-12,2.1119316169638176e-12,1.0963269672838475e-12,5.702023604263307e-13,2.8156107613742896e-13,1.3471018470140115e-13,4.482333814588403e-14
75.0,0.0,75.0,0.0,30.0,0.0,0.0,0.0,0.0,-13.0,0.0,2.0,0.0,0.0,0.0,2.9193917269345424e-11,2.4547893886620933e-11,2.0225952691885805e-11,1.5786508087899483e-11,1.3109045235980034e-11,1.0114865851674235e-11,7.307131215217613e-12,5.7162371175442276e-12,3.84915086758192e-12,2.791754790116096e-12,1.9276682303457224e-12,1.2061631135283185e-12,8.419798291841523e-13,4.895328252203908e-13,2.8774203093084794e-13,1.5888889581758634e-13,8.487161457081187e-14,4.0679556669033604e-14,2.098675845869928e-14,9.32103869447023e-15,7.20809851639944e-15,4.6029515951353134e-15,4.051761680025415e-15,8.630258439703732e-16,1.5777238165616086e-15,6.788362907128211e-16,3.537792057109262e-09,1.8224322820107579e-09,1.089563687961898e-09,5.698220999532155e-10,3.328729311020863e-10,1.778309716674842e-10,1.0882269166494033e-10,6.385928279869114e-11,3.5919103447044337e-11,2.109064306481436e-11,1.1868374946178825e-11,6.74706114146692e-12,3.715381695062506e-12,2.025696738872417e-12,1.1077557482464941e-12,5.6712513842921e-13,2.9487716608368925e-13,1.43118915777744e-13,6.827464432023005e-14
76.0,0.0,76.0,0.0,30.0,0.0,0.0,0.0,0.0,-13.0,0.0,2.0,0.0,0.0,0.0,2.9553954677885355e-11,2.515997219620818e-11,2.083756121268171e-11,1.673736906219709e-11,1.3061133075027683e-11,9.772640517913505e-12,7.253815913769459e-12,5.914676685274622e-12,4.090447947474244e-12,2.893828602586286e-12,1.9497005804886636e-12,1.2851467531967348e-12,8.023070100825279e-13,5.386194053528259e-13,2.86441834791923e-13,1.5602463506316184e-13,8.222431837583334e-14,4.3146566167012466e-14,2.1227818629434678e-14,1.203319002147961e-14,6.963237767808953e-15,2.0506586687137453e-15,1.5643600095368503e-15,1.4004032725836132e-15,1.838737265350715e-15,-2.5467203600253244e-16,3.6113189011862944e-09,1.8276120185215873e-09,1.061333453749467e-09,5.997737395707855e-10,3.400503967451304e-10,1.915397742349902e-10,1.1024862496865846e-10,6.686237229509152e-11,3.8106022699159965e-11,2.046346532557375e-11,1.21948255600915e-11,6.326891914364861e-12,3.660038075967718e-12,1.95074127002004e-12,1.054769978834628e-12,5.606145662104644e-13,2.9222523099609683e-13,1.491791760047346e-13,6.238028604646314e-14
77.0,0.0,77.0,0.0,30.0,0.0,0.0,0.0,0.0,-13.0,0.0,2.0,0.0,0.0,0.0,2.8376931635338008e-11,2.274490840237413e-11,2.0074491453159818e-11,1.626169119806025e-11,1.3533544377878355e-11,1.0046752584790349e-11,7.863233071051216e-12,5.383595062113371e-12,4.121083657073029e-12,2.676483874902258e-12,1.830838171943435e-12,1.242095973641012e-12,7.916335112930856e-13,5.085231496047113e-13,2.966368871787605e-13,1.6541609523539722e-13,8.899286462509377e-14,4.0824778552170184e-14,2.1122704698259793e-14,1.083695503482361e-14,5.89903635063897e-15,3.5642678930793645e-15,2.1536765068621903e-15,8.909406738292509e-16,-3.597371989208453e-16,2.375913323870547e-15,3.802741891967023e-09,2.0770257985333316e-09,1.0316936599327768e-09,5.705829037747762e-10,3.398386050471464e-10,2.0125037499330875e-10,1.1235291033713907e-10,6.506203703952755e-11,3.680598383996279e-11,2.153128200496385e-11,1.1663018444722858e-11,6.844377864191882e-12,3.667377928050732e-12,1.857888618846037e-12,1.1297752582468578e-12,5.620696992457158e-13,2.800792775997899e-13,1.531855784754811e-13,6.84913855422997e-14
78.0,0.0,78.0,0.0,30.0,0.0,0.0,0.0,0.0,-13.0,0.0,2.0,0.0,0.0,0.0,3.083669696128412e-11,2.448395035143351e-11,2.167038333641063e-11,1.795592705136161e-11,1.2849351062137284e-11,9.981041660242886e-12,7.609149511623261e-12,5.5418986830259785e-12,3.9194302341918896e-12,2.8303502557568993e-12,1.990078532463917e-12,1.2637253316519735e-12,8.391508548840221e-13,4.957623449674791e-13,3.062151040433585e-13,1.691864005247786e-13,8.772784960150222e-14,4.620900308130539e-14,2.2714646843593496e-14,9.782829555808522e-15,6.744105935365403e-15,3.369288123609117e-15,3.078797844944297e-15,-5.576062835793779e-16,9.607426217310695e-16,2.5544193066567238e-15,3.7360957729895e-09,2.0235807320087708e-09,1.15012243017292e-09,6.220242676994153e-10,3.396149356963039e-10,1.8311468426506076e-10,1.1574753182262683e-10,6.611870723728936e-11,3.704603711577829e-11,2.0903181239018738e-11,1.2035418136512395e-11,6.876101639930678e-12,3.8889824356682716e-12,2.096833477199074e-12,1.117814260413447e-12,5.992932275743651e-13,3.0954469354886126e-13,1.4104669384607377e-13,6.711693643630293e-14
