Fiducial,Line_number,Easting,Northing,Height,Elevation,tx_pitch,tx_roll,tx_yaw,txrx_dx,txrx_dy,txrx_dz,rx_pitch,rx_roll,rx_yaw,PX,PZ,S0X_time_1.086e-05,S0X_time_3.256e-05,S0X_time_5.426e-05,S0X_time_8.680e-05,S0X_time_1.411e-04,S0X_time_2.279e-04,S0X_time_3.689e-04,S0X_time_5.860e-04,S0X_time_9.115e-04,S0X_time_1.411e-03,S0X_time_2.192e-03,S0X_time_3.418e-03,S0X_time_5.339e-03,S0X_time_8.301e-03,S0X_time_1.338e-02,S0Z_time_1.086e-05,S0Z_time_3.256e-05,S0Z_time_5.426e-05,S0Z_time_8.680e-05,S0Z_time_1.411e-04,S0Z_time_2.279e-04,S0Z_time_3.689e-04,S0Z_time_5.860e-04,S0Z_time_9.115e-04,S0Z_time_1.411e-03,S0Z_time_2.192e-03,S0Z_time_3.418e-03,S0Z_time_5.339e-03,S0Z_time_8.301e-03,S0Z_time_1.338e-02
0.0,0.0,0.0,0.0,120.0,0.0,0.0,0.0,0.0,-107.0,0.0,-45.0,0.0,0.0,0.0,34.27253218749016,17.55503396713325,4.569113488389733,2.668519229649635,2.169480563067049,1.7448278917984616,1.2571973103505831,0.7895917201889421,0.41812478070048026,0.18622513807626026,0.07735749667575546,0.03049129678553428,0.008800271077249499,0.004109043432221108,-0.005670713484460855,-0.0017976645467446383,0.005450440034939851,6.957895335500506,4.915542610533218,4.256486857058633,3.6774717797592222,2.947639112539845,2.129892990299675,1.3466407465116286,0.7492852951433798,0.36984525548487596,0.16409319677655873,0.06143264446978851,0.019681180387744267,0.006367677634211257,0.0017066465460086125,0.0010037506050463109
1.0,0.0,1.0,0.0,120.0,0.0,0.0,0.0,0.0,-107.0,0.0,-45.0,0.0,0.0,0.0,34.27253218749016,17.55503396713325,4.56831651322903,2.6773494503994932,2.205526181157127,1.8111146636416051,1.352837509201648,0.9150353347691359,0.5168910470339302,0.24808217983683337,0.10070227502610563,0.03687894006102449,0.009260549930253933,0.0021331143754202636,-0.0004575478195705015,0.0009394322515607405,-0.0015976230886184776,6.922843640306301,4.934905195624763,4.319192731884717,3.772334245980554,3.118134955718689,2.3617603453233857,1.576014326209819,0.9302914615996721,0.48800407184274147,0.2319746583041185,0.0924491502796844,0.033312626529783916,0.010897960040773752,0.004992846786276104,0.0013395278249822605
2.0,0.0,2.0,0.0,120.0,0.0,0.0,0.0,0.0,-107.0,0.0,-45.0,0.0,0.0,0.0,34.27253218749016,17.55503396713325,4.558163323978763,2.6592485771436882,2.221080608831065,1.8477699933523262,1.4355748123506786,1.0003306369176235,0.6036684942223131,0.30557642144993186,0.1403710714301586,0.05076619361046098,0.015119085093325598,-0.00021058477656623383,-0.008252850955582645,0.0001180247000865956,-0.000739818526151115,6.962567871323053,4.975220381123502,4.3502954306534125,3.8404263152011957,3.2272116997855163,2.5272783246489894,1.760464797836994,1.0865266228913992,0.6043416679070995,0.29619516647252464,0.1250582123932942,0.046768214327755214,0.01720512304125497,0.0044742331710920825,-0.0001476092073736566
3.0,0.0,3.0,0.0,120.0,0.0,0.0,0.0,0.0,-107.0,0.0,-45.0,0.0,0.0,0.0,34.27253218749016,17.55503396713325,4.587509591834883,2.7170955663593612,2.2399657289781576,1.8765956164278508,1.4915622887899909,1.0795946530496248,0.6749644622246576,0.3667418768724359,0.1719516907955231,0.0700049831368021,0.01837986051378757,0.010683628906821957,0.0007223535291956634,-0.00032534474360828983,-0.002217283416369523,6.947220822132645,4.996403714219841,4.381707288525715,3.871206296182868,3.305578130882109,2.638073875141972,1.904665638407148,1.2294144839737868,0.714041984876929,0.3619294546811189,0.16083777261534093,0.06413602557531871,0.019574528479907212,0.010153158330163337,0.0009260657232505883
4.0,0.0,4.0,0.0,120.0,0.0,0.0,0.0,0.0,-107.0,0.0,-45.0,0.0,0.0,0.0,34.27253218749016,17.55503396713325,4.580948040534753,2.729940412777581,2.268481129870184,1.9051887865054498,1.5173529311237486,1.12635787478205,0.7284882573283507,0.42113135126687967,0.2035950381006053,0.08265692122567644,0.03195728390969621,0.01002590264181736,-0.0009079635294768434,0.0032659777441948323,-9.74559752500733e-05,6.963454256228146,5.017628110504458,4.401360231615503,3.9006077329326034,3.3509209474298554,2.7292682706619384,2.027571611119861,1.3550496847282623,0.8144679471543051,0.4298752559102857,0.19719690824550307,0.08077713754659485,0.029147156860078013,0.00775292027436349,0.0038858829307282985
5.0,0.0,5.0,0.0,120.0,0.0,0.0,0.0,0.0,-107.0,0.0,-45.0,0.0,0.0,0.0,34.27253218749016,17.55503396713325,4.571724092121762,2.746795456543242,2.28499179931527,1.9221304412136146,1.542212011921507,1.1691053714260151,0.7893683252486852,0.45851868551214475,0.23750211909019248,0.10824683002720954,0.038580627386909795,0.013800138943789394,0.007354016267679096,0.00037658650443595724,0.002204273823260495,6.965286689800758,5.041824859282284,4.426364907538534,3.9205902813242135,3.3858173880094737,2.790769200773583,2.12522004387322,1.4603284746596867,0.8967884122223079,0.4960926145241516,0.23456797293092688,0.09854186031671772,0.038273142282101116,0.013200458870961697,0.004600303741921103
6.0,0.0,6.0,0.0,120.0,0.0,0.0,0.0,0.0,-107.0,0.0,-45.0,0.0,0.0,0.0,34.27253218749016,17.55503396713325,4.585804635473881,2.791923820173077,2.3050656843721775,1.9403320003671427,1.5717648872797647,1.1880259872674657,0.8296702953436622,0.5055970017029732,0.2739211881614285,0.12171246975136311,0.051441252878014605,0.017539047358835904,0.004234892901775115,0.003214387526687108,-0.0016637937960616194,6.97859602762414,5.058204296149625,4.449928459051919,3.951556483427278,3.426306501328569,2.8434956134352123,2.1916745799106927,1.5502306772443974,0.9878061802382775,0.5563342199262197,0.2753733064323896,0.11443795527166649,0.044238903378295426,0.013619018912243057,0.006135160473773483
7.0,0.0,7.0,0.0,120.0,0.0,0.0,0.0,0.0,-107.0,0.0,-45.0,0.0,0.0,0.0,34.27253218749016,17.55503396713325,4.600712918274723,2.7853405213592093,2.329852110710773,1.959436774941807,1.5941695030440384,1.220870367514235,0.8605601595795226,0.531470731332371,0.3040001829270088,0.13753635674800915,0.04954349662264284,0.02134278012595466,0.005479661483926086,0.0007374447923560876,0.002071600563295398,6.981926967412349,5.090208156886174,4.474901952408374,3.9724741603367204,3.4535997676414953,2.8858883943277736,2.256871105333229,1.6265210597323034,1.0621927287551318,0.6166221639606697,0.31040701952309474,0.13704855939747404,0.05234412148732732,0.015665554367433603,0.004650865412427333
8.0,0.0,8.0,0.0,120.0,0.0,0.0,0.0,0.0,-107.0,0.0,-45.0,0.0,0.0,0.0,34.27253218749016,17.55503396713325,4.60398606811316,2.8435262897835343,2.357764270685463,1.988520550873738,1.5959892509584228,1.2388406773705878,0.880568064658837,0.5681996812038153,0.3264156294622346,0.15540378860038367,0.06354632624058111,0.01976766870917162,0.00541831145865591,0.003292180308018841,0.008077562219238565,7.003145382511549,5.106332965746705,4.510958703667335,4.007510822701804,3.4784070627940924,2.9201385715912753,2.3098704522603137,1.6856999685705114,1.1256801940979555,0.6644338371348908,0.34489590412983157,0.15472255346399114,0.0638576205955363,0.019258473978734016,0.008020853739993582
9.0,0.0,9.0,0.0,120.0,0.0,0.0,0.0,0.0,-107.0,0.0,-45.0,0.0,0.0,0.0,34.27253218749016,17.55503396713325,4.61491643593244,2.8606735692096894,2.3871887162468073,2.002461252759156,1.6166309287374678,1.2526251085062077,0.9080039455739195,0.5922943007320558,0.339045811337581,0.16829490435567582,0.06829077677680526,0.03322822831047772,0.011502613990903398,0.0018870562437944916,0.0013334637696602349,6.98993471252558,5.120489377929015,4.542432350772083,4.0257760000062595,3.4946483584597936,2.9406596179567845,2.347514540644678,1.7398804803582797,1.1806440260956417,0.7192249481312032,0.38176495817887185,0.174423155061746,0.07114498921712818,0.02456061765553457,0.006752511524335078
10.0,0.0,10.0,0.0,120.0,0.0,0.0,0.0,0.0,-107.0,0.0,-45.0,0.0,0.0,0.0,34.27253218749016,17.55503396713325,4.622473824960087,2.8553985177458463,2.40821645725518,2.024043983679306,1.6356280838574149,1.2646533727909959,0.9238162736310817,0.6135216858739209,0.3642871698453157,0.18678756752405198,0.08370853854887059,0.025082506551570405,0.009828649806613566,0.0057720681891666025,-0.0003735642737708313,6.993001217304593,5.165036871192715,4.580380732929037,4.065268591608582,3.531393257168563,2.963770536005192,2.372960157564522,1.7853207515012528,1.2348504371003508,0.7671286905804994,0.41410863666544495,0.19696041074863802,0.08015249474344469,0.030909680263717567,0.008424174334579333
11.0,0.0,11.0,0.0,120.0,0.0,0.0,0.0,0.0,-107.0,0.0,-45.0,0.0,0.0,0.0,34.27253218749016,17.55503396713325,4.645744861857336,2.894908101705804,2.42059053228756,2.049573650818993,1.6558332751292897,1.2880813329365026,0.9411200511650182,0.6295494624750487,0.3763133761329134,0.2065269155258619,0.09115956201974103,0.03626484945414948,0.009304362416398787,0.0030090846347285783,-0.002561686431798243,6.999773552986411,5.186162518425594,4.604266996864975,4.105587021166977,3.5525128527312457,2.987898624973053,2.3998448430411883,1.8223413584490917,1.2747868999395247,0.8035979571036218,0.44777636478791943,0.217582435393257,0.0875583431302822,0.03330083507197718,0.010950958709847563
12.0,0.0,12.0,0.0,120.0,0.0,0.0,0.0,0.0,-107.0,0.0,-45.0,0.0,0.0,0.0,34.27253218749016,17.55503396713325,4.638995128564104,2.946083291382551,2.456807996958686,2.068547734103171,1.6835801328239264,1.3006151553840877,0.9533825582384383,0.6482103938671372,0.3977103161449856,0.21834358803533796,0.09782603413034871,0.029025704953202603,0.011932122905563291,0.0035609206310893583,0.00040336169086113997,6.99462054226786,5.224110699551661,4.622695709624986,4.12793608595505,3.5711201928405307,3.0107488826655153,2.431401427487015,1.859396185664402,1.3158122199816598,0.8430810981668374,0.47778657701676985,0.23101024053885963,0.09872383645957694,0.038331344459664386,0.011839840335967506
13.0,0.0,13.0,0.0,120.0,0.0,0.0,0.0,0.0,-107.0,0.0,-45.0,0.0,0.0,0.0,34.27253218749016,17.55503396713325,4.637327946180111,2.9369326726066562,2.488943751673049,2.0850919468806453,1.6872258748497269,1.3143400759972819,0.9582777818279778,0.6556172051736441,0.4112746593988416,0.22532592809853347,0.10609111471324471,0.03643047723162152,0.01901013549601116,-0.0015593080339368365,0.0018822343458790316,7.018700923163767,5.243312062453054,4.660581652130424,4.152356545515851,3.5972046128905415,3.035354435653256,2.4506475296714387,1.8852280420167775,1.3554203407565597,0.8789464560817033,0.5068414467966464,0.2521818574874028,0.1091768210877398,0.04564552702348843,0.013786877917826687
14.0,0.0,14.0,0.0,120.0,0.0,0.0,0.0,0.0,-107.0,0.0,-45.0,0.0,0.0,0.0,34.27253218749016,17.55503396713325,4.633202411363772,2.9794955599689916,2.5068942411464668,2.1167136972653693,1.7157486402835085,1.3310942644774302,0.9770113289618797,0.6715042621047284,0.4261178363172055,0.23612989309991375,0.11735753817628095,0.05086092064339541,0.018187670929638067,0.006216655062603749,0.0008035265722080907,7.010585312399598,5.282916772028329,4.699691903828467,4.179142537571343,3.6307172459747097,3.0452344120295707,2.4712127160877166,1.9115173129957754,1.3858892500779183,0.9139911326470007,0.5332510872516317,0.2699821340782195,0.12375548516604828,0.0472982178360097,0.015092785865002626
15.0,0.0,15.0,0.0,120.0,0.0,0.0,0.0,0.0,-107.0,0.0,-45.0,0.0,0.0,0.0,34.27253218749016,17.55503396713325,4.65466797832753,3.0273899943864255,2.536688351784632,2.136760622537576,1.7299810205999973,1.3478660617407046,0.9717407252355289,0.6829652843634392,0.436525408274041,0.25001393176753395,0.12406002826379516,0.05116556654137635,0.016921682623574904,0.006049189613388864,0.0041741518787288935,7.016295132232318,5.317669006934978,4.727649830724795,4.2117722867840595,3.64241216154232,3.070719860828432,2.481827510802023,1.9271435102937189,1.4074877179608982,0.9380656146086116,0.5589694272707731,0.2898244626642587,0.12813172467272402,0.05142491924777667,0.016082534707152454
16.0,0.0,16.0,0.0,120.0,0.0,0.0,0.0,0.0,-107.0,0.0,-45.0,0.0,0.0,0.0,34.27253218749016,17.55503396713325,4.668301883824848,3.022303029610945,2.57589520696174,2.154561412788964,1.7429187760682356,1.355585337049719,0.9969156868186839,0.6995672150146652,0.447904582238846,0.25940845708102167,0.12529392980982648,0.053668624665605395,0.02227804323390635,0.008472573942884913,0.0017853454375072715,7.045675819674576,5.3504772847488615,4.756673329724364,4.237750236279381,3.6753636553869757,3.1056571280248204,2.5003713816937307,1.9396545866224117,1.4305073362705854,0.9672987093806024,0.5777698819661718,0.3010716253816696,0.1370810801614211,0.057241069389612376,0.019944724729625312
17.0,0.0,17.0,0.0,120.0,0.0,0.0,0.0,0.0,-107.0,0.0,-45.0,0.0,0.0,0.0,34.27253218749016,17.55503396713325,4.68133894868245,3.0621621282443163,2.5724426445788144,2.1871703883609745,1.756708374710132,1.3764657953620336,1.0023538143701998,0.7071138249449176,0.45653407158649933,0.2587607810032668,0.14041610988663605,0.056434369290492274,0.02119943177746361,0.005221741229058137,0.003923478875348791,7.060959271642976,5.364016867533999,4.7851206879638255,4.279965071263506,3.7148216165151924,3.120662771752282,2.529585835696772,1.9612523726307052,1.4556413793812717,0.9873055487299573,0.5996462789532149,0.32071774270567793,0.1490185159124693,0.061077352111565564,0.022588716029162174
18.0,0.0,18.0,0.0,120.0,0.0,0.0,0.0,0.0,-107.0,0.0,-45.0,0.0,0.0,0.0,34.27253218749016,17.55503396713325,4.70859300632572,3.1117748028688186,2.632124386388768,2.2044229262274952,1.7961695293166267,1.3798942750280483,1.0152126690099965,0.7055794650497423,0.4646613939623062,0.27117089589176124,0.1359535173032433,0.06399581831843187,0.020260443636632847,0.010916577468793189,0.002632287831778898,7.065066896084581,5.38858008772555,4.817798368564071,4.2971453103498645,3.733066354478571,3.1373455402039765,2.541425278227262,1.9754488294844204,1.4739544827727673,1.0132591689030104,0.6180495177428332,0.3345372085964796,0.15902965153340048,0.06673508921060921,0.021455872628672244
19.0,0.0,19.0,0.0,120.0,0.0,0.0,0.0,0.0,-107.0,0.0,-45.0,0.0,0.0,0.0,34.27253218749016,17.55503396713325,4.70857028224596,3.1023954253219115,2.6450183836074226,2.2314295129909207,1.8008145556095663,1.37868495288339,1.0309643562000068,0.7133417695815717,0.4661494243493946,0.2859864040802691,0.14757662758802215,0.06484447790051008,0.02225755267605363,0.007471677237886751,0.0019930643949064206,7.079884413385497,5.4340807496282935,4.837915001165958,4.329087188083883,3.7588078735901926,3.1567549554862753,2.555186189928444,1.9871294846932652,1.487989036594589,1.0287740720098801,0.642151538719244,0.3491472604858639,0.16950551800015012,0.07074795272188901,0.02485326581514731
20.0,0.0,20.0,0.0,120.0,0.0,0.0,0.0,0.0,-107.0,0.0,-45.0,0.0,0.0,0.0,34.27253218749016,17.55503396713325,4.73835454942419,3.1571547627806034,2.6775935046822013,2.260872187277586,1.8153267172360692,1.4125683762933043,1.026099140046434,0.7206748735405106,0.4766446459708984,0.2916728008794033,0.15043264992654454,0.06979165679691066,0.024974673116830316,0.009201963701502452,0.0061552835820828135,7.089189715803735,5.453825139697795,4.886036657210531,4.363581151826571,3.779355684608081,3.1751224833571277,2.5740611486377802,2.0047932203675707,1.5032012343124703,1.0436671776573085,0.6528206000976614,0.36439707287771467,0.17826697317260584,0.07764059509840124,0.025814486786620468
21.0,0.0,21.0,0.0,120.0,0.0,0.0,0.0,0.0,-107.0,0.0,-45.0,0.0,0.0,0.0,34.27253218749016,17.55503396713325,4.748632699646267,3.184613518163685,2.6955374777496828,2.2750783356011746,1.837718605047283,1.428832438621536,1.0525204815805196,0.7274683693546407,0.4798715572791728,0.290510070320055,0.1556259346065619,0.06907303496768799,0.02919515056717111,0.010240898819062592,0.0015718545058138115,7.070124133364725,5.495678165537018,4.921437296571584,4.389008282840623,3.802416185247348,3.20575721451822,2.5867310010112843,2.015216176657954,1.5108744112427506,1.064014009317532,0.6746030796191369,0.3772742434781941,0.18419642987365037,0.08100306283163483,0.027574845896745557
22.0,0.0,22.0,0.0,120.0,0.0,0.0,0.0,0.0,-107.0,0.0,-45.0,0.0,0.0,0.0,34.27253218749016,17.55503396713325,4.761768391066698,3.1962561910175293,2.7358896862416824,2.3041061114350256,1.8665671576637342,1.4347322165531458,1.0517002249425276,0.7290844450882954,0.4841426406494902,0.2992638930925228,0.158839518456752,0.07780680598188587,0.02868085572890021,0.009009025006569785,0.0026894856178092718,7.1102090777248455,5.53066418465907,4.959486896771314,4.431935596359717,3.8362112767224636,3.2220567832404687,2.6048824458690523,2.03736852829791,1.5262137678348742,1.0761831791088527,0.6854370741606867,0.386759930260826,0.196881288737368,0.08422936740448204,0.029555662523480998
23.0,0.0,23.0,0.0,120.0,0.0,0.0,0.0,0.0,-107.0,0.0,-45.0,0.0,0.0,0.0,34.27253218749016,17.55503396713325,4.7759294677604665,3.2521017722312653,2.770040071232754,2.337834046086535,1.8816354453184816,1.4495772540824263,1.0674563060665039,0.7460321208171173,0.494637748741625,0.3049371571915253,0.16388327770993547,0.07517615517060008,0.035409240177659625,0.012238957345039707,0.004139346038708091,7.119232282084294,5.561106730988258,4.993153435549728,4.459063469254214,3.857918808521686,3.248786800577309,2.6219495420915324,2.0488919950560724,1.5373048146141013,1.0853258154891745,0.7003987746789901,0.401070471249356,0.19960910814339142,0.09212404054638222,0.034439296402456784
24.0,0.0,24.0,0.0,120.0,0.0,0.0,0.0,0.0,-107.0,0.0,-45.0,0.0,0.0,0.0,34.27253218749016,17.55503396713325,4.799907356904832,3.2644581268274884,2.808643210614024,2.3585239478852937,1.8986635667700864,1.4715094044771038,1.0796157108672724,0.7464608038952596,0.49755051864472405,0.30786398637918594,0.17195841583568017,0.07916391152460889,0.032524058651230627,0.01300476299986659,0.003592343021686122,7.147910470461105,5.591296397889393,5.027098153312272,4.492932559210106,3.9004932046751746,3.266288152147429,2.6457663700738014,2.0566837023719473,1.549615816525079,1.0989269361516831,0.7092686885333555,0.4127705513190973,0.20886063188544557,0.09432035601845722,0.03411881414171599
25.0,0.0,25.0,0.0,120.0,0.0,0.0,0.0,0.0,-107.0,0.0,-45.0,0.0,0.0,0.0,34.27253218749016,17.55503396713325,4.81399201091837,3.315653423898348,2.8228057925624137,2.3825156476919496,1.9231075609439592,1.4829375516703738,1.0915055763365715,0.7585231097613008,0.5015325534853786,0.3110435952805928,0.16840355123562678,0.07924311804018849,0.03885971993127468,0.009378978556600635,0.0072767711425664235,7.1711722984167725,5.628570037893661,5.077829075210293,4.511167618775219,3.919416403289166,3.2930516606326288,2.662196881543423,2.07905260464995,1.5537246968226803,1.1086694815287796,0.7226766149599406,0.4234718508469383,0.21696517046760883,0.09894449717506376,0.03677720911678625
26.0,0.0,26.0,0.0,120.0,0.0,0.0,0.0,0.0,-107.0,0.0,-45.0,0.0,0.0,0.0,34.27253218749016,17.55503396713325,4.8196434869188725,3.3334239183615657,2.854382646064026,2.399554835685552,1.9554171348761051,1.509042369752108,1.0947969067818495,0.7658037567314967,0.5055593919533184,0.31651716414515785,0.17530243700198636,0.08587218508015458,0.03588442563055206,0.014604983514150648,0.0017176265690091303,7.1877768965635624,5.654949943055442,5.101021733644927,4.551243315264938,3.9557607063821365,3.331118232863843,2.672996257193897,2.0852161328812278,1.5732642522138756,1.1211477707008497,0.7325934166447158,0.43307356395809576,0.2228764541603387,0.10311677952090587,0.036740290508597
27.0,0.0,27.0,0.0,120.0,0.0,0.0,0.0,0.0,-107.0,0.0,-45.0,0.0,0.0,0.0,34.27253218749016,17.55503396713325,4.862632877518513,3.361502684984912,2.901189073655214,2.4371023311018067,1.9777537871283082,1.5194727451551515,1.1125033576773193,0.7662673420932209,0.5085714646956486,0.3204081482708183,0.17770666635875765,0.08924620615138436,0.03778479955034429,0.013304188316900958,0.0007530161689512228,7.193200180502229,5.706722376628434,5.1518509718227,4.586501718375067,3.9781466768753275,3.334634112395548,2.700935338113686,2.08654127147414,1.5763639251477601,1.1295886451567243,0.7448924581239406,0.4414625748811572,0.23440355734302637,0.10656355832559078,0.04033262237045666
28.0,0.0,28.0,0.0,120.0,0.0,0.0,0.0,0.0,-107.0,0.0,-45.0,0.0,0.0,0.0,34.27253218749016,17.55503396713325,4.8732594731642465,3.4465560102957067,2.9335929094166304,2.4659997737522583,1.989324350060946,1.535143506542842,1.1153506391865033,0.7826227161388545,0.5112814663273575,0.32581128638175816,0.18706253300610506,0.08775278745238932,0.03631521731473325,0.011097148687618422,0.0004460491833117946,7.221770102312083,5.744457459713132,5.1641924509580495,4.621066910349888,4.008756121532316,3.372303227291416,2.7141481383634525,2.112436545855269,1.589207005114466,1.1366785574225364,0.7512563073496087,0.45693022164324776,0.24098147489279514,0.1128109052637766,0.04316882998165011
29.0,0.0,29.0,0.0,120.0,0.0,0.0,0.0,0.0,-107.0,0.0,-45.0,0.0,0.0,0.0,34.27253218749016,17.55503396713325,4.892248618715596,3.4732670554183716,2.950121104402208,2.489571534264493,2.019737788976867,1.5414018392452307,1.127020417739821,0.7832339426295182,0.5198499142330602,0.32592101590911965,0.18622602580961392,0.09272190605116222,0.04232253856402764,0.017244080716562058,0.005349391785335421,7.246275650827699,5.768418581200739,5.225673287987131,4.671390916241592,4.03451336567321,3.3819247831120567,2.7327512179232993,2.1299850165926983,1.5965351623558703,1.1420664173792054,0.7597610413476465,0.4565389174372647,0.24770451515097922,0.11176033752113743,0.044997758073800076
30.0,0.0,30.0,0.0,120.0,0.0,0.0,0.0,0.0,-107.0,0.0,-45.0,0.0,0.0,0.0,34.27253218749016,17.55503396713325,4.925317929756352,3.495289502876523,3.0036034722749783,2.524168514275416,2.041445346116997,1.5749080642104967,1.1260854271978606,0.7847752419312709,0.523891660579776,0.3323617018003612,0.18436811530350417,0.09477202794311859,0.047420752734602105,0.017028165438765668,0.006919129251757015,7.252446138209073,5.830910612034831,5.258092055180403,4.697458268003635,4.067559577266568,3.4143987955214405,2.745537712784557,2.1336513634249723,1.6029049641692872,1.1528464782445875,0.7642517975477846,0.46004475026797365,0.25058751577465543,0.11944910624728367,0.04706343550215711
31.0,0.0,31.0,0.0,120.0,0.0,0.0,0.0,0.0,-107.0,0.0,-45.0,0.0,0.0,0.0,34.27253218749016,17.55503396713325,4.956241722513748,3.542027395286202,3.0192801849611373,2.5582777770167917,2.0501087684432293,1.5822016782461856,1.1529611622900195,0.7991521622421659,0.5294850485798419,0.3281863764371083,0.18708902934834745,0.09828365450582083,0.04230422189694691,0.014192713561845932,0.007788072881380609,7.283979778519658,5.864708855164126,5.282201569491133,4.738867543670872,4.098585389740662,3.4427511808044677,2.7721719295264466,2.1484509390720428,1.6153408305288948,1.159908765366629,0.7753874437504651,0.4732520790945002,0.2567947144192221,0.12555637866129193,0.04870795038351241
32.0,0.0,32.0,0.0,120.0,0.0,0.0,0.0,0.0,-107.0,0.0,-45.0,0.0,0.0,0.0,34.27253218749016,17.55503396713325,4.974672574934194,3.568067950277355,3.0467259088206076,2.571477895901605,2.08211805461728,1.6041435111417097,1.1652890694208091,0.8086587398837726,0.536358989900336,0.33369349305260054,0.1918312522377884,0.10419300564989405,0.041372615720760425,0.014675907905373039,0.003118564042689377,7.3093512182556495,5.905286979780198,5.336309226934398,4.765112706741411,4.128033488055496,3.4687885548788127,2.784930937975226,2.162468769370599,1.6210176536372076,1.1617747468997497,0.7854194758855012,0.4813835709236128,0.26359625309647705,0.1274633693762271,0.05161298955386287
33.0,0.0,33.0,0.0,120.0,0.0,0.0,0.0,0.0,-107.0,0.0,-45.0,0.0,0.0,0.0,34.27253218749016,17.55503396713325,5.0101858288550085,3.6200037523669932,3.090036738058745,2.6071031853846605,2.109449481259435,1.6244786256147863,1.1787552858238597,0.811163487601971,0.5387079100255266,0.341283896837384,0.19910140689895783,0.10072317888608957,0.04534359590664,0.015599263898213696,0.006099433369302314,7.306310042903516,5.935149939605924,5.361370989846041,4.8042295081699935,4.170324383306988,3.493892087020789,2.8077035246475757,2.181553780093692,1.632472958056306,1.1728845991859143,0.789071858386111,0.48267254777478624,0.2657538654718449,0.1299834763955214,0.05378182966627923
34.0,0.0,34.0,0.0,120.0,0.0,0.0,0.0,0.0,-107.0,0.0,-45.0,0.0,0.0,0.0,34.27253218749016,17.55503396713325,4.9926756967438815,3.650645300805807,3.1316583479899447,2.642891090241601,2.1337619922992355,1.6374076910938757,1.1890145972392332,0.8243717155502386,0.5382825800617232,0.3419212717898599,0.1972747813855554,0.10234498655441857,0.04436591944784234,0.015162883514828022,0.008302724091400168,7.340969936665574,5.972308549363119,5.414210547936711,4.8347039340333,4.187554795151968,3.5144436903357033,2.830062623299701,2.1850186401337117,1.6438289357720135,1.175418550454197,0.7937381028013569,0.48684463967273206,0.2742832771471736,0.13352295096562192,0.05625995983605059
35.0,0.0,35.0,0.0,120.0,0.0,0.0,0.0,0.0,-107.0,0.0,-45.0,0.0,0.0,0.0,34.27253218749016,17.55503396713325,5.061635036646461,3.694522461305005,3.1622990456316855,2.666841440846568,2.1561416551568366,1.656291322494545,1.2038810950747418,0.829327118128005,0.5500251851008339,0.3456465183985911,0.19892871312880533,0.10749663193613217,0.04703623182373943,0.01960255371485819,0.006068280176713895,7.377069413796802,6.029059663964001,5.458742399199749,4.87425001698418,4.229800224874672,3.534418887792912,2.837464179275024,2.2055281873371935,1.651937424403481,1.1843829603284364,0.7957902027186302,0.4974162490263659,0.2752806651575484,0.1380372689041422,0.05562924823708464
36.0,0.0,36.0,0.0,120.0,0.0,0.0,0.0,0.0,-107.0,0.0,-45.0,0.0,0.0,0.0,34.27253218749016,17.55503396713325,5.1036843043239575,3.736037001848573,3.2091205814817565,2.695543097595296,2.165676377350852,1.6748509374781178,1.2126528843820525,0.8390957751467807,0.5562033480224107,0.34470401419000585,0.20187584539475706,0.10677096050020629,0.0456453544204872,0.017799270338150312,0.005775661757722182,7.39915984076181,6.074599232408134,5.489025668401936,4.912921732150701,4.257929055014786,3.570008376699415,2.868715481295449,2.219801356491901,1.6611468728672625,1.1871085051039052,0.8014840551544756,0.5030839508047522,0.2816458016431137,0.1409212619716752,0.05821858528725742
37.0,0.0,37.0,0.0,120.0,0.0,0.0,0.0,0.0,-107.0,0.0,-45.0,0.0,0.0,0.0,34.27253218749016,17.55503396713325,5.134760595351838,3.815208142053708,3.2487191085321916,2.7423166405266883,2.20086954769744,1.6815113205884737,1.2211617560459482,0.8421606217114496,0.5551846673343975,0.35056838798243345,0.20336010228489082,0.10643706779168821,0.04897357524008583,0.019777205006268693,0.005620364277496109,7.428427381859962,6.141320311819026,5.540565520796205,4.951169028163432,4.29288324391834,3.59314346699744,2.888199999612608,2.2239131037980346,1.6738724597149632,1.1992125719752436,0.8079166234666046,0.5057946443682407,0.2867606019337674,0.1438041080163274,0.05892055443584481
38.0,0.0,38.0,0.0,120.0,0.0,0.0,0.0,0.0,-107.0,0.0,-45.0,0.0,0.0,0.0,34.27253218749016,17.55503396713325,5.145555375720367,3.824733421719049,3.283576677521364,2.774005133345907,2.226808659091212,1.7059467552812397,1.2292202858893955,0.8501741148314397,0.5613315795295709,0.352988748945683,0.21238973567195024,0.10802143403170533,0.05455972845284262,0.019988341100446654,0.00881399862412577,7.455785573227438,6.158878327090782,5.601525529423478,4.9790908953204225,4.313434434083678,3.625075057961258,2.9057907560435776,2.2471865992379056,1.681610810271707,1.2001777161857567,0.8102810733397038,0.5094971305267733,0.2903399632350479,0.14559901561405075,0.06277000581894865
39.0,0.0,39.0,0.0,120.0,0.0,0.0,0.0,0.0,-107.0,0.0,-45.0,0.0,0.0,0.0,34.27253218749016,17.55503396713325,5.208204315827929,3.872192744694586,3.310436043199311,2.812233587269599,2.2419360568755136,1.7234543277922076,1.248963951413068,0.8558910871114774,0.5701619519531338,0.3598095732687728,0.20608445650325904,0.11091964570735657,0.0518458769977272,0.02411716990254355,0.004348812429182839,7.497272318915441,6.200446465677511,5.6190476431303935,5.024355200229597,4.3632452428643616,3.6482331866176105,2.9329897160054,2.25696521312778,1.6941331196105536,1.1988788706977356,0.8154437212240541,0.517830499024255,0.29316410737106197,0.14855944519737724,0.06432087735402521
40.0,0.0,40.0,0.0,120.0,0.0,0.0,0.0,0.0,-107.0,0.0,-45.0,0.0,0.0,0.0,34.27253218749016,17.55503396713325,5.234333934216872,3.9043367803520947,3.363414212254311,2.8417216399908334,2.2784145282811243,1.747039757961034,1.2601192347460997,0.8608325688058732,0.5709358158188266,0.3541054444878828,0.20836564142737182,0.11286544125962236,0.052767072732889206,0.020871680131560134,0.009959154382545115,7.507457019174974,6.253001473062321,5.659162844925239,5.061069289862964,4.393726149462197,3.675374806318029,2.9535945619784916,2.275516343584855,1.6965116451967226,1.2117863898733068,0.8271180459592754,0.5206849515009095,0.2978260204327442,0.15516921284097865,0.0649180578633469
41.0,0.0,41.0,0.0,120.0,0.0,0.0,0.0,0.0,-107.0,0.0,-45.0,0.0,0.0,0.0,34.27253218749016,17.55503396713325,5.291802135332944,3.9489019966615655,3.404742075593103,2.8727032666610035,2.3210582859601034,1.763053635219569,1.2767417095546232,0.8750743138384803,0.5774903612603639,0.3554463123509431,0.21091627066751584,0.11382443608686796,0.05034058539464309,0.02198590687375348,0.01069817430842982,7.544656503954088,6.2911851560286065,5.720217874727813,5.111778838992829,4.433773376740352,3.704614305934479,2.970558754056597,2.296575789235415,1.7092439943776434,1.2205051503313553,0.8261371369880213,0.5264038747618135,0.3010701714327246,0.15524533278608768,0.0685017563806019
42.0,0.0,42.0,0.0,120.0,0.0,0.0,0.0,0.0,-107.0,0.0,-45.0,0.0,0.0,0.0,34.27253218749016,17.55503396713325,5.323733090396318,4.041048764628068,3.44581253678396,2.9038023696503372,2.3350849358018593,1.785713203223634,1.2780311696042932,0.8846555318754319,0.585862648007353,0.3600972277448573,0.20982826736071364,0.11219629008173002,0.05253098077291247,0.02204686266275971,0.012830895597251913,7.582650054158261,6.349834447600587,5.767036912214248,5.153737118573868,4.466658790681155,3.727447407865797,2.997826029470663,2.3008510577170336,1.7178810750798956,1.2213977624375967,0.8285552687413332,0.5236842568767409,0.30424918971353543,0.15865583380297443,0.07007261255930795
43.0,0.0,43.0,0.0,120.0,0.0,0.0,0.0,0.0,-107.0,0.0,-45.0,0.0,0.0,0.0,34.27253218749016,17.55503396713325,5.366229537128511,4.097071996850243,3.481486520833611,2.941395385040222,2.360709912550732,1.8112480901459964,1.3077559861450871,0.8919941997543325,0.5850146206747655,0.3647592963806893,0.21041915216905727,0.11763616025507223,0.0504871210546268,0.02158453787377043,0.007710530394067988,7.621937024992291,6.401337088698201,5.790531732290069,5.191027858526336,4.505048266519482,3.7594467227596726,3.0104251782967046,2.3234613371978097,1.7275186302568342,1.2270408602851155,0.8362009980816683,0.5280171727319074,0.3083135186141107,0.16055531310255802,0.06997749558079255
44.0,0.0,44.0,0.0,120.0,0.0,0.0,0.0,0.0,-107.0,0.0,-45.0,0.0,0.0,0.0,34.27253218749016,17.55503396713325,5.400171454856656,4.113896092064968,3.538102446906511,2.9771478364383857,2.394557394301097,1.819008645300542,1.3140232217738288,0.9013662478387685,0.5865288564207612,0.3612999280019255,0.21039703796154735,0.11672620970370914,0.05703079849595701,0.024428449570982246,0.006663856391725972,7.667275772231829,6.435003052200364,5.846447990920764,5.234296897231878,4.518549455684768,3.7905754512816676,3.031311956912398,2.3317974305538574,1.730987031527229,1.241773277529297,0.8392176615331978,0.5317856738347396,0.3113748726290682,0.16588661890184306,0.07286781598851391
45.0,0.0,45.0,0.0,120.0,0.0,0.0,0.0,0.0,-107.0,0.0,-45.0,0.0,0.0,0.0,34.27253218749016,17.55503396713325,5.4690320499749125,4.1646519280107555,3.5795555410802526,3.0082741755768767,2.416218368902895,1.848024775811772,1.3326480340947413,0.9070293755748081,0.5875785025731445,0.3689326430350575,0.21411347812839132,0.1132522096707417,0.05809787477641495,0.026222387509153063,0.010277742185428308,7.6947271786996385,6.483904183160533,5.903701076974278,5.283301701305754,4.573964962821202,3.818274860688176,3.061086482039667,2.346405989483471,1.7470844061210007,1.2460433760683876,0.8397848351975192,0.5352233163858521,0.3104038297145042,0.16544795147674365,0.07468169501309492
46.0,0.0,46.0,0.0,120.0,0.0,0.0,0.0,0.0,-107.0,0.0,-45.0,0.0,0.0,0.0,34.27253218749016,17.55503396713325,5.512435530126409,4.219610199898483,3.6155599655026522,3.043569843735524,2.4441334685335874,1.869793813702477,1.3436187604176482,0.9202223419530731,0.601266448974092,0.3741317497902887,0.21405657347055873,0.11883121152990242,0.05947222478194796,0.026175178850205778,0.009404595333457026,7.748343710558902,6.544065273142379,5.930531443023021,5.326311787523462,4.604809266583224,3.838347485028196,3.0871806862531503,2.364951151685599,1.7614307846785688,1.2532649002910417,0.8463462646605227,0.538730404720216,0.3142514244760354,0.1693824435517131,0.0726347790262645
47.0,0.0,47.0,0.0,120.0,0.0,0.0,0.0,0.0,-107.0,0.0,-45.0,0.0,0.0,0.0,34.27253218749016,17.55503396713325,5.561483568985932,4.274236623974475,3.6756803233309365,3.0851492304997987,2.4736912037331074,1.9007704710601143,1.354224928651641,0.9232610722718401,0.6011603106652895,0.37151846738524263,0.21417127599583055,0.11878988801840228,0.05989080044159129,0.027308618155344605,0.005845462078041999,7.788174234315219,6.589571400418596,5.9822415176598245,5.364471929487538,4.643157653442463,3.867372201123278,3.087084249773113,2.37259655864591,1.771554084658644,1.2534293714532363,0.849500138554912,0.5400875986814548,0.3198126758383118,0.16818101235247043,0.07758368149236584
48.0,0.0,48.0,0.0,120.0,0.0,0.0,0.0,0.0,-107.0,0.0,-45.0,0.0,0.0,0.0,34.27253218749016,17.55503396713325,5.620056345719946,4.351885672369193,3.723282874325987,3.1251415032164744,2.5009985488312223,1.9110620695964613,1.3661095793324747,0.9337560770266534,0.6080684023623605,0.37716079199311714,0.22214236204087665,0.11968246384345022,0.05899716589371829,0.025534314325445853,0.009944218613458643,7.842037814358308,6.650514058688692,6.029478299009741,5.41252586379584,4.675678321138131,3.902947971343896,3.129027731912504,2.3992987873209457,1.7724367875927787,1.26778251483926,0.8538401608712732,0.5438204823058299,0.32035251525681613,0.17282137316314622,0.07699290549700608
49.0,0.0,49.0,0.0,120.0,0.0,0.0,0.0,0.0,-107.0,0.0,-45.0,0.0,0.0,0.0,34.27253218749016,17.55503396713325,5.663132073553951,4.3970705597557265,3.7665670095836274,3.178049362693243,2.532018927131506,1.920539045773403,1.3834958749159012,0.9295379578911586,0.6126784227415104,0.38191445020096987,0.22271331197830613,0.11784828230995398,0.061477809667491674,0.026948077900400658,0.007596297736601327,7.894184566495078,6.715672123169504,6.075761259484714,5.458285417721533,4.714137955495056,3.9362666705002978,3.1450709483592822,2.4134858399713655,1.7885705628845632,1.2639661798339323,0.8571696611717419,0.5474279060029219,0.3201810518188618,0.1725975717643268,0.07833281707774113
50.0,0.0,50.0,0.0,120.0,0.0,0.0,0.0,0.0,-107.0,0.0,-45.0,0.0,0.0,0.0,34.27253218749016,17.55503396713325,5.73657416069915,4.4448951072373015,3.8087558137020796,3.213408961173915,2.559905706571445,1.9560495018849633,1.397848031238543,0.9436629518359788,0.6216675299233231,0.3770942719091475,0.22792158024767972,0.11937464032424408,0.06200071374258335,0.027041359646319405,0.01249543680493001,7.941535889735402,6.764938141071709,6.1526324628968885,5.492400333106702,4.755995666652358,3.9664632291868607,3.170077708465714,2.4339268311093663,1.7986174680721938,1.2771446060587297,0.8603069584104739,0.5466761464034543,0.3231907058843084,0.17705321217679793,0.07819801916578333
51.0,0.0,51.0,0.0,120.0,0.0,0.0,0.0,0.0,-107.0,0.0,-45.0,0.0,0.0,0.0,34.27253218749016,17.55503396713325,5.8058418021728695,4.501242920733163,3.852957675484972,3.2309719503258436,2.6046387947240874,1.9710513417836384,1.4116013780731922,0.9640747779378884,0.6318281361132686,0.3863962630477592,0.22413525639195223,0.11747087992190773,0.05704489069574506,0.026606572606049542,0.010891844880628398,7.985493657211636,6.819080773857056,6.183803940095597,5.531225248561442,4.796508386223346,4.0070309360552265,3.189479852500855,2.4580893250575135,1.8120833940197925,1.2826829994790918,0.8642682896462445,0.5491712112372301,0.3260583235131125,0.17711891785024528,0.08162253445583795
52.0,0.0,52.0,0.0,120.0,0.0,0.0,0.0,0.0,-107.0,0.0,-45.0,0.0,0.0,0.0,34.27253218749016,17.55503396713325,5.854476281601107,4.552004154831861,3.9102625449084703,3.2860916169876426,2.627077980178925,2.0035086157707616,1.431207081464001,0.9628174997665961,0.6278024319284563,0.3882015097878529,0.22591502380765793,0.12125369169088628,0.06379294327985699,0.027146487651250602,0.010331922292593837,8.028670063633397,6.868816269396351,6.234350080189165,5.589665534167013,4.823863055546337,4.0203106126179655,3.215544381520999,2.463121128803851,1.8168405599836717,1.286215929180492,0.8680356243540222,0.5563326102936967,0.33247130784478623,0.18133548782944847,0.08101342119717866
53.0,0.0,53.0,0.0,120.0,0.0,0.0,0.0,0.0,-107.0,0.0,-45.0,0.0,0.0,0.0,34.27253218749016,17.55503396713325,5.9285982347001305,4.614439393269573,3.963568699380634,3.3353112938429104,2.6499706757306463,2.023334521541257,1.441897495463527,0.9752409159708149,0.635182033187883,0.3859564302629081,0.22448317417910235,0.12557372740272718,0.05613690649348134,0.028668686762903992,0.008404195734466175,8.088478750415948,6.920965723466762,6.285184760863862,5.626740078820262,4.8723731814170606,4.064738844988668,3.243906780275086,2.487828244159356,1.837489010649092,1.292686140796885,0.8646645899767318,0.5565659275912178,0.3343012925237223,0.18205372954112004,0.08150369575155592
54.0,0.0,54.0,0.0,120.0,0.0,0.0,0.0,0.0,-107.0,0.0,-45.0,0.0,0.0,0.0,34.27253218749016,17.55503396713325,6.001017500785219,4.6805210254505525,4.0166159934830405,3.3671079351614854,2.6890052597014877,2.045882784697374,1.457420812918581,0.983565635040168,0.6459030679234925,0.3926232598980581,0.22919009161534634,0.12176906691247462,0.060238516288459484,0.025413228458923156,0.008082297991859836,8.146818792791883,6.987205318452697,6.339010156591627,5.688366329121429,4.918815934373451,4.0926258120118675,3.262650285834738,2.490456374446443,1.8441402449313713,1.3021645190025166,0.8733188996146763,0.5599757413403865,0.33249798635529554,0.1848256361923891,0.08504065372142014
55.0,0.0,55.0,0.0,120.0,0.0,0.0,0.0,0.0,-107.0,0.0,-45.0,0.0,0.0,0.0,34.27253218749016,17.55503396713325,6.077171172783233,4.749504085990406,4.059884469164982,3.4025318039413066,2.717811420394446,2.0665492434207002,1.472382251837613,0.9971748317756323,0.6439285896982953,0.3968727403526059,0.2280931702383272,0.12700246749853336,0.06259039388127818,0.024234945944784446,0.009389063750350531,8.203949859252955,7.0498593053272,6.399483958935879,5.721969195522644,4.949483426801695,4.123360724964042,3.2800771812871368,2.51054946177721,1.8565095318164297,1.308076322110288,0.8774161109956754,0.5594740778109369,0.33174175947561535,0.18315825191549856,0.0833116251236118
56.0,0.0,56.0,0.0,120.0,0.0,0.0,0.0,0.0,-107.0,0.0,-45.0,0.0,0.0,0.0,34.27253218749016,17.55503396713325,6.145401317802254,4.815696466112324,4.128557671003803,3.4622935949522557,2.7596371299289926,2.086456689261528,1.4865308886198567,1.0079438115189032,0.6562940786470027,0.40381532979931933,0.23661245601197956,0.13253640298188615,0.07027366880336995,0.029196097329686553,0.013843241983477162,8.261522281967979,7.10947193740782,6.453168275421785,5.780283306123141,4.99768995099718,4.152689002902478,3.298813700110918,2.5295355870541503,1.8656994949130212,1.3196752253908186,0.8832402520229184,0.5638042153474456,0.3354293584350108,0.18593896062773949,0.08558352026197191
57.0,0.0,57.0,0.0,120.0,0.0,0.0,0.0,0.0,-107.0,0.0,-45.0,0.0,0.0,0.0,34.27253218749016,17.55503396713325,6.205820555109218,4.878954841095011,4.176161252120096,3.4991595872406913,2.7936365809811172,2.109264315679103,1.5041395534399542,1.0178066517271027,0.6533213167679359,0.40717467002765884,0.23658253407502322,0.12026354918908634,0.06158324490285767,0.03208866726634102,0.013827601455811203,8.30797440881246,7.150156758829,6.517351810128472,5.824550068956498,5.0355774855021425,4.194196856598876,3.3377207025279816,2.5491876444012327,1.8793578329967706,1.3264468070080357,0.8839504880602806,0.5618698462941648,0.33488060750323545,0.1881000660486204,0.08591031384282391
58.0,0.0,58.0,0.0,120.0,0.0,0.0,0.0,0.0,-107.0,0.0,-45.0,0.0,0.0,0.0,34.27253218749016,17.55503396713325,6.2835777028331,4.943713403920081,4.223904920209667,3.541207325296155,2.8176902812557225,2.1381146318596587,1.5236394187341273,1.0293913440053626,0.6643327166773967,0.40754720435487296,0.2320743669926639,0.12448886633186243,0.06323984897403594,0.03074528742125611,0.012115505615800872,8.376145234187877,7.217905986511159,6.5825633407712285,5.872337377619138,5.080560320123508,4.232011177102656,3.3574269107682793,2.5579424400582678,1.8935258728869846,1.3317906491395575,0.8904451103562554,0.5614646163194067,0.334141094474298,0.18869965346404985,0.08903075820848562
59.0,0.0,59.0,0.0,120.0,0.0,0.0,0.0,0.0,-107.0,0.0,-45.0,0.0,0.0,0.0,34.27253218749016,17.55503396713325,6.360143210709937,4.9941720933217635,4.2726228485522455,3.5985719793920805,2.8560504274330176,2.1644745013038396,1.5440539321457556,1.031402503341314,0.67334822745374,0.41111278196100737,0.24210659896762493,0.12742761531137714,0.06474804521424951,0.024706095812034833,0.011521844799925027,8.434877176288976,7.277118540484579,6.610637904534515,5.931866575758446,5.112608891977427,4.263437941427459,3.390086529243822,2.5878934499035062,1.9028327112040138,1.337067098364505,0.8965931819680999,0.5679385009672303,0.3424427006391537,0.18947786411963435,0.09174208009455186
60.0,0.0,60.0,0.0,120.0,0.0,0.0,0.0,0.0,-107.0,0.0,-45.0,0.0,0.0,0.0,34.27253218749016,17.55503396713325,6.4218149308773755,5.060196214105252,4.345664193724043,3.6328653201325225,2.8905303610440782,2.188069265470852,1.5562955673625092,1.0455411771062457,0.6749414160255903,0.41203519953519896,0.2404424796742601,0.12757466584306515,0.06490566239386,0.031196853533612085,0.010328264960510229,8.503199809789193,7.357008805386131,6.668991477075886,5.977457013787035,5.168479476486805,4.295879032604236,3.4148758829208474,2.6029102679665512,1.9141400292736963,1.3418989141595907,0.895178474335164,0.5670067217396748,0.3416658227831528,0.18869575923252632,0.09150960789566104
61.0,0.0,61.0,0.0,120.0,0.0,0.0,0.0,0.0,-107.0,0.0,-45.0,0.0,0.0,0.0,34.27253218749016,17.55503396713325,6.498716104935185,5.143229605152811,4.381804051928249,3.6928942187432656,2.9245336885494795,2.2123035047716777,1.57974199599122,1.0499413232658463,0.6756084658577236,0.4175778160365932,0.23626574023741953,0.13103863312232494,0.06603402741329827,0.02762198700815127,0.011481403060642919,8.568866303962,7.406837329582328,6.72815833754945,6.023425291141151,5.199537484065266,4.327068968648756,3.4356828323043445,2.623081702504033,1.9290457017698888,1.3557270564864727,0.902212419550001,0.5721244910000434,0.3423707248757296,0.1917897725431235,0.09367933113750627
62.0,0.0,62.0,0.0,120.0,0.0,0.0,0.0,0.0,-107.0,0.0,-45.0,0.0,0.0,0.0,34.27253218749016,17.55503396713325,6.604876038108703,5.197320043771482,4.4600360843189994,3.7305209881057766,2.961585199202892,2.2391768808539827,1.5829909622429912,1.0640182945008936,0.6872007775714263,0.4249785148223889,0.23944544874048024,0.12941544514653408,0.0642413694098493,0.029864394382346785,0.011860829800717674,8.61195620099326,7.483789231126471,6.794679439347056,6.074397595874109,5.247597653690146,4.362032005406409,3.4704908257833442,2.6472804516166266,1.9398596300248454,1.35876783189076,0.910408301291228,0.5748978841889852,0.34303667189500475,0.1929356118925478,0.0937500296259571
63.0,0.0,63.0,0.0,120.0,0.0,0.0,0.0,0.0,-107.0,0.0,-45.0,0.0,0.0,0.0,34.27253218749016,17.55503396713325,6.7122738883589195,5.266900485892114,4.527787523909775,3.789435353789288,3.0070498336033844,2.267985074260687,1.602018505894762,1.0833886268475388,0.6934732937122694,0.4236495064175452,0.24018119124936266,0.13151611578941913,0.06336968118959119,0.03293092652351476,0.016037949512153662,8.709463013058034,7.532144327711531,6.833870419333748,6.140633116527416,5.300559605121217,4.406635887958294,3.495505502468708,2.662129847055818,1.9520807038304893,1.3754804996538184,0.9138751481824801,0.5774993119792498,0.343776285425501,0.1963661815197523,0.09550608123076601
64.0,0.0,64.0,0.0,120.0,0.0,0.0,0.0,0.0,-107.0,0.0,-45.0,0.0,0.0,0.0,34.27253218749016,17.55503396713325,6.798047496252529,5.358776287733463,4.5831498049571975,3.82780403073542,3.0512697722600626,2.293493413259961,1.6222782445186845,1.0914746841510843,0.6995066001819505,0.4226997963899538,0.24327573602586597,0.1327979285981522,0.06603351960339361,0.02807630134835968,0.01367140498545088,8.7524972173257,7.613592644036251,6.910188200080965,6.185396372883015,5.340967216095504,4.445092941184388,3.511536751064606,2.6867407495995916,1.965857941678712,1.3705700318201868,0.9121511872036395,0.5780467275075581,0.34598636461804444,0.1964302291149507,0.09465923457682561
65.0,0.0,65.0,0.0,120.0,0.0,0.0,0.0,0.0,-107.0,0.0,-45.0,0.0,0.0,0.0,34.27253218749016,17.55503396713325,6.85417409275926,5.4406306021411,4.654593293230076,3.8815335357727765,3.088860562006319,2.3239627020965474,1.6403911368231958,1.0992322744898193,0.7024405149286841,0.4230611120077788,0.24717609420763473,0.1295761022617632,0.06405960233555273,0.027037039552467827,0.008281590544323217,8.845304577737117,7.671829131779662,6.9608011741535645,6.240930606871654,5.379927248100981,4.470892401135705,3.5424323499891224,2.6986946849864006,1.9737614127553402,1.382811086791026,0.9193563032077612,0.5813902771890669,0.3503554004132323,0.19729078983166498,0.09682615675627558
66.0,0.0,66.0,0.0,120.0,0.0,0.0,0.0,0.0,-107.0,0.0,-45.0,0.0,0.0,0.0,34.27253218749016,17.55503396713325,6.9549125584062725,5.493486816766029,4.715154820213073,3.9393058995052925,3.1309716275437203,2.3570103278974828,1.6585479060046981,1.1094129736657252,0.7086787447943625,0.4317634579269242,0.24310529890024793,0.130263820380437,0.06849901007179157,0.0307886639900414,0.012544746359396088,8.921738136265514,7.740378087381951,7.049058934012768,6.293322061429268,5.437423021088496,4.508095354513864,3.575669424815403,2.716119646311762,1.9850406212266596,1.3963000893053,0.9240969598015105,0.5859577740252553,0.3486337879976127,0.1995456491893741,0.09429682753049633
67.0,0.0,67.0,0.0,120.0,0.0,0.0,0.0,0.0,-107.0,0.0,-45.0,0.0,0.0,0.0,34.27253218749016,17.55503396713325,7.07634568467915,5.568267000836554,4.774035870348493,3.9891801572589944,3.163263863009043,2.3712116520813393,1.666900853919047,1.1264208549283783,0.7208853045451603,0.4363613986646294,0.24862845975269066,0.1316572150639478,0.06462908418509836,0.03192274485102664,0.014580281202390074,8.96728067463627,7.800702288647611,7.095345784989464,6.335927534741095,5.475766365064271,4.546615620450699,3.601901238910314,2.746620901553971,1.99702910184818,1.4020955889523676,0.923949783297907,0.5871881103133197,0.3498546641552088,0.2000175486647047,0.09761747603821157
68.0,0.0,68.0,0.0,120.0,0.0,0.0,0.0,0.0,-107.0,0.0,-45.0,0.0,0.0,0.0,34.27253218749016,17.55503396713325,7.171376329945557,5.654560056120272,4.856737458931605,4.038642460784258,3.20623081073945,2.4144068869290085,1.6903607580939515,1.1309356663661194,0.7247142396975479,0.44269457920642646,0.2502251603962538,0.13382402103411245,0.07023043144103558,0.030944397889196024,0.012912394327933181,9.044665605296188,7.876571974178323,7.151204820051907,6.400969972507774,5.522567436349406,4.589944363945852,3.6455763889169956,2.749495246194187,2.015337411377279,1.408779983200346,0.9307495037940141,0.5895960815275538,0.3528334204530634,0.19841144276018088,0.09575380485015325
69.0,0.0,69.0,0.0,120.0,0.0,0.0,0.0,0.0,-107.0,0.0,-45.0,0.0,0.0,0.0,34.27253218749016,17.55503396713325,7.2691608294224075,5.723501090387,4.909952348563043,4.106213652339473,3.252886466801877,2.4344369089706674,1.7086116290004454,1.1379017501313877,0.7345531250815617,0.435322763415503,0.24790896031439996,0.13739441178282602,0.06711217606706041,0.03284346085523759,0.00976208655284493,9.133266281569632,7.9528463287762765,7.2200033911411845,6.48165860207444,5.5750565060019,4.626684302015307,3.657875004814092,2.7765084224533423,2.0320577908135586,1.4149340103880061,0.9339360830876615,0.5903497705003367,0.35392331461865595,0.19769081056643034,0.0979459121713879
70.0,0.0,70.0,0.0,120.0,0.0,0.0,0.0,0.0,-107.0,0.0,-45.0,0.0,0.0,0.0,34.27253218749016,17.55503396713325,7.360665870707015,5.820007434953324,4.991010710104504,4.1550816630147125,3.284990029364003,2.4595677543937193,1.733635788171893,1.1550211237015906,0.7379540995968489,0.4336850754090379,0.2505742461677182,0.1397855216061393,0.06789402640156568,0.031702002818263623,0.013516286434480412,9.196143262954847,8.026019056596434,7.286259739567728,6.5240890235887665,5.622812743518361,4.659256767876198,3.683021276986533,2.794190554207904,2.0386200321619117,1.4220308061572007,0.9410681482653608,0.5911410537867479,0.3557641946946633,0.19982497205722982,0.09779318297290324
71.0,0.0,71.0,0.0,120.0,0.0,0.0,0.0,0.0,-107.0,0.0,-45.0,0.0,0.0,0.0,34.27253218749016,17.55503396713325,7.485834523946839,5.914652179873896,5.04428799991466,4.206173804238705,3.3330443387258906,2.5000473236996403,1.7535495332159345,1.1688644874127223,0.7363443750228271,0.4455890850118856,0.2556150812348623,0.13706132802481577,0.06604218387770465,0.03336635798166997,0.01088960818789155,9.283618837774172,8.09044267276198,7.352066828993125,6.583468749150554,5.676634645455042,4.70528820840641,3.718713110013823,2.8160494885302976,2.054653867344903,1.4337087365382153,0.9457804941608979,0.5951739398365173,0.3542689154066125,0.20106708775020005,0.09924141281844967
72.0,0.0,72.0,0.0,120.0,0.0,0.0,0.0,0.0,-107.0,0.0,-45.0,0.0,0.0,0.0,34.27253218749016,17.55503396713325,7.596718156936451,5.981900075060691,5.117499603021458,4.270719489862811,3.374169510604531,2.5266231770044243,1.7752623533084742,1.175404458003939,0.7475318302281724,0.44698828888755987,0.2543719134449649,0.13751151558826435,0.07002819979919572,0.034603976817675186,0.011015987201148868,9.374738393909661,8.152225449521618,7.421828023789944,6.6460159712843545,5.738627242679621,4.745867798243037,3.7558737858374256,2.8360510318127607,2.06769938141543,1.4434220812440568,0.9531121635155589,0.5968536682185382,0.3583215213817741,0.20238403284921772,0.10065160031411448
73.0,0.0,73.0,0.0,120.0,0.0,0.0,0.0,0.0,-107.0,0.0,-45.0,0.0,0.0,0.0,34.27253218749016,17.55503396713325,7.695468542332361,6.086667922598598,5.188875996163456,4.336135360294752,3.4113449312326534,2.5545715402251155,1.7920426180124753,1.1855901464768568,0.7575252385788301,0.45323392038955,0.2573246464584343,0.13659821972983,0.06880804538523604,0.03275102461578144,0.013415720109519209,9.446117017458803,8.229945515750835,7.488241955608894,6.701952080228868,5.785148227282805,4.776833613861166,3.774987933330839,2.8500687228115087,2.0766180444978604,1.4504594961591417,0.9565568103538495,0.5983244047216244,0.3547155945224046,0.20222412916660204,0.09958321896915905
74.0,0.0,74.0,0.0,120.0,0.0,0.0,0.0,0.0,-107.0,0.0,-45.0,0.0,0.0,0.0,34.27253218749016,17.55503396713325,7.809657019339637,6.1513298933489295,5.267438245184749,4.393827131325836,3.454563419389516,2.585350683945452,1.8155623294225682,1.1941257375719132,0.7575690369911292,0.4557723768340023,0.2583813545412856,0.14076583306093926,0.06479478329800327,0.032953488832912194,0.012955373888677832,9.506877806275911,8.307777654116492,7.564159051189122,6.771963044360103,5.829041146729856,4.82611152811987,3.8116277982702944,2.8747775457321243,2.0924438259339393,1.4557486353139326,0.9637845824491976,0.6030229140577972,0.36072387230500713,0.20094079733130468,0.1026536450796419
75.0,0.0,75.0,0.0,120.0,0.0,0.0,0.0,0.0,-107.0,0.0,-45.0,0.0,0.0,0.0,34.27253218749016,17.55503396713325,7.919302015219392,6.24752574223046,5.3418821794326545,4.4482714120538445,3.5230751818391313,2.62396981358145,1.834502450718264,1.2132239100100013,0.7724726455656632,0.4636857534119973,0.26766050041416123,0.13638630534098115,0.07343882104667251,0.03560807069202846,0.012853094698188794,9.594944589889707,8.402347717608698,7.644502085773163,6.827595541536055,5.866444473713544,4.85814925012253,3.837655519397277,2.904157579038826,2.111678769886882,1.4665840564532655,0.9673699114175563,0.6056128214534465,0.3623210998010974,0.20355087603780514,0.1006065698846151
76.0,0.0,76.0,0.0,120.0,0.0,0.0,0.0,0.0,-107.0,0.0,-45.0,0.0,0.0,0.0,34.27253218749016,17.55503396713325,8.079280076169624,6.351432498542763,5.4060115413636085,4.517963660071057,3.5487841326340406,2.655595874969166,1.8521000706284247,1.2163388479363049,0.7780730297389684,0.4692770731797628,0.26009371124702635,0.13752999297292248,0.07204219924241011,0.033850375185341196,0.015925686865576712,9.701595985184598,8.45724931548999,7.696492606430441,6.88584142982505,5.92487161298832,4.913902956349076,3.8663004655462068,2.924890486024406,2.1233667684864397,1.4739004823629276,0.9704033904138981,0.6064476384404774,0.3631819890419069,0.20675287161591666,0.1004722593169148
77.0,0.0,77.0,0.0,120.0,0.0,0.0,0.0,0.0,-107.0,0.0,-45.0,0.0,0.0,0.0,34.27253218749016,17.55503396713325,8.18313255226208,6.418766070629328,5.4970318732099415,4.57200050991823,3.5936658043971064,2.679808524677912,1.8766199933824372,1.2463856736943464,0.7820466317210293,0.4720108701699291,0.26895692530816584,0.14228306281189423,0.07568604101724236,0.031850348846079804,0.010829538315475215,9.768683856567508,8.541828990982781,7.768105674232784,6.949652026321608,5.976628426065784,4.942455215217271,3.898292022153278,2.944785445854595,2.137289181589026,1.480432802775192,0.9792176487140346,0.6084686329831699,0.36391765013156335,0.20399748620336922,0.10483293843406868
78.0,0.0,78.0,0.0,120.0,0.0,0.0,0.0,0.0,-107.0,0.0,-45.0,0.0,0.0,0.0,34.27253218749016,17.55503396713325,8.311695887720449,6.566923254214213,5.574100083142881,4.643620535116197,3.65398891131044,2.723424671515761,1.8986606428566326,1.2448082052084737,0.7890105054359843,0.47658005294772526,0.2701431893315485,0.13882676958173315,0.07293643125032982,0.0346781827337812,0.01680774990576572,9.856969510842475,8.620127333791306,7.827414559089165,7.00679645920079,6.026844910727544,4.997691544158962,3.9253554446771677,2.9679215656174653,2.1535593478956714,1.4926332059303182,0.9790620253609943,0.6110354811234886,0.3624951026950219,0.2064595320887136,0.10643848420969451
