Line_number,Fiducial,Easting,Northing,Height,Elevation,tx_pitch,tx_roll,tx_yaw,txrx_dx,txrx_dy,txrx_dz,rx_pitch,rx_roll,rx_yaw,S0Z_time_5.811e-05,S0Z_time_8.588e-05,S0Z_time_1.137e-04,S0Z_time_1.414e-04,S0Z_time_1.692e-04,S0Z_time_1.970e-04,S0Z_time_2.248e-04,S0Z_time_2.525e-04,S0Z_time_2.803e-04,S0Z_time_3.081e-04,S0Z_time_3.359e-04,S0Z_time_3.637e-04,S0Z_time_3.914e-04,S0Z_time_4.192e-04,S0Z_time_4.470e-04,S0Z_time_4.748e-04,S0Z_time_5.026e-04,S0Z_time_5.442e-04,S0Z_time_5.998e-04,S0Z_time_6.692e-04,S0Z_time_7.526e-04,S0Z_time_8.359e-04,S0Z_time_9.331e-04,S0Z_time_1.044e-03,S0Z_time_1.169e-03,S0Z_time_1.308e-03,S0Z_time_1.461e-03,S0Z_time_1.628e-03,S0Z_time_1.822e-03,S0Z_time_2.044e-03,S0Z_time_2.280e-03,S0Z_time_2.544e-03,S0Z_time_2.850e-03,S0Z_time_3.197e-03
0.0,0,0.0,0.0,30.0,0.0,0.0,0.0,0.0,2.0,2.0,-12.0,0.0,0.0,0.0,7.3550171297846385e-06,5.597760517311762e-06,4.495002677992214e-06,3.6139322439309815e-06,2.786983201103263e-06,2.4063683163089474e-06,1.927896917878014e-06,1.5988237901745906e-06,1.3452816722692246e-06,1.1168829315534628e-06,1.040921882277532e-06,8.339343351713528e-07,7.241986228280838e-07,6.622227101570265e-07,5.913589930010119e-07,5.114241494993549e-07,4.652033151531286e-07,3.701480550620768e-07,3.2030799437134715e-07,2.4575504541903516e-07,1.8816684401421907e-07,1.4390918252493289e-07,1.0521299276393947e-07,7.977284906607024e-08,5.924041043142679e-08,4.083958582199533e-08,3.054648890419607e-08,2.0397918826422388e-08,1.3877380329411439e-08,9.80403410465809e-09,8.552050214702774e-09,5.030866876337193e-09,3.889084626875265e-09,2.7514612642947103e-09
0.0,1,1.0,0.0,30.0,0.0,0.0,0.0,0.0,2.0,2.0,-12.0,0.0,0.0,0.0,7.861569181954115e-06,6.063080529187447e-06,4.40591177961666e-06,3.712838459862765e-06,3.0134929663034755e-06,2.4634998857210238e-06,2.1281453791348836e-06,1.7857933233700354e-06,1.5992959972553509e-06,1.3859443790250341e-06,1.1633070959920284e-06,1.0217475560206327e-06,8.913044708174463e-07,8.031225337740254e-07,6.882704336589958e-07,5.986160691997228e-07,5.537181940984384e-07,4.804422464169521e-07,3.8013615669983857e-07,3.1389616699490763e-07,2.3051248612565412e-07,1.750553393673553e-07,1.3957133422168456e-07,1.0236194886087256e-07,7.800391363635227e-08,6.163785196698885e-08,3.886977595001051e-08,2.9935353204040754e-08,2.1306786609354686e-08,1.487183238964862e-08,1.0247105852338086e-08,6.452045882765348e-09,5.101269550869167e-09,2.5548538671220163e-09
0.0,2,2.0,0.0,30.0,0.0,0.0,0.0,0.0,2.0,2.0,-12.0,0.0,0.0,0.0,7.464189197034969e-06,5.731927540546812e-06,4.587958864810294e-06,3.9223784651690085e-06,3.232686012562008e-06,2.734302730820747e-06,2.4033590551054225e-06,2.0210135114091442e-06,1.7847468991166729e-06,1.4787520620043977e-06,1.3059988636401728e-06,1.1670520003906954e-06,1.0437805950076164e-06,8.923529778017363e-07,8.362534204431482e-07,7.495349033376984e-07,6.715284959617295e-07,5.662412019434087e-07,4.908731938029313e-07,3.6366432441892887e-07,2.8587554663851806e-07,2.340353595656985e-07,1.764022602847746e-07,1.3354113173823375e-07,9.44057989983124e-08,7.552227101103983e-08,5.1598951160487755e-08,3.6291158273374055e-08,2.5016854814201015e-08,1.8489346379291777e-08,1.5095855069607995e-08,1.1064078207090378e-08,5.9041538303442825e-09,4.508558000566067e-09
0.0,3,3.0,0.0,30.0,0.0,0.0,0.0,0.0,2.0,2.0,-12.0,0.0,0.0,0.0,7.400830098659523e-06,5.625995275672113e-06,4.955132400506403e-06,3.894736501579651e-06,3.264201234633395e-06,2.997251720797453e-06,2.497352160649471e-06,2.050854091584968e-06,1.8730431734863398e-06,1.7262431214269672e-06,1.4429934784301573e-06,1.2487951623967507e-06,1.1187519137154901e-06,1.0335038798846754e-06,8.953288166097565e-07,7.756623619260086e-07,7.652211795229506e-07,6.458136331860222e-07,5.230646070175041e-07,4.4148984820464284e-07,3.4985754925847326e-07,2.7324912188841255e-07,1.9854128246771007e-07,1.6006957529939112e-07,1.2052114429798147e-07,9.095538621802666e-08,6.186748830145155e-08,4.649725028867904e-08,3.34317015236714e-08,2.2532911640563417e-08,1.7078793543197875e-08,1.1125187864518009e-08,7.23933998252134e-09,5.5552282472461014e-09
0.0,4,4.0,0.0,30.0,0.0,0.0,0.0,0.0,2.0,2.0,-12.0,0.0,0.0,0.0,7.67267570300033e-06,5.997398061403968e-06,4.86051913101431e-06,4.0572962281243525e-06,3.5104213651568423e-06,3.0940754029807914e-06,2.5258781173514953e-06,2.281532407321557e-06,1.971254434833958e-06,1.725282900234816e-06,1.608173555437623e-06,1.4005963062464183e-06,1.2341161042691768e-06,1.1214340585842122e-06,9.773785780266768e-07,8.879395227544373e-07,8.164761430401194e-07,6.947049158949583e-07,5.654163995828564e-07,4.862491727201508e-07,3.6278854459610176e-07,3.094327951994262e-07,2.405650921216417e-07,1.7730780186481604e-07,1.3710038599002516e-07,1.0294189310839608e-07,7.227399412677421e-08,5.7552153719077514e-08,4.255021244074626e-08,2.8002267807941418e-08,1.8672280478774177e-08,1.302183165913929e-08,1.1138229541260362e-08,6.009874505307519e-09
0.0,5,5.0,0.0,30.0,0.0,0.0,0.0,0.0,2.0,2.0,-12.0,0.0,0.0,0.0,7.663184923087054e-06,6.1372052476502566e-06,4.972365861925253e-06,4.124525555839248e-06,3.654774232277786e-06,3.0649954531271708e-06,2.6352913021476145e-06,2.378071346047631e-06,2.072735002936598e-06,1.959146714364255e-06,1.6199489113907746e-06,1.4660425402966125e-06,1.3721786300853876e-06,1.1992880609472238e-06,1.0255043807516792e-06,1.0316684451849886e-06,9.329676200582916e-07,7.905884923853489e-07,6.557940000872484e-07,5.286113772983029e-07,4.144979444448102e-07,3.400055790349639e-07,2.5381744912242727e-07,2.0417096984837619e-07,1.5182221707698988e-07,1.194197959819709e-07,9.161027641152019e-08,6.69651707893061e-08,4.857274654905981e-08,3.447813027759361e-08,2.376257179106805e-08,1.663079513226755e-08,1.1205934886907491e-08,8.354377872191435e-09
0.0,6,6.0,0.0,30.0,0.0,0.0,0.0,0.0,2.0,2.0,-12.0,0.0,0.0,0.0,7.972809299885356e-06,6.078341395755647e-06,5.03753527614224e-06,4.252295628636971e-06,3.4841493802931816e-06,2.9642426345920377e-06,2.798217457092978e-06,2.331755856519422e-06,2.1792352868314057e-06,1.8369382818841897e-06,1.7469998861687012e-06,1.5461859586640537e-06,1.3291360257392264e-06,1.2795139085818564e-06,1.169226852748102e-06,9.704449679973961e-07,9.478590696794097e-07,8.387109188052336e-07,7.26909502801598e-07,5.950951346384625e-07,4.6854059160681876e-07,3.7565018935007925e-07,2.9906661874233243e-07,2.2990003277252255e-07,1.7831370821454637e-07,1.3381591578330793e-07,1.0265525041793243e-07,7.619828345816526e-08,5.2764132727143915e-08,4.000802458488103e-08,2.7279312576132335e-08,2.0176284440999997e-08,1.2034490949262984e-08,8.42170613920452e-09
0.0,7,7.0,0.0,30.0,0.0,0.0,0.0,0.0,2.0,2.0,-12.0,0.0,0.0,0.0,7.716507671649733e-06,6.0266469601582775e-06,4.711294489921966e-06,4.223009679230753e-06,3.698389669904073e-06,3.126209948868065e-06,2.548217610605127e-06,2.4641028196301946e-06,2.1629616551735175e-06,1.9015989256715865e-06,1.7297092208829443e-06,1.6437219014324044e-06,1.3806182178214778e-06,1.3506449529580972e-06,1.2030816510536113e-06,1.1518614401151167e-06,9.747460730390447e-07,8.805812881987567e-07,7.359609602238252e-07,6.024307257196287e-07,5.015006410027358e-07,3.953913133988387e-07,3.1346841317696024e-07,2.386608870445713e-07,1.9455081582105447e-07,1.5411073522148844e-07,1.0782746902097264e-07,8.404878124667182e-08,5.9445950142830566e-08,4.349154111148883e-08,3.161948229576445e-08,2.181088557187457e-08,1.7549845581902323e-08,1.160365745144999e-08
0.0,8,8.0,0.0,30.0,0.0,0.0,0.0,0.0,2.0,2.0,-12.0,0.0,0.0,0.0,8.098279664865604e-06,6.20514434958875e-06,4.8753627189415775e-06,4.171616668357841e-06,3.5700340843049417e-06,3.0493374697479314e-06,2.736147749829989e-06,2.501191367304184e-06,2.208431587860996e-06,1.8913083496747868e-06,1.7997075480311714e-06,1.5906926697295241e-06,1.4920029465805902e-06,1.3069014101761788e-06,1.2276818537225897e-06,1.0629439010967832e-06,1.0301273777239396e-06,9.225499890100794e-07,7.832078297797294e-07,6.079438588492341e-07,4.776186295765333e-07,4.1222260890063034e-07,3.29194257872607e-07,2.6412224683144405e-07,1.9896840451713767e-07,1.5523475670657693e-07,1.1959195558659805e-07,9.183466454358951e-08,6.631078276860298e-08,4.975659847217401e-08,3.83268952854048e-08,2.4786400251551077e-08,1.9561485039429306e-08,1.2689800759198588e-08
0.0,9,9.0,0.0,30.0,0.0,0.0,0.0,0.0,2.0,2.0,-12.0,0.0,0.0,0.0,7.615488962696235e-06,5.5535713044187025e-06,4.924572423597778e-06,4.045348031560081e-06,3.6939435412933154e-06,3.093681768431541e-06,2.814841292540039e-06,2.386191220539424e-06,2.199422375547297e-06,1.9734012516327133e-06,1.889608928009417e-06,1.7021062158186853e-06,1.5321975315568585e-06,1.314829715433771e-06,1.2613193800020448e-06,1.1543260957095553e-06,1.0457826940151101e-06,9.508158292204193e-07,8.187252731230224e-07,6.91769772327805e-07,5.450870337458661e-07,4.3292126460017866e-07,3.6342484822181667e-07,2.8373203815284015e-07,2.213236955376736e-07,1.7103627886316255e-07,1.2604489182376227e-07,9.244840711934528e-08,6.956214428875552e-08,5.453917765114772e-08,4.024289440895514e-08,2.9293563345665954e-08,1.9298447138334412e-08,1.374663447997562e-08
0.0,10,10.0,0.0,30.0,0.0,0.0,0.0,0.0,2.0,2.0,-12.0,0.0,0.0,0.0,7.817051681649721e-06,5.871376017842063e-06,4.747500690084044e-06,4.297724205815329e-06,3.626819807673008e-06,3.150683755770514e-06,2.8380913699980724e-06,2.4239758230453625e-06,2.103938965362982e-06,1.9541418726667017e-06,1.757195957339952e-06,1.6477873401408048e-06,1.4714178309487871e-06,1.3489873556221869e-06,1.2833204172147162e-06,1.177421741920956e-06,1.0819319940191332e-06,9.290545450930609e-07,8.277141831826797e-07,6.656624461449006e-07,5.612279503151149e-07,4.5001331246612746e-07,3.8083549641908705e-07,2.8796334426905885e-07,2.301048461524522e-07,1.764932485784631e-07,1.3723547440183883e-07,1.091124536787616e-07,8.078832435792982e-08,5.425005528379615e-08,3.9656380993522197e-08,3.0616784558046236e-08,2.248474926046812e-08,1.5865633069476663e-08
0.0,11,11.0,0.0,30.0,0.0,0.0,0.0,0.0,2.0,2.0,-12.0,0.0,0.0,0.0,7.351054592647197e-06,5.822457020239121e-06,4.897486050064785e-06,4.079597270347706e-06,3.7252849688394294e-06,3.1258888547753714e-06,2.845868348663558e-06,2.4318103468830312e-06,2.2597109354114794e-06,1.980946442073604e-06,1.8060808429655779e-06,1.6675888711714461e-06,1.4994375836509428e-06,1.3124054761482842e-06,1.1865423613792143e-06,1.1974279164185975e-06,1.0870215286755118e-06,9.545905441658829e-07,8.516100452788491e-07,6.762955241695527e-07,5.775782698649045e-07,4.944085364210711e-07,3.857649664812224e-07,3.0688427951037236e-07,2.4008849237320834e-07,1.9204813963342725e-07,1.4609910946689765e-07,1.1595333847975924e-07,8.448296879876057e-08,5.836959171228631e-08,4.5657398591429834e-08,3.8247673451712656e-08,2.1969419521414385e-08,1.6723205922179152e-08
0.0,12,12.0,0.0,30.0,0.0,0.0,0.0,0.0,2.0,2.0,-12.0,0.0,0.0,0.0,7.642958088052388e-06,6.24585261628605e-06,4.952607292458085e-06,4.103615936559006e-06,3.4821449393083345e-06,3.205035936063564e-06,2.8477534093711304e-06,2.4238978122322864e-06,2.1577156553160172e-06,2.0458422901346717e-06,1.7556116303885965e-06,1.6373524295146645e-06,1.5759404909532498e-06,1.3925865015144474e-06,1.2203328364833548e-06,1.1601349916138737e-06,1.1300278084916824e-06,9.828277110116679e-07,8.389035835185307e-07,7.418189899723695e-07,5.674791813249334e-07,4.886479184066277e-07,3.8905388334294613e-07,3.2543037760050434e-07,2.507584600004061e-07,1.9291303230258562e-07,1.5046901044132598e-07,1.1823283785416666e-07,9.216303143447892e-08,6.501427774031712e-08,5.151687907815258e-08,3.468765716261348e-08,2.4648893066926767e-08,1.749851774196588e-08
0.0,13,13.0,0.0,30.0,0.0,0.0,0.0,0.0,2.0,2.0,-12.0,0.0,0.0,0.0,7.433565495586086e-06,6.11250130793952e-06,4.986012892882866e-06,4.115909207957063e-06,3.7335627674803577e-06,3.1879643940887026e-06,2.802760589263627e-06,2.3840623984440125e-06,2.169319241065093e-06,1.9291427076491287e-06,1.778729823983294e-06,1.5276423512241662e-06,1.5367643378538551e-06,1.270945583224111e-06,1.2578139513250857e-06,1.1829815212826178e-06,1.0671279342249497e-06,9.53797406718623e-07,8.509262558645446e-07,7.455861948526924e-07,5.844833919170063e-07,4.809420041723435e-07,4.168906956831485e-07,3.122316086239731e-07,2.4884828466098256e-07,2.07991437974373e-07,1.630495605983579e-07,1.190973451441111e-07,9.069296831549388e-08,6.675879755689474e-08,5.164994499056299e-08,3.679625269461224e-08,2.7660270666851193e-08,1.9366705899491222e-08
0.0,14,14.0,0.0,30.0,0.0,0.0,0.0,0.0,2.0,2.0,-12.0,0.0,0.0,0.0,8.35824484767013e-06,6.092226871289729e-06,4.486437614604536e-06,4.349413587837506e-06,3.4974756362005343e-06,3.057257602847471e-06,2.628102803855979e-06,2.446700741392777e-06,2.136438063481564e-06,1.9935268254388544e-06,1.808896128055199e-06,1.6423055197036128e-06,1.475172736985951e-06,1.4218932775478837e-06,1.265144673635397e-06,1.1783570826157245e-06,1.0796566620647634e-06,1.0113902263672907e-06,9.079586018520432e-07,6.972791920489645e-07,6.008833967659333e-07,5.241945677734703e-07,4.1804685559645253e-07,3.354823413796712e-07,2.6056632381643437e-07,2.0262748756340862e-07,1.6294888763523146e-07,1.321319513334866e-07,9.462239805071226e-08,7.039934141104356e-08,5.808596028699215e-08,4.006056068241798e-08,2.8487516827281255e-08,2.0033695283835206e-08
0.0,15,15.0,0.0,30.0,0.0,0.0,0.0,0.0,2.0,2.0,-12.0,0.0,0.0,0.0,8.195256893367166e-06,6.167857401191517e-06,5.044668172765911e-06,3.952697554813384e-06,3.476139618955363e-06,3.1003561713643075e-06,2.8472273677905904e-06,2.500864173010496e-06,2.289040419084556e-06,2.0044929198838796e-06,1.7758903477258183e-06,1.597106135836019e-06,1.4426863310392124e-06,1.3717618276215545e-06,1.3109648335260052e-06,1.2033457585978176e-06,1.1508776862150015e-06,1.0106869264957778e-06,8.231176666973238e-07,7.263281175027687e-07,6.153311274411754e-07,5.091077385526304e-07,4.321380809687764e-07,3.2882467788823345e-07,2.5851822245478477e-07,2.1446159939855336e-07,1.6199184074773534e-07,1.2413240184684196e-07,9.838676349709617e-08,7.503586439002283e-08,5.7764817222056595e-08,4.275226646650536e-08,3.0400119573476896e-08,2.3063813698003887e-08
0.0,16,16.0,0.0,30.0,0.0,0.0,0.0,0.0,2.0,2.0,-12.0,0.0,0.0,0.0,8.351088960883268e-06,6.200952974180991e-06,5.046358016630647e-06,4.304003581715052e-06,3.5772746468187397e-06,3.0545071821261005e-06,2.7731462081328835e-06,2.4290053830923182e-06,2.1271895873167918e-06,2.061295425241954e-06,1.8324849093736796e-06,1.6700188480708004e-06,1.5465075320910035e-06,1.4557684618199333e-06,1.2825048244002537e-06,1.1181192614918615e-06,1.104705705475076e-06,9.664119857143572e-07,8.690924753585461e-07,7.275276211272128e-07,5.979990019987523e-07,4.979585201028324e-07,4.4023362444433753e-07,3.6246866677920956e-07,2.992390317776813e-07,2.2319444940630007e-07,1.6251291172491183e-07,1.414360126575825e-07,1.0117045576440238e-07,7.973918240810916e-08,5.788082205955663e-08,4.3744767023877304e-08,3.094314803760481e-08,2.4175594285546464e-08
0.0,17,17.0,0.0,30.0,0.0,0.0,0.0,0.0,2.0,2.0,-12.0,0.0,0.0,0.0,8.40077073846964e-06,6.289461802571865e-06,5.117335858670569e-06,4.363412633200688e-06,3.472039841700203e-06,3.110783250105196e-06,2.7357243175481137e-06,2.3509150621259483e-06,2.2596067416010344e-06,2.015140029759186e-06,1.7912356060164533e-06,1.6039422334649718e-06,1.5635921265393366e-06,1.3124343196785844e-06,1.2772690511664368e-06,1.1346886238187084e-06,1.105930954444206e-06,9.909916546793184e-07,8.44588881146885e-07,7.140788858894546e-07,6.268740981271295e-07,5.017889857095121e-07,4.426498297246707e-07,3.558320704966498e-07,2.891986524401932e-07,2.1469760217006775e-07,1.8601875767168195e-07,1.3777973878736888e-07,1.023154894830516e-07,7.661475149362904e-08,5.8688134419406e-08,4.441937447173335e-08,3.343450988245208e-08,2.3565986996138205e-08
0.0,18,18.0,0.0,30.0,0.0,0.0,0.0,0.0,2.0,2.0,-12.0,0.0,0.0,0.0,8.456085903307879e-06,6.432756320973436e-06,5.0489655419989e-06,4.237088872531041e-06,3.713280180097198e-06,3.2319568445552024e-06,2.7882185174215048e-06,2.559330490481129e-06,2.356464471931783e-06,1.9294777617788887e-06,1.7505448984450805e-06,1.6577323971197827e-06,1.550169876309192e-06,1.435999098427246e-06,1.2942484365244252e-06,1.1542648923779622e-06,1.1171937149820182e-06,9.722771786249708e-07,8.659906497468384e-07,7.445756752140824e-07,5.610428838018244e-07,5.0009670247996e-07,4.528401352479669e-07,3.626304860671352e-07,2.923777783791816e-07,2.1677967184896853e-07,1.6778116383132585e-07,1.438161283229777e-07,1.0838741757160296e-07,8.97189065526798e-08,6.310734310010325e-08,4.5477514075474754e-08,3.546587423195274e-08,2.568095809279552e-08
0.0,19,19.0,0.0,30.0,0.0,0.0,0.0,0.0,2.0,2.0,-12.0,0.0,0.0,0.0,8.661869349143238e-06,6.467848712779801e-06,5.416572107753509e-06,4.176588552633111e-06,3.7426234041808074e-06,3.3369383228323234e-06,2.635168371070016e-06,2.271809852512659e-06,2.23933678477432e-06,2.1811010126124307e-06,1.7740649693448368e-06,1.591412549961593e-06,1.5059967066414515e-06,1.4012558168013752e-06,1.3111856953254994e-06,1.2293702916050396e-06,1.1076844752813358e-06,9.753469886818005e-07,9.155045048263914e-07,7.04412042734124e-07,5.909051459695818e-07,5.194826502068879e-07,4.227090031302439e-07,3.497677153003298e-07,2.984629023822936e-07,2.3021094120543367e-07,1.8193424867911083e-07,1.515776800809145e-07,1.1378699872547443e-07,9.06334871151536e-08,6.425933773995743e-08,4.950764334107908e-08,3.3748675273573734e-08,2.5924378512804214e-08
0.0,20,20.0,0.0,30.0,0.0,0.0,0.0,0.0,2.0,2.0,-12.0,0.0,0.0,0.0,8.592961056962258e-06,6.283401989301472e-06,5.274663762908296e-06,4.206731765384681e-06,3.528844667304371e-06,3.2637322755803193e-06,2.8074341723240116e-06,2.463695997030516e-06,2.2341925372074084e-06,2.0744716899093253e-06,1.8366037695924038e-06,1.6229885326020436e-06,1.5554088237072444e-06,1.3717599194860774e-06,1.271803488084555e-06,1.1708882707948662e-06,1.1256692841835828e-06,9.845545402494894e-07,8.560274785579224e-07,7.314408647323463e-07,6.041322463917292e-07,5.130407084558932e-07,4.3239770923770236e-07,3.720419150740376e-07,2.7880779430736834e-07,2.3810220051139064e-07,1.8983856341736914e-07,1.497016363546239e-07,1.1529011610146127e-07,8.578246086326126e-08,6.37684319941539e-08,5.043888829898106e-08,3.557323274064731e-08,2.6962763554457992e-08
0.0,21,21.0,0.0,30.0,0.0,0.0,0.0,0.0,2.0,2.0,-12.0,0.0,0.0,0.0,8.607471348472459e-06,6.278855543900529e-06,4.95068462457646e-06,4.525689043087515e-06,3.7620240192195706e-06,3.129297492145558e-06,2.809051801656463e-06,2.400887915760752e-06,2.2249145561087806e-06,2.0327427652872514e-06,1.8461935991658842e-06,1.6161453587769895e-06,1.5377037637962026e-06,1.392375015405354e-06,1.2575745793666014e-06,1.2751802600957904e-06,1.1274512286400053e-06,9.966042627236962e-07,8.347286925449621e-07,7.023958248720374e-07,6.222034325762491e-07,4.987080321407592e-07,4.3235951501188427e-07,3.619426697176258e-07,2.989681425489749e-07,2.3267543375355433e-07,2.0079077487686875e-07,1.464386000270205e-07,1.1670298017347296e-07,9.205972177340633e-08,6.643542750327643e-08,5.098066780028243e-08,3.817630761949461e-08,2.653493879673729e-08
0.0,22,22.0,0.0,30.0,0.0,0.0,0.0,0.0,2.0,2.0,-12.0,0.0,0.0,0.0,8.8069555264608e-06,7.049816853426129e-06,5.174679567804049e-06,4.4585671439393315e-06,3.6813230038316054e-06,3.0493032106526014e-06,3.0170102535888115e-06,2.4856106180126824e-06,2.278504220400706e-06,1.857267221591999e-06,1.8327872899860495e-06,1.5407488111131696e-06,1.5783975822123365e-06,1.357772080009491e-06,1.307420960266821e-06,1.200338626129009e-06,1.0810985147446339e-06,9.860006211113137e-07,8.280325921868052e-07,7.087113410211285e-07,6.220390752345127e-07,5.250568685887296e-07,4.4132634345410555e-07,3.552754131220204e-07,2.729380121300388e-07,2.3466873806076985e-07,1.880055798424869e-07,1.4218337446797949e-07,1.1834990219540118e-07,9.130823145017049e-08,6.71757592214973e-08,4.8417086443848094e-08,4.00528223679342e-08,2.912736565068426e-08
0.0,23,23.0,0.0,30.0,0.0,0.0,0.0,0.0,2.0,2.0,-12.0,0.0,0.0,0.0,9.578271102884288e-06,6.733875211164434e-06,5.157822525987423e-06,4.640511734913896e-06,3.7075136215257854e-06,3.2519118532779867e-06,2.755211874144656e-06,2.4852093226972166e-06,2.1825230115294324e-06,2.092847695596178e-06,1.8298683029767032e-06,1.5979923673346957e-06,1.537169279483792e-06,1.354233595573156e-06,1.256216391858449e-06,1.2221511438892317e-06,1.0849248261800875e-06,9.638509148681379e-07,8.822424573201763e-07,7.244061639295743e-07,6.025113629184271e-07,5.391341162720425e-07,4.4189333131524984e-07,3.530711599361838e-07,2.9195269326625045e-07,2.238665292856197e-07,1.786556503523811e-07,1.4561563495384343e-07,1.1877636831759205e-07,9.275292182176225e-08,7.077953949033707e-08,5.1745871669038814e-08,3.7076925978890514e-08,3.040951945220054e-08
0.0,24,24.0,0.0,30.0,0.0,0.0,0.0,0.0,2.0,2.0,-12.0,0.0,0.0,0.0,9.148208508665277e-06,6.923668044918789e-06,5.348868163555801e-06,4.5147079137210075e-06,3.7068953710837973e-06,3.3321967584447e-06,2.853469105528484e-06,2.48542970497896e-06,2.2722277617758066e-06,2.1215151977938582e-06,1.8458895259248513e-06,1.746117435647808e-06,1.5824513983959777e-06,1.3303465914470565e-06,1.2729776878654347e-06,1.1283529259007104e-06,1.0984535144504255e-06,9.572463115091643e-07,8.364644248312266e-07,7.259644212129639e-07,6.14106676763332e-07,5.091413726397787e-07,4.0687377451519373e-07,3.567499327414455e-07,2.7561403688839954e-07,2.377961035241268e-07,1.810464010416349e-07,1.5089211656568764e-07,1.1621005552855823e-07,9.479409142356924e-08,6.865982595733347e-08,5.4952688737325765e-08,3.790167504590228e-08,2.952862823865125e-08
0.0,25,25.0,0.0,30.0,0.0,0.0,0.0,0.0,2.0,2.0,-12.0,0.0,0.0,0.0,8.956661020461123e-06,6.666103358133031e-06,5.65043278636095e-06,4.718691128207966e-06,4.023067723423831e-06,3.313967538439665e-06,2.9072643990569365e-06,2.5232253213948106e-06,2.4759683905959283e-06,2.0897039885293263e-06,1.8253423415394862e-06,1.6817334893239257e-06,1.5294366514910464e-06,1.460020584658543e-06,1.3197978887798383e-06,1.199090155686699e-06,1.0802327126370333e-06,9.58936442095045e-07,8.552120724261137e-07,7.838385862581236e-07,5.657844949561588e-07,5.269481843225554e-07,4.1374125621842725e-07,3.607166587096017e-07,2.871584546502634e-07,2.3846863140965266e-07,1.9092107321152768e-07,1.5244684575560978e-07,1.190497675314855e-07,9.18610329019082e-08,7.189011029572433e-08,5.5793931829472245e-08,3.943854365651906e-08,3.01235079442964e-08
0.0,26,26.0,0.0,30.0,0.0,0.0,0.0,0.0,2.0,2.0,-12.0,0.0,0.0,0.0,9.09584883098927e-06,6.729449546171089e-06,5.7179811490689835e-06,4.479023584214517e-06,4.227054039117508e-06,3.301721854681947e-06,2.9630435162184487e-06,2.5612686245319494e-06,2.210925513889163e-06,1.947238772874027e-06,1.8836873169932408e-06,1.7202944484142513e-06,1.5922207945169453e-06,1.4438987132012209e-06,1.2725706203725082e-06,1.2649958102654343e-06,1.150055711252774e-06,9.359373736716594e-07,8.822130133511654e-07,6.793184080998531e-07,6.224464444777599e-07,5.008085293721795e-07,4.401014761814528e-07,3.4861132092111606e-07,2.958018753082383e-07,2.410274496007413e-07,1.790965464913084e-07,1.5244215147678288e-07,1.1695864991394955e-07,9.213343951441392e-08,7.286158103572855e-08,5.807590308480839e-08,4.2059903223162165e-08,3.132530347621578e-08
0.0,27,27.0,0.0,30.0,0.0,0.0,0.0,0.0,2.0,2.0,-12.0,0.0,0.0,0.0,9.290020972239701e-06,7.396558399139877e-06,5.5676131011674625e-06,4.360903832622359e-06,3.8303993798036566e-06,3.6561369487588325e-06,2.937158674394483e-06,2.8694008234099895e-06,2.3510180675453567e-06,2.0524425137715212e-06,1.939413034335196e-06,1.708400972520825e-06,1.5648014625695168e-06,1.4488121183632095e-06,1.3136673392791471e-06,1.2219353929409854e-06,1.0312275249222328e-06,9.577969732496379e-07,8.410838936342091e-07,7.228451244394786e-07,6.359711504364291e-07,5.168866311014529e-07,4.322584813503614e-07,3.687904486082484e-07,2.804910146219837e-07,2.3585735415675534e-07,1.9940414975070885e-07,1.4563094140626513e-07,1.206047475656738e-07,9.396535531320513e-08,6.79238975196262e-08,5.555428726688119e-08,4.1261042534200785e-08,3.196926898880841e-08
0.0,28,28.0,0.0,30.0,0.0,0.0,0.0,0.0,2.0,2.0,-12.0,0.0,0.0,0.0,9.627740144055304e-06,7.419737759896057e-06,5.8864584233033834e-06,4.667396304315961e-06,3.973855566914457e-06,3.500006862069104e-06,2.9522378986704744e-06,2.657021233336726e-06,2.3906668913863204e-06,2.187807951439766e-06,1.8842405662147532e-06,1.629836457804799e-06,1.5177828593145123e-06,1.5291618108725406e-06,1.2750505267896346e-06,1.2022160810726762e-06,1.132181534129064e-06,9.23774892390155e-07,8.611457132315393e-07,7.079187980877921e-07,6.250626206620078e-07,5.043296026362325e-07,4.4342886102322844e-07,3.554312709208519e-07,2.9553030587968945e-07,2.4814997111846995e-07,1.858130141298342e-07,1.5235738236271386e-07,1.2828150550586466e-07,9.166198782291519e-08,7.167037979508987e-08,5.451348166039942e-08,4.2048835579876207e-08,2.9186782629240804e-08
0.0,29,29.0,0.0,30.0,0.0,0.0,0.0,0.0,2.0,2.0,-12.0,0.0,0.0,0.0,9.79082091886681e-06,7.534201257305592e-06,5.574654833349455e-06,4.577343737564515e-06,4.024862760412161e-06,3.5277495054288397e-06,2.985033475543683e-06,2.6110589262795244e-06,2.354349029885867e-06,2.0627920997650603e-06,1.9386720659508275e-06,1.7085067456281419e-06,1.5378067875677883e-06,1.5041965934443697e-06,1.347677281715491e-06,1.1910999289471885e-06,1.1398563661223264e-06,1.000104797011482e-06,8.649147259258206e-07,7.16519235108088e-07,6.434176328167116e-07,5.092283258614905e-07,4.444827342835045e-07,3.577983961943292e-07,2.86323947699242e-07,2.4464792044685253e-07,1.9578228955742673e-07,1.5744299008796618e-07,1.2319747759899848e-07,9.63227457239526e-08,7.594961171463187e-08,5.639961357580196e-08,4.263260549754482e-08,2.931296552263511e-08
0.0,30,30.0,0.0,30.0,0.0,0.0,0.0,0.0,2.0,2.0,-12.0,0.0,0.0,0.0,1.0303305488437506e-05,7.273593826105177e-06,5.543009766574967e-06,5.062426619052662e-06,3.965308268662437e-06,3.596621655947396e-06,2.9952820449854873e-06,2.67452527441022e-06,2.4122801260521974e-06,2.237668722975029e-06,1.9269722262147455e-06,1.6801469247451853e-06,1.6213261457138575e-06,1.506069677407974e-06,1.303826053539394e-06,1.2072287139831748e-06,1.0643673735311274e-06,9.699157521110407e-07,9.053690560264493e-07,7.282884403943115e-07,5.905715111966759e-07,5.06393255224048e-07,4.311000011853638e-07,3.5939690353963616e-07,2.933151547220229e-07,2.4294147266598497e-07,2.0978130254707428e-07,1.610312166329662e-07,1.2051487419837973e-07,9.324918582936813e-08,7.150756904671906e-08,5.7206754876466136e-08,4.432068591304787e-08,3.14666470545693e-08
0.0,31,31.0,0.0,30.0,0.0,0.0,0.0,0.0,2.0,2.0,-12.0,0.0,0.0,0.0,1.0164575733262547e-05,7.622761136187848e-06,6.168154917307203e-06,4.881477326254307e-06,4.131034454943368e-06,3.4585473041763646e-06,3.156115222730081e-06,2.734177843133281e-06,2.5789996992689415e-06,2.2733254956245205e-06,2.0185313546410704e-06,1.807671582933161e-06,1.633741091453566e-06,1.4676836290179852e-06,1.3680780906108825e-06,1.2983536731838518e-06,1.170142735213982e-06,1.0100860590547291e-06,8.794009782627936e-07,7.333642783707324e-07,5.955741639452002e-07,4.84980913526917e-07,4.4274901680716135e-07,3.4923595211791075e-07,2.997774418867447e-07,2.3810118831569523e-07,1.8739668680813422e-07,1.556420257641825e-07,1.1877897825453257e-07,9.451191970938286e-08,7.314152050373669e-08,5.640448541935674e-08,4.718422228748392e-08,3.093758283659034e-08
0.0,32,32.0,0.0,30.0,0.0,0.0,0.0,0.0,2.0,2.0,-12.0,0.0,0.0,0.0,1.003049439365044e-05,7.432465899403711e-06,6.119083727359527e-06,4.915288051941629e-06,4.365736033932019e-06,3.84614902947444e-06,3.18631280991363e-06,2.793266414251314e-06,2.4458230716844732e-06,2.1651106221952475e-06,1.90848081808719e-06,1.8113086568302365e-06,1.6460042300601295e-06,1.5733955974526322e-06,1.2907286354021638e-06,1.271038491392444e-06,1.1801188415536597e-06,1.0382475019168885e-06,8.696778294067153e-07,7.676564734492566e-07,6.338305016076147e-07,5.221185116669678e-07,4.035126889636744e-07,3.63052788240745e-07,2.9177339849166834e-07,2.232498126547835e-07,1.8275183355243253e-07,1.4894654117224777e-07,1.1987048591794044e-07,9.498471309087068e-08,7.574553721865704e-08,5.882325396510775e-08,4.139692160470025e-08,3.428649061875926e-08
0.0,33,33.0,0.0,30.0,0.0,0.0,0.0,0.0,2.0,2.0,-12.0,0.0,0.0,0.0,1.0350876325073314e-05,7.702788417967689e-06,5.9392149226041636e-06,5.156582644426431e-06,4.186426901396496e-06,3.4716179871363105e-06,3.3382853180484628e-06,2.8477455855820636e-06,2.517358310001146e-06,2.2254560895078407e-06,1.9745021403521883e-06,1.7971239369237419e-06,1.620255115112953e-06,1.5214026529993473e-06,1.3716551865626905e-06,1.2671009813548712e-06,1.1324948656465386e-06,1.0174396267785378e-06,9.019314802913302e-07,7.119173953694193e-07,6.352528453400169e-07,5.157253258050632e-07,4.382154703102284e-07,3.6422467694529696e-07,2.9249917589271563e-07,2.4919570954865827e-07,1.9181635292113277e-07,1.5147827409759846e-07,1.167097803905198e-07,9.183234347101488e-08,7.683225663877641e-08,5.7130254384705025e-08,4.097617727038767e-08,3.3009833424397e-08
0.0,34,34.0,0.0,30.0,0.0,0.0,0.0,0.0,2.0,2.0,-12.0,0.0,0.0,0.0,1.0378727222482733e-05,8.041463243874748e-06,6.012787471981106e-06,5.330581171079185e-06,4.245546989101905e-06,3.63046879334043e-06,3.28202569654043e-06,2.9046311587126925e-06,2.677635635313225e-06,2.3138400731177255e-06,1.8947338585532102e-06,1.7703013996395951e-06,1.7573658319184195e-06,1.5297056276085929e-06,1.3257049128544255e-06,1.3007271813061428e-06,1.1747851970521143e-06,1.016480727967697e-06,8.915114683524242e-07,7.754868911810174e-07,6.20495385635852e-07,5.299200447351734e-07,4.3306389675431475e-07,3.5180303887086467e-07,3.051399075436383e-07,2.462299397810314e-07,1.9074378934632737e-07,1.5480437817987368e-07,1.1881462265502273e-07,9.87244312059216e-08,7.067353723753295e-08,5.639448695026655e-08,4.1825466711622616e-08,3.3915831368424187e-08
0.0,35,35.0,0.0,30.0,0.0,0.0,0.0,0.0,2.0,2.0,-12.0,0.0,0.0,0.0,1.0472187339028333e-05,7.84086406813953e-06,6.174356140107789e-06,5.226953723446805e-06,4.482384455202398e-06,3.7055154407519637e-06,3.3286116387314213e-06,2.853650379300993e-06,2.499605138499184e-06,2.3629472876318353e-06,2.053715469631944e-06,1.7963000278153722e-06,1.6696325833696996e-06,1.522086378046861e-06,1.4029192960156399e-06,1.281373040262795e-06,1.1772459623983933e-06,1.0311191151877598e-06,9.346169598241158e-07,7.914619013116117e-07,6.364616942145638e-07,5.430570257046901e-07,4.203262637672415e-07,3.4436150552737314e-07,2.880206842739626e-07,2.540267475280499e-07,1.8926389039539614e-07,1.5257717645768796e-07,1.1826968766387996e-07,9.354921548396608e-08,7.599664889101617e-08,6.05997147226061e-08,4.146226484023991e-08,3.286922067951794e-08
0.0,36,36.0,0.0,30.0,0.0,0.0,0.0,0.0,2.0,2.0,-12.0,0.0,0.0,0.0,1.0860131714150916e-05,8.549549438263169e-06,6.506024098768727e-06,5.551871012287467e-06,4.262002033107608e-06,3.8390047311933254e-06,3.431211570348524e-06,2.7720880748132573e-06,2.592351794953373e-06,2.4061344486739106e-06,2.0858894548883164e-06,1.8311904718502417e-06,1.681410132706241e-06,1.4997613500295418e-06,1.3327417879370813e-06,1.3077126790401224e-06,1.2086973455032292e-06,1.035965406479075e-06,9.07990784512667e-07,7.804370934369127e-07,6.142902751887994e-07,5.431155484588898e-07,4.3837207037573843e-07,3.438503157559816e-07,2.7040185623845105e-07,2.3233685357819646e-07,1.841812853671422e-07,1.4719600311983163e-07,1.1660328686871832e-07,9.238825559561506e-08,7.30458536725488e-08,5.5344698970970325e-08,4.47251159262553e-08,3.433808378770575e-08
0.0,37,37.0,0.0,30.0,0.0,0.0,0.0,0.0,2.0,2.0,-12.0,0.0,0.0,0.0,1.1265148443585393e-05,8.290153375399461e-06,6.73136296874013e-06,5.481437079040691e-06,4.719774930728376e-06,3.7119871562101673e-06,3.4480246262689622e-06,2.941841686662442e-06,2.5622875301861498e-06,2.4277818596925526e-06,2.1656403706878883e-06,1.8476076946741843e-06,1.700219749746497e-06,1.5617719231494347e-06,1.3869559561845083e-06,1.281055006856144e-06,1.2040744142845298e-06,1.073387208186539e-06,9.024622720165354e-07,8.029461459294608e-07,6.304255215795085e-07,5.280621939970803e-07,4.6340091630287783e-07,3.696563070890232e-07,3.125963725464406e-07,2.4849292836118613e-07,1.7612249860805809e-07,1.5128977834255364e-07,1.2476395619542606e-07,9.716147000684539e-08,7.463486119614789e-08,5.8782762670368484e-08,4.329912994437158e-08,3.3962571900823076e-08
0.0,38,38.0,0.0,30.0,0.0,0.0,0.0,0.0,2.0,2.0,-12.0,0.0,0.0,0.0,1.045847465615314e-05,8.741636808303084e-06,6.722695127792447e-06,5.586056552277674e-06,4.706233820412278e-06,3.7982461172753973e-06,3.3656433093215522e-06,3.032353073309368e-06,2.672477566871836e-06,2.3224494037536973e-06,2.080327498762582e-06,1.8568634526062614e-06,1.7445964802643468e-06,1.5399848984411093e-06,1.477018484467685e-06,1.3437197958313608e-06,1.2162317970910452e-06,1.1354524178625549e-06,9.297676525094814e-07,8.292639647617799e-07,6.803728067503641e-07,5.435966599780537e-07,4.514901541872244e-07,3.339679110323305e-07,2.933288199574159e-07,2.396826130558885e-07,1.739744508310183e-07,1.5677764634738437e-07,1.2207493482157972e-07,9.025603411063276e-08,7.369470614680867e-08,5.7860773717857056e-08,4.26864596507611e-08,3.224737924151328e-08
0.0,39,39.0,0.0,30.0,0.0,0.0,0.0,0.0,2.0,2.0,-12.0,0.0,0.0,0.0,1.168455075001303e-05,8.72356044417016e-06,6.725938237667688e-06,5.644883880951037e-06,4.4323036306387905e-06,4.032657639119636e-06,3.386290983998934e-06,3.0577591334976023e-06,2.6643412066154654e-06,2.3649742590340525e-06,2.1511821324202887e-06,2.0036256497876555e-06,1.6014370665914401e-06,1.6225341804133646e-06,1.4847643198735836e-06,1.3584833100483467e-06,1.2132445797411853e-06,1.047215144581601e-06,9.91364113937218e-07,8.324165277017882e-07,6.435467613914104e-07,5.280374451804477e-07,4.4584818940955264e-07,3.6677504669515574e-07,3.0078283480370836e-07,2.3416448222910053e-07,1.8829145281360704e-07,1.5506402697192097e-07,1.1342234613327893e-07,9.175199197553571e-08,7.247986272728128e-08,5.6996718174951724e-08,4.299553963588082e-08,3.6808094213581546e-08
0.0,40,40.0,0.0,30.0,0.0,0.0,0.0,0.0,2.0,2.0,-12.0,0.0,0.0,0.0,1.2049832210862032e-05,9.323737695802824e-06,6.9475554156609685e-06,5.639860947644706e-06,4.712837376070742e-06,3.910221115148908e-06,3.6267628761454256e-06,3.036238890146542e-06,2.7307812635152494e-06,2.451664707649155e-06,2.1617731421931747e-06,2.019178031257252e-06,1.6816978401400943e-06,1.6270822362549315e-06,1.4979453973884808e-06,1.3090107246745658e-06,1.2932410656960268e-06,1.1098535286688775e-06,9.24023574861655e-07,8.111830005072979e-07,6.729294843812835e-07,5.393741114352327e-07,4.547070865240405e-07,3.593161716954498e-07,3.047479251290052e-07,2.2610028865625779e-07,1.921207434148376e-07,1.609813115234053e-07,1.1983050425974558e-07,9.613112998966469e-08,7.3768595786323e-08,5.659276599354929e-08,4.6125786818711795e-08,3.323675594566403e-08
0.0,41,41.0,0.0,30.0,0.0,0.0,0.0,0.0,2.0,2.0,-12.0,0.0,0.0,0.0,1.2125273353329321e-05,8.710955207651462e-06,7.205203169085194e-06,5.705761357106951e-06,4.766911325435836e-06,4.038400510170207e-06,3.228766797110027e-06,3.177436889548714e-06,2.7144402711307043e-06,2.474621645491353e-06,2.1927220248902533e-06,2.0081687634650164e-06,1.7394218597255824e-06,1.6269379138024435e-06,1.4946413716417188e-06,1.3661867174004386e-06,1.2415154461133603e-06,1.0530267526957539e-06,9.014892038358666e-07,8.057841426125726e-07,6.647733466569878e-07,5.754009787812855e-07,4.5463903155422e-07,3.7063790432391446e-07,3.0076649745484654e-07,2.3169408881806533e-07,1.8392183149166805e-07,1.517641299789003e-07,1.2673331065693325e-07,9.833023447607821e-08,7.20682460588843e-08,5.7089823024508286e-08,4.449994475615763e-08,3.4474107512046696e-08
0.0,42,42.0,0.0,30.0,0.0,0.0,0.0,0.0,2.0,2.0,-12.0,0.0,0.0,0.0,1.1872278643518451e-05,8.744927698296432e-06,7.115671199623564e-06,5.901490886749663e-06,4.953918189477907e-06,4.512738573290341e-06,3.725306471294824e-06,3.2157898282407904e-06,2.767442545725157e-06,2.526773819692186e-06,2.2765964146071844e-06,2.0600107283365966e-06,1.8237429911063585e-06,1.6194491003620273e-06,1.5789576317314504e-06,1.4834072685053942e-06,1.3042309576781074e-06,1.1241260881026525e-06,9.54694234444632e-07,8.182411519633157e-07,6.689510903594494e-07,5.617529964653518e-07,4.620797558786768e-07,3.6832920934811636e-07,3.0042232922750237e-07,2.436881800873814e-07,2.064216527858155e-07,1.5282353811104934e-07,1.1386848710780955e-07,9.127377602090886e-08,8.332364387375308e-08,5.587267762008184e-08,4.311612969406008e-08,3.109142703258879e-08
0.0,43,43.0,0.0,30.0,0.0,0.0,0.0,0.0,2.0,2.0,-12.0,0.0,0.0,0.0,1.2706711565859644e-05,9.124159806700524e-06,7.411022417098523e-06,5.871659209078695e-06,4.825792498182471e-06,4.1726051786481145e-06,3.724501598471683e-06,3.217770570720497e-06,2.8393449298064748e-06,2.3593629358886055e-06,2.133377338323907e-06,1.97524151211126e-06,1.85682332424398e-06,1.6740242877169764e-06,1.485319830417678e-06,1.3603463267685556e-06,1.3202298403183759e-06,1.1428442615828629e-06,9.905596777991945e-07,8.348544665870822e-07,7.23523512471503e-07,5.835975383197726e-07,4.632686777302567e-07,3.741154945301737e-07,3.0329746696521653e-07,2.3303421797356708e-07,1.9893823738972456e-07,1.5499463205820494e-07,1.2239060619249393e-07,9.726904855483858e-08,7.179705181960716e-08,5.499622257023616e-08,4.2857928923443355e-08,3.383483321100824e-08
0.0,44,44.0,0.0,30.0,0.0,0.0,0.0,0.0,2.0,2.0,-12.0,0.0,0.0,0.0,1.285947950691729e-05,9.505463047192645e-06,7.5850052295356675e-06,5.886912548549125e-06,5.178469226688103e-06,4.321980886556358e-06,3.8591118830925765e-06,3.1699805797491614e-06,2.8813409833922508e-06,2.5597353033757024e-06,2.248228485879561e-06,2.067706343665605e-06,1.8981940658712001e-06,1.698962018684361e-06,1.5885625479861423e-06,1.417864488845728e-06,1.2974890426881013e-06,1.2039715797419627e-06,9.964752666076716e-07,7.896413176834125e-07,7.235643864636935e-07,5.704924664342575e-07,4.602269864941336e-07,4.0058431300321283e-07,3.0440886321597484e-07,2.3610562723992736e-07,1.8932614568879508e-07,1.596602772968691e-07,1.1845001589181381e-07,9.927563189358365e-08,7.701359075008378e-08,5.950248101326314e-08,4.37953616391729e-08,3.29087778532716e-08
0.0,45,45.0,0.0,30.0,0.0,0.0,0.0,0.0,2.0,2.0,-12.0,0.0,0.0,0.0,1.2084242447153863e-05,9.624891023536349e-06,7.460233150613282e-06,5.93573079060072e-06,5.110735706293352e-06,4.175953703359468e-06,3.6232202507936752e-06,3.1968021128749872e-06,2.8824696278858884e-06,2.547931045136807e-06,2.2196966498945465e-06,2.073239328140537e-06,1.7931995925435337e-06,1.6534067300700526e-06,1.5687021825360497e-06,1.4452820799393806e-06,1.317580184405974e-06,1.0827297259530111e-06,1.102475059522977e-06,8.701488606667321e-07,7.293232499302193e-07,5.786460718113829e-07,4.941441004055438e-07,3.772124208225718e-07,3.201975646131585e-07,2.403242335911929e-07,2.0084589329425645e-07,1.4730010766693645e-07,1.2412815463609195e-07,9.873434644474341e-08,7.54940486897486e-08,5.95588584759454e-08,4.3480900281100985e-08,3.34594783123053e-08
0.0,46,46.0,0.0,30.0,0.0,0.0,0.0,0.0,2.0,2.0,-12.0,0.0,0.0,0.0,1.3518448493526278e-05,9.657243287782257e-06,7.694420873099072e-06,5.931781953559346e-06,5.135574698581516e-06,4.221875025605989e-06,3.853032732649342e-06,3.5204091709574846e-06,3.02458272173736e-06,2.483740586214722e-06,2.307057642070923e-06,2.1027275753012256e-06,1.8102127037600938e-06,1.8006968107024714e-06,1.5424574400131161e-06,1.413188154345244e-06,1.2880957320210924e-06,1.1682580242095404e-06,1.0285275457178014e-06,8.371526689986613e-07,6.807239552927019e-07,5.804993957173627e-07,4.5183001463876373e-07,3.8439446099067565e-07,3.086731936178445e-07,2.528615457323241e-07,1.8967279430437065e-07,1.5816007477551815e-07,1.2102724500127429e-07,9.760982687232506e-08,7.725488825913676e-08,5.8920772855208306e-08,4.43643333043208e-08,3.426499853616728e-08
0.0,47,47.0,0.0,30.0,0.0,0.0,0.0,0.0,2.0,2.0,-12.0,0.0,0.0,0.0,1.2548127689557305e-05,9.578298097739022e-06,7.532785486854055e-06,6.161247930236203e-06,5.39430835365649e-06,4.504266018058803e-06,3.75219830720553e-06,3.3158102848906023e-06,3.060782559658251e-06,2.5995603168651142e-06,2.2930433993104387e-06,2.205713534060153e-06,2.036428046109033e-06,1.776419455819152e-06,1.5879076165190493e-06,1.5344396818655583e-06,1.3369310006624552e-06,1.1803865111075703e-06,1.0245069737827712e-06,8.450944125677884e-07,7.037556391692985e-07,5.846067242750357e-07,4.911540907268214e-07,3.874522510312127e-07,3.1588125390746233e-07,2.4284355519509694e-07,2.047277927588667e-07,1.575612400719621e-07,1.2357922283262418e-07,9.320851961801287e-08,7.65096192386222e-08,5.457129295120269e-08,4.5307739540266106e-08,3.366487908324307e-08
0.0,48,48.0,0.0,30.0,0.0,0.0,0.0,0.0,2.0,2.0,-12.0,0.0,0.0,0.0,1.3663513380587959e-05,9.913422264913121e-06,8.06246589734397e-06,6.473327001291721e-06,5.301875699232878e-06,4.350902267554224e-06,3.839614542144346e-06,3.503337299682183e-06,3.047690772048644e-06,2.6139662685562198e-06,2.491150496834059e-06,2.100538951831123e-06,1.9513323026281087e-06,1.7436509086006867e-06,1.6373369349414794e-06,1.4738980506632386e-06,1.3550620716461243e-06,1.17682017509343e-06,1.0447046616291996e-06,8.910707793078395e-07,7.416870818209384e-07,6.023996266161006e-07,4.917685872182147e-07,3.8967228917879935e-07,3.30157448333612e-07,2.4622986031846784e-07,1.9489321205132342e-07,1.5920447493394755e-07,1.218242047552942e-07,9.525397661893223e-08,7.761816363098721e-08,5.885380298550061e-08,4.7040523413843676e-08,3.4013342257986415e-08
0.0,49,49.0,0.0,30.0,0.0,0.0,0.0,0.0,2.0,2.0,-12.0,0.0,0.0,0.0,1.3863335683311137e-05,9.94968447857338e-06,8.05818934552437e-06,6.084359943368371e-06,5.5568336277200475e-06,4.499969469780032e-06,4.022491962974395e-06,3.5470634830466902e-06,3.0755513971171116e-06,2.7282947341843008e-06,2.3122213154890218e-06,2.2339668772376043e-06,2.0743279155772283e-06,1.7746022308353377e-06,1.632647161959819e-06,1.517059563569917e-06,1.4453099557990021e-06,1.2195611000835374e-06,1.0890762260686338e-06,8.747865899715151e-07,7.327412342535654e-07,5.758720547038176e-07,4.5918717761781535e-07,4.038506868705394e-07,3.1742590958922003e-07,2.4815516599670187e-07,1.966028095012108e-07,1.5835298747200376e-07,1.2105687954197658e-07,9.091395342229639e-08,7.49519527152718e-08,6.017591689980417e-08,4.200099022806725e-08,3.553502933257046e-08
0.0,50,50.0,0.0,30.0,0.0,0.0,0.0,0.0,2.0,2.0,-12.0,0.0,0.0,0.0,1.4463434909504984e-05,1.0527069346009076e-05,7.802757376552796e-06,6.755055174007835e-06,5.405268040614408e-06,4.732766255611929e-06,3.886031784902405e-06,3.58018080720614e-06,3.0981137624682942e-06,2.7049472832103655e-06,2.4295403503665754e-06,2.149454588831314e-06,1.9954388009712543e-06,1.949726988379892e-06,1.5466404447705007e-06,1.584802709046056e-06,1.3414770063443085e-06,1.225438041621486e-06,1.0189314806844845e-06,8.769801667387337e-07,6.941116261022442e-07,5.989595735374912e-07,5.195791880351822e-07,4.0088067738984135e-07,3.212571675979116e-07,2.567236371112689e-07,2.0320004269197342e-07,1.5970016533824932e-07,1.2460598905058548e-07,9.789999592605758e-08,7.789225306100192e-08,6.00761788751081e-08,4.4716156078265055e-08,3.582530767619168e-08
0.0,51,51.0,0.0,30.0,0.0,0.0,0.0,0.0,2.0,2.0,-12.0,0.0,0.0,0.0,1.3552780412861374e-05,1.0349030509287724e-05,8.04017667239771e-06,6.771910201101155e-06,5.7297106047263726e-06,4.505276746375569e-06,4.226223129178e-06,3.5142716296754773e-06,3.1270685372797426e-06,2.752472817864974e-06,2.42607610285816e-06,2.254857263313213e-06,2.0016734926092067e-06,1.8843775895251268e-06,1.6445734048305312e-06,1.4831323331317288e-06,1.4297527968464622e-06,1.2156178002104689e-06,1.0842106546569516e-06,9.008796725551847e-07,7.005551211997693e-07,6.054395338886345e-07,4.923166471389499e-07,4.1627648487017545e-07,3.3436792435113447e-07,2.532030440238025e-07,1.9771503227021942e-07,1.6039579678085104e-07,1.1748785857070906e-07,9.569940315174228e-08,7.889035628074241e-08,5.8412450798044544e-08,4.784794553946508e-08,3.100998600298974e-08
0.0,52,52.0,0.0,30.0,0.0,0.0,0.0,0.0,2.0,2.0,-12.0,0.0,0.0,0.0,1.4362892682612216e-05,9.725777675890406e-06,8.226967043708903e-06,6.865848287643992e-06,6.025315857044264e-06,4.651349397727818e-06,3.9966797341836196e-06,3.70870287854501e-06,3.2513355374412196e-06,2.8915365964722365e-06,2.4852153341438146e-06,2.234931515573984e-06,1.9958503179651846e-06,1.8737010427204838e-06,1.7082724136965294e-06,1.555336095719116e-06,1.4330105674141263e-06,1.176065422809778e-06,1.0707364355328158e-06,8.521505776044197e-07,7.629098986609017e-07,5.858063690922256e-07,4.954520409996356e-07,4.103144606482429e-07,3.344292080592603e-07,2.5318355141708295e-07,2.0609556541911037e-07,1.664372241003328e-07,1.3011912239034367e-07,9.837139205787261e-08,7.658715935978147e-08,5.867403382244913e-08,4.8964571080565215e-08,3.305601656035659e-08
0.0,53,53.0,0.0,30.0,0.0,0.0,0.0,0.0,2.0,2.0,-12.0,0.0,0.0,0.0,1.4271207162677056e-05,1.116358687890225e-05,8.607827744162446e-06,7.1803510425309465e-06,5.422891361332427e-06,4.801813891627905e-06,4.209850195750994e-06,3.636302343778582e-06,3.2236521225088312e-06,2.5551583313397007e-06,2.5126741796351817e-06,2.2920687966272223e-06,2.095567160183007e-06,1.829565743782733e-06,1.6401731485781715e-06,1.6064566540790348e-06,1.4709121935329392e-06,1.231229090402855e-06,1.141659736115239e-06,9.088276560445372e-07,7.471473486357365e-07,5.958921107430325e-07,5.079321904793502e-07,3.79698342808311e-07,3.213398917326666e-07,2.644280248488544e-07,2.0864166180010715e-07,1.652540197660847e-07,1.320818531529777e-07,9.716257922192553e-08,7.754210852542813e-08,5.808982922785671e-08,4.769004135129006e-08,3.394217827684851e-08
0.0,54,54.0,0.0,30.0,0.0,0.0,0.0,0.0,2.0,2.0,-12.0,0.0,0.0,0.0,1.4749788041183826e-05,1.0865477676047671e-05,8.513093860153294e-06,6.730066130393754e-06,5.416390702430083e-06,4.853602428872829e-06,4.499130140261396e-06,3.80298850947898e-06,3.159928557464092e-06,3.008958146780703e-06,2.7155402124587686e-06,2.3024480292802424e-06,2.0441347096016548e-06,1.8105815441465645e-06,1.6937660326296328e-06,1.645940250815155e-06,1.3791084770850347e-06,1.3384455312384934e-06,1.0919785001401687e-06,9.034435701071807e-07,7.460975893369649e-07,6.364434026587683e-07,5.139284868111225e-07,3.971173501358427e-07,3.237733070859299e-07,2.656833622320273e-07,2.1417832828108457e-07,1.7550615428505167e-07,1.2978882865774182e-07,1.0059349052789306e-07,7.813090035047274e-08,5.84701321837966e-08,4.185075005053703e-08,3.418198733672295e-08
0.0,55,55.0,0.0,30.0,0.0,0.0,0.0,0.0,2.0,2.0,-12.0,0.0,0.0,0.0,1.568650185529709e-05,1.1384176213046621e-05,8.403886736302252e-06,7.155151347326165e-06,6.290510705926466e-06,5.038931736388873e-06,4.219914744397344e-06,3.8046688348766588e-06,3.3645328952209275e-06,3.0854483025445526e-06,2.64567196248267e-06,2.314603072750162e-06,2.1126258972353423e-06,1.8126462856056865e-06,1.738797412320819e-06,1.6016457829941174e-06,1.4331197044417052e-06,1.3415748742226664e-06,1.1109070000025295e-06,9.35177844557346e-07,7.808782902966712e-07,6.33297986357587e-07,5.270583167952273e-07,4.241169047198994e-07,3.202962157845752e-07,2.7392518939959873e-07,2.0284261751093623e-07,1.7189677167566641e-07,1.319362167582288e-07,9.939641187046989e-08,7.150647196612318e-08,5.8705809535062095e-08,4.237779355713037e-08,3.472098782604168e-08
0.0,56,56.0,0.0,30.0,0.0,0.0,0.0,0.0,2.0,2.0,-12.0,0.0,0.0,0.0,1.5939315118976192e-05,1.1080448667846093e-05,8.723050534392769e-06,7.254506457048909e-06,6.106529586197103e-06,4.973569920045968e-06,4.2212515961511444e-06,3.7952247582876883e-06,3.4741844719564592e-06,2.8812680948674845e-06,2.6300574439795334e-06,2.3515871608654437e-06,2.0871161453133026e-06,1.9537665419609694e-06,1.8170700818170896e-06,1.620432547903347e-06,1.501347856077574e-06,1.375846175704574e-06,1.1811298460633185e-06,9.052464876947687e-07,7.837369324015364e-07,6.541746978699945e-07,5.255540454267714e-07,4.329061268006311e-07,3.395426648730061e-07,2.767409694319316e-07,2.167467333754372e-07,1.6150756131938297e-07,1.317913883515142e-07,9.821837246319308e-08,8.047474048165502e-08,6.244731631838295e-08,4.414164010367735e-08,3.472532165230026e-08
0.0,57,57.0,0.0,30.0,0.0,0.0,0.0,0.0,2.0,2.0,-12.0,0.0,0.0,0.0,1.652221289516329e-05,1.149504676725063e-05,8.593777716774866e-06,7.087531605235308e-06,6.075803175597532e-06,5.0369851802624864e-06,4.254877795898888e-06,3.6716081800972044e-06,3.557373729524598e-06,2.984206043772718e-06,2.650583169988941e-06,2.43662290403069e-06,2.330428432604154e-06,1.9086667828377935e-06,1.8714937879239592e-06,1.614896524108792e-06,1.5116160840133547e-06,1.3739299622270096e-06,1.156768429719238e-06,9.865056158947642e-07,8.065120119998089e-07,6.480282740626729e-07,5.403961824168165e-07,4.4233795253688486e-07,3.401161139575041e-07,2.8290475267821733e-07,2.1587200359660864e-07,1.6639053452003853e-07,1.340368262723012e-07,1.003996587722951e-07,7.941708980722451e-08,5.614678000111949e-08,4.284478839889589e-08,3.2784876537672585e-08
0.0,58,58.0,0.0,30.0,0.0,0.0,0.0,0.0,2.0,2.0,-12.0,0.0,0.0,0.0,1.4950454200680417e-05,1.129420000244681e-05,9.424736506240767e-06,7.470460743745975e-06,6.021764512648489e-06,4.894074079025628e-06,4.426033526382279e-06,3.955060309797873e-06,3.4451559463208113e-06,2.945744988109959e-06,2.6809835808393016e-06,2.5180609928737984e-06,2.2141189253639587e-06,2.0438597735845083e-06,1.8020140606637723e-06,1.653683627969239e-06,1.5519748821462405e-06,1.2970208517693407e-06,1.19658629096555e-06,9.922570608133336e-07,7.900942179411062e-07,6.759891290877294e-07,5.274807892675596e-07,4.209677092092443e-07,3.509386172693118e-07,2.8473921998249535e-07,2.0859111241010662e-07,1.7030392351022017e-07,1.2741667085724928e-07,9.605417219305256e-08,7.610216922103766e-08,5.8043438486483453e-08,4.7098351389420564e-08,3.5072425304045995e-08
0.0,59,59.0,0.0,30.0,0.0,0.0,0.0,0.0,2.0,2.0,-12.0,0.0,0.0,0.0,1.6855173357035948e-05,1.201140100049699e-05,9.201965507627977e-06,7.918008289736891e-06,6.013849732097054e-06,5.618696337973944e-06,4.5440706037291e-06,4.0315509973540755e-06,3.3985903802411293e-06,3.068812324127011e-06,2.7548821446103293e-06,2.38918996068191e-06,2.282252438283254e-06,1.998110092954685e-06,1.8640256497585612e-06,1.7236975345682004e-06,1.5683794823095992e-06,1.3031509513320682e-06,1.1398583906821048e-06,9.512491025450712e-07,7.733185063627252e-07,6.74092406069527e-07,5.181359965958791e-07,4.412235895980091e-07,3.339452785200887e-07,2.638562531389035e-07,2.0502504859012819e-07,1.708061788670085e-07,1.2624491754041506e-07,1.0228642159094357e-07,7.759909299143144e-08,5.7927718282540694e-08,4.5434210639974806e-08,3.569610187378276e-08
0.0,60,60.0,0.0,30.0,0.0,0.0,0.0,0.0,2.0,2.0,-12.0,0.0,0.0,0.0,1.6839430696778076e-05,1.234289075638203e-05,9.45854543897576e-06,7.605868075362177e-06,6.227694097398838e-06,5.488349683635501e-06,4.668933684162875e-06,3.878776740945231e-06,3.6324903902137217e-06,3.075679088057256e-06,2.7883213201551268e-06,2.481176701591236e-06,2.238703706804495e-06,2.0455905186919015e-06,1.7744250566418866e-06,1.7152175944072204e-06,1.5603026724404386e-06,1.3730578800980285e-06,1.220195369510264e-06,9.658547526055287e-07,7.620289851345668e-07,6.314525574586329e-07,5.504637098781958e-07,4.1948016278121716e-07,3.442598592653679e-07,2.790132683358612e-07,1.9684904469548003e-07,1.7471097533027773e-07,1.2930408258947313e-07,9.923104806623764e-08,7.868824500095339e-08,5.615401791207728e-08,4.628689363828083e-08,3.1729547366962524e-08
0.0,61,61.0,0.0,30.0,0.0,0.0,0.0,0.0,2.0,2.0,-12.0,0.0,0.0,0.0,1.6680711561609927e-05,1.2870721243663133e-05,9.698716751857437e-06,7.555084300622379e-06,6.237737989174141e-06,5.58115239983832e-06,4.603972162395775e-06,4.155809356107277e-06,3.4776174507760774e-06,3.2324643281291973e-06,2.9442952807230876e-06,2.4995673812728025e-06,2.343702125363973e-06,2.014333082184579e-06,1.8569219438084962e-06,1.7055059221761853e-06,1.6553549149157917e-06,1.3701839519136495e-06,1.1966401288176083e-06,1.0045156023394069e-06,8.501103335420228e-07,6.773159072206611e-07,5.755475208031397e-07,4.538108260213663e-07,3.344468623251803e-07,2.830457806149037e-07,2.1886905125851112e-07,1.8239368924690274e-07,1.3780608885824082e-07,1.0228835028273139e-07,8.219548194954606e-08,6.401848634285554e-08,4.754637631734834e-08,3.7483800560527516e-08
0.0,62,62.0,0.0,30.0,0.0,0.0,0.0,0.0,2.0,2.0,-12.0,0.0,0.0,0.0,1.8128114520396997e-05,1.2926504149159148e-05,1.0427308465319731e-05,7.972587166273188e-06,6.52542538053353e-06,5.4696610189235295e-06,4.944273810849795e-06,4.069496211338972e-06,3.696671978762806e-06,3.1324798971892656e-06,3.0349022046858484e-06,2.5643254413043335e-06,2.4636294274837517e-06,2.17168792642865e-06,1.932008770549775e-06,1.7194454907635782e-06,1.632568084027569e-06,1.3881787044023137e-06,1.2163832306378144e-06,9.97816668352678e-07,7.938821872823077e-07,6.773275757850301e-07,5.542204258262048e-07,4.327209555928768e-07,3.677292095794792e-07,2.8611693442755594e-07,2.1889020868243947e-07,1.7585671739659527e-07,1.3614187850278056e-07,1.0560574604834625e-07,7.869130212231452e-08,5.8707845794280846e-08,4.7700615435860336e-08,3.158211630435721e-08
0.0,63,63.0,0.0,30.0,0.0,0.0,0.0,0.0,2.0,2.0,-12.0,0.0,0.0,0.0,1.7541565977490562e-05,1.2379009145744449e-05,9.502671691336908e-06,7.767494639685133e-06,6.565168776468739e-06,5.924973598522493e-06,4.878335010317966e-06,4.170183455162085e-06,3.713054429036943e-06,3.200320533597466e-06,2.814701728316551e-06,2.5556881643424315e-06,2.1992429350229504e-06,2.1116845212461093e-06,1.8421436592340646e-06,1.7955321892653316e-06,1.574958229239886e-06,1.4258230665707954e-06,1.2218500943437928e-06,9.452984694179892e-07,8.602893618472386e-07,7.044143785928195e-07,5.651499262124923e-07,4.3850062714081527e-07,3.6263677912195166e-07,2.81904548825622e-07,2.4109122890759014e-07,1.735854501409737e-07,1.3653360079185315e-07,1.0594837997772811e-07,7.675505817573516e-08,6.280311656561346e-08,4.389634331257542e-08,3.4598783101040626e-08
0.0,64,64.0,0.0,30.0,0.0,0.0,0.0,0.0,2.0,2.0,-12.0,0.0,0.0,0.0,1.8711077973487395e-05,1.3372943784335046e-05,1.0098667976344241e-05,8.036681163443324e-06,6.622785648396656e-06,5.397725731326125e-06,4.9907394947938035e-06,4.28290115263103e-06,3.777418782666031e-06,3.266095231468312e-06,3.061066327621931e-06,2.599097284157342e-06,2.335540957341508e-06,2.19325134609567e-06,1.9775468386312195e-06,1.755786798017015e-06,1.6354452534844137e-06,1.4680733316106005e-06,1.2138558198987548e-06,1.0392993918531966e-06,7.954486784774152e-07,7.238554453728326e-07,5.671183631080667e-07,4.369983484312958e-07,3.6642426603864623e-07,2.869321512070547e-07,2.273301038457497e-07,1.7589807195756304e-07,1.3839392313281778e-07,1.0351861886265933e-07,7.863262039290015e-08,6.028264039241386e-08,4.979422958889088e-08,3.418165261480969e-08
0.0,65,65.0,0.0,30.0,0.0,0.0,0.0,0.0,2.0,2.0,-12.0,0.0,0.0,0.0,1.939745925348786e-05,1.3815611390432926e-05,1.0565202063846486e-05,8.06166881771466e-06,6.695745242006374e-06,5.56374840167543e-06,4.904209041275079e-06,4.0257949375415245e-06,3.8028963230388334e-06,3.463074689257092e-06,2.940733245475507e-06,2.586624345366925e-06,2.4155032377532962e-06,2.131719513315494e-06,2.0450949416801246e-06,1.8178710353075992e-06,1.59827569975545e-06,1.4857440338782613e-06,1.2596500213320749e-06,1.0468084040927527e-06,8.327808433854075e-07,6.929429103208254e-07,5.920586404726858e-07,4.723154073861892e-07,3.6439798439297305e-07,2.851299151785024e-07,2.3616571988821949e-07,1.8066298316269991e-07,1.4423657822887222e-07,1.0223558528457974e-07,8.7768203468284e-08,6.284679096723447e-08,4.680330644701448e-08,3.452142618906166e-08
0.0,66,66.0,0.0,30.0,0.0,0.0,0.0,0.0,2.0,2.0,-12.0,0.0,0.0,0.0,1.7842298368586514e-05,1.3422050759078323e-05,1.0029628517553522e-05,8.508395017628454e-06,6.637121008371442e-06,5.838811931763886e-06,5.0195479882851324e-06,4.349803382783733e-06,3.6179776020612767e-06,3.2888292966553965e-06,3.002772236429176e-06,2.56910375239313e-06,2.3288914031787817e-06,2.217672164139729e-06,1.9779442459817472e-06,1.7987634653234327e-06,1.605847251279224e-06,1.3830091923608968e-06,1.206237078412157e-06,1.036561522653201e-06,8.040734170384933e-07,7.149965093875126e-07,5.799281071704375e-07,4.5419142863229343e-07,3.8160684635288264e-07,2.946384322430782e-07,2.3139402267237207e-07,1.7628099198456353e-07,1.465782022324451e-07,1.0479118108874097e-07,8.278377246316294e-08,6.482604436400521e-08,4.7004234775264326e-08,3.390254148739278e-08
0.0,67,67.0,0.0,30.0,0.0,0.0,0.0,0.0,2.0,2.0,-12.0,0.0,0.0,0.0,1.9445018634551734e-05,1.338985398638077e-05,1.0480095326346134e-05,8.316843809362255e-06,7.1054796262685285e-06,5.949916835748036e-06,4.880207970686358e-06,4.434897143813989e-06,4.033816891640864e-06,3.449912968035653e-06,2.987307049083455e-06,2.6718434820008982e-06,2.474960701645019e-06,2.2000280152468286e-06,2.082407854038228e-06,1.8611397045350236e-06,1.7045203746264539e-06,1.4551828291768195e-06,1.2171642913949013e-06,1.0364031419339254e-06,8.283286859418716e-07,6.745727409770371e-07,5.829103961417591e-07,4.609316553929647e-07,3.847198632114627e-07,3.150920180204475e-07,2.340790938567155e-07,1.7735877397352378e-07,1.388514009520789e-07,1.0570486868741023e-07,8.43699697813793e-08,6.526115732366835e-08,5.074250266870998e-08,3.192959567531554e-08
0.0,68,68.0,0.0,30.0,0.0,0.0,0.0,0.0,2.0,2.0,-12.0,0.0,0.0,0.0,1.985089282149389e-05,1.4126377884988102e-05,1.0721969588656147e-05,8.457325069317153e-06,6.5570973596641515e-06,5.897329474403757e-06,5.125513938582075e-06,4.512572706276233e-06,3.882965157959784e-06,3.2758861671172223e-06,3.214843186084963e-06,2.685301482280911e-06,2.4999413416703947e-06,2.252646869634399e-06,2.0966998853929306e-06,1.9613958604013706e-06,1.7307338791186792e-06,1.4913945267225852e-06,1.2606864177254842e-06,1.035282435216114e-06,9.087677486728274e-07,7.112656398614091e-07,5.714024943890977e-07,4.6524304308840094e-07,3.7112009638475554e-07,2.9875832503061e-07,2.5061201715760663e-07,1.833293603052413e-07,1.4311514360021277e-07,1.070576724234846e-07,8.394960381547647e-08,6.527358308075585e-08,4.7133045820898275e-08,3.5472679365444116e-08
0.0,69,69.0,0.0,30.0,0.0,0.0,0.0,0.0,2.0,2.0,-12.0,0.0,0.0,0.0,1.930222242667731e-05,1.3762027359760456e-05,1.0691406503634192e-05,8.5343541161501e-06,7.012507152247995e-06,6.129437056366777e-06,5.462302444321654e-06,4.552995409577891e-06,3.737684297554086e-06,3.3497706046376724e-06,3.0592009797483936e-06,2.6431974107038616e-06,2.3939208177405906e-06,2.281452070143367e-06,1.98810731537122e-06,1.9047255512038738e-06,1.7899840016756529e-06,1.5229290328774253e-06,1.1810102322901885e-06,1.0380004035459148e-06,9.093167006958903e-07,7.387134490620276e-07,6.006946483312771e-07,4.974572685596831e-07,3.7284546616847334e-07,3.041724821027254e-07,2.3207695319317831e-07,1.8659630190601073e-07,1.4073860781346895e-07,1.1096978674443607e-07,8.859911401996864e-08,6.237060162399028e-08,4.3545663135336754e-08,3.60568554632376e-08
0.0,70,70.0,0.0,30.0,0.0,0.0,0.0,0.0,2.0,2.0,-12.0,0.0,0.0,0.0,1.9154454906128364e-05,1.5249029237772674e-05,1.1363125309806488e-05,8.805352551719465e-06,7.333498708914449e-06,6.1275411280682026e-06,5.388183580361191e-06,4.406291567150187e-06,3.893524646575081e-06,3.7052080912298106e-06,3.152010077270457e-06,3.000216578066687e-06,2.548129088486038e-06,2.3515834608465114e-06,2.0627411152058196e-06,1.910130226951239e-06,1.7053090163686708e-06,1.5705264892989892e-06,1.3840710130108067e-06,1.112602346251611e-06,8.73793357294002e-07,7.398550663372357e-07,6.056363197133496e-07,4.829926146376117e-07,3.744912516659635e-07,3.0200243605665356e-07,2.3724742367569566e-07,1.9328781693954673e-07,1.449129858979866e-07,1.092803756804863e-07,8.193119616148182e-08,6.325552634267972e-08,4.742192257000887e-08,3.5091428007158365e-08
0.0,71,71.0,0.0,30.0,0.0,0.0,0.0,0.0,2.0,2.0,-12.0,0.0,0.0,0.0,2.051885222884345e-05,1.528538269058345e-05,1.2071292897802442e-05,9.422656589503452e-06,7.444335137570504e-06,6.140966366805139e-06,5.2707579025210095e-06,4.7069823845460945e-06,4.091191892254956e-06,3.650192519433906e-06,3.1772780118408657e-06,2.832443821990447e-06,2.6444936206284256e-06,2.4060590840995725e-06,2.087489851881983e-06,1.9020152616773732e-06,1.9070388826641915e-06,1.5658521160602662e-06,1.3320644001770961e-06,1.0957558987199287e-06,8.76997949056178e-07,7.460738027837834e-07,6.152733565100939e-07,4.763440517956272e-07,3.901876017443227e-07,2.9275125503946144e-07,2.4019893257750424e-07,1.9010105810753993e-07,1.4843613483493367e-07,1.0811247486893123e-07,8.515896075692193e-08,6.456296607253382e-08,4.5367007793922033e-08,3.7929763645717796e-08
0.0,72,72.0,0.0,30.0,0.0,0.0,0.0,0.0,2.0,2.0,-12.0,0.0,0.0,0.0,2.089625392286554e-05,1.579758852640611e-05,1.151859693527068e-05,9.305613188799844e-06,7.446135063344608e-06,6.5610878320568e-06,5.441744233248898e-06,4.740449403412071e-06,4.2597438291622e-06,3.5742240296672856e-06,3.210664107206457e-06,2.9107273662572904e-06,2.577916150708581e-06,2.2727695215384435e-06,2.176412116877901e-06,1.8514276446547909e-06,1.766431465448774e-06,1.6102173467916566e-06,1.3633684731130838e-06,1.115423439859091e-06,9.365402751107973e-07,7.378381792350497e-07,6.04246115077617e-07,5.13023201981513e-07,3.8168698075005464e-07,2.960958346646631e-07,2.45076414211639e-07,1.898879022326073e-07,1.5160613173736358e-07,1.1144769123069715e-07,8.831323065445189e-08,6.897694670661652e-08,5.0303453283563184e-08,3.4948504988419526e-08
0.0,73,73.0,0.0,30.0,0.0,0.0,0.0,0.0,2.0,2.0,-12.0,0.0,0.0,0.0,2.1075250017508413e-05,1.5475987056427285e-05,1.1638089270036886e-05,8.980498998961735e-06,7.786963416671994e-06,6.194720590332527e-06,5.319834801764145e-06,4.733344899537418e-06,4.397951853510474e-06,3.5886795282525318e-06,3.36019847303416e-06,3.017719270607323e-06,2.71105990255855e-06,2.397243577124837e-06,2.155461553876692e-06,1.9467626690820823e-06,1.82692315060018e-06,1.5995428534860697e-06,1.342604087874651e-06,1.159908099291283e-06,8.844233364402687e-07,7.56269414624445e-07,6.254982011621566e-07,5.031705626133852e-07,3.713393025469407e-07,2.939322407301087e-07,2.4712272722619305e-07,1.8451714590353008e-07,1.4638321402113557e-07,1.1196464095310976e-07,8.635224190150948e-08,7.015553778264821e-08,4.9906058470807933e-08,3.749418299036735e-08
0.0,74,74.0,0.0,30.0,0.0,0.0,0.0,0.0,2.0,2.0,-12.0,0.0,0.0,0.0,2.1932651982917124e-05,1.6470579672193516e-05,1.191352877963383e-05,9.170070082114762e-06,8.095162070466034e-06,6.413620504559327e-06,5.5136963840312105e-06,4.8263287496943644e-06,4.172204676593655e-06,3.6384994377882264e-06,3.4641339061382137e-06,2.9123209451050928e-06,2.733090936297475e-06,2.396919130794682e-06,2.2024379053495506e-06,2.0338517736125026e-06,1.8315495127572176e-06,1.5664433825744385e-06,1.39633304825017e-06,1.1451032836580912e-06,9.841289875081785e-07,7.930955153525849e-07,6.377522391609635e-07,4.757182988830983e-07,3.993617010381443e-07,3.2880837507418735e-07,2.464562316443458e-07,1.9138802797363074e-07,1.6048490329291195e-07,1.1883625300759895e-07,8.953879713469962e-08,6.736690533329887e-08,4.892269433941392e-08,3.8223396543229544e-08
0.0,75,75.0,0.0,30.0,0.0,0.0,0.0,0.0,2.0,2.0,-12.0,0.0,0.0,0.0,2.254985483802295e-05,1.5940102162925353e-05,1.2529745133038965e-05,9.624097018935708e-06,8.332724376126808e-06,6.612309510362963e-06,5.611088368045956e-06,5.033686954329287e-06,4.316537830778414e-06,3.7621531111334407e-06,3.428329782226816e-06,2.8821281451538265e-06,2.6284764421815283e-06,2.5363156952276075e-06,2.2387375599443014e-06,1.987754131844144e-06,1.9093614374559566e-06,1.5973375001585752e-06,1.3654937757296304e-06,1.1592835694725282e-06,9.67208748433342e-07,7.733955977183588e-07,6.268856288485957e-07,5.232565746200703e-07,4.1155215930951516e-07,3.261731926183833e-07,2.530101036810462e-07,1.9683482652366254e-07,1.5276287265145917e-07,1.1233372069126966e-07,8.630683508236385e-08,6.626867214286357e-08,4.842918252378861e-08,3.679565256717918e-08
0.0,76,76.0,0.0,30.0,0.0,0.0,0.0,0.0,2.0,2.0,-12.0,0.0,0.0,0.0,2.095447630405064e-05,1.6173160025468428e-05,1.2354186519899842e-05,1.0273371988722262e-05,8.002043161600566e-06,6.88020442954464e-06,5.325546406606874e-06,5.04455649174256e-06,4.392490900733651e-06,3.859975015905084e-06,3.5039326173508432e-06,3.1683640106464065e-06,2.6582720950933326e-06,2.4784215242539113e-06,2.175270598340014e-06,1.9663997042564504e-06,1.956482554186589e-06,1.6301157285846706e-06,1.3575082411381236e-06,1.1697499240930712e-06,9.56077339231765e-07,7.611523527933052e-07,6.54713075763056e-07,5.119177153706628e-07,3.9780439856411044e-07,3.303487019517116e-07,2.5266631871616523e-07,1.9780047192118568e-07,1.4759009395564283e-07,1.1268809391945756e-07,8.815880443690047e-08,6.54003211617678e-08,4.9783318855349936e-08,3.26868613884246e-08
0.0,77,77.0,0.0,30.0,0.0,0.0,0.0,0.0,2.0,2.0,-12.0,0.0,0.0,0.0,2.314982251616926e-05,1.6844052190854354e-05,1.2698573382053188e-05,1.040455060226074e-05,8.152692480171698e-06,7.071989894401624e-06,5.746760506674869e-06,4.951101354187822e-06,4.525644216602401e-06,3.7472932829848936e-06,3.3819953633994516e-06,3.106560301740801e-06,2.8458797211220364e-06,2.5001524257862794e-06,2.2476927124137514e-06,2.0511900387744113e-06,1.903209294184133e-06,1.6620728457236357e-06,1.3525383513818027e-06,1.1778635382473765e-06,9.692005511424857e-07,8.125839306638697e-07,6.392719854137764e-07,5.168120082004345e-07,4.0580422962210635e-07,3.2145974263515526e-07,2.5542044360811895e-07,1.8788805475414287e-07,1.5197727795416367e-07,1.1419345937670158e-07,8.636235405194004e-08,6.80783351648843e-08,5.429087986201254e-08,3.626251237062974e-08
0.0,78,78.0,0.0,30.0,0.0,0.0,0.0,0.0,2.0,2.0,-12.0,0.0,0.0,0.0,2.355396023775189e-05,1.7077193959547702e-05,1.3096980493543986e-05,1.0527781398566326e-05,8.150991186336483e-06,6.8061464255044506e-06,6.057590737400162e-06,5.274947011897627e-06,4.484401475084624e-06,3.975655721371797e-06,3.5635287285321576e-06,3.1893969038357295e-06,2.859769057513688e-06,2.5347422594546815e-06,2.4113401059797183e-06,2.0734697630495805e-06,1.87935444820007e-06,1.7227429560951104e-06,1.4502948965781873e-06,1.191231552926813e-06,9.559909663497053e-07,7.749107776086761e-07,6.379674601608407e-07,5.149645337592929e-07,4.19943991186284e-07,3.173544563982261e-07,2.6164685239833845e-07,1.99806128014222e-07,1.5484313225154177e-07,1.1661319715517331e-07,9.34951446973236e-08,7.069325214725402e-08,4.97494833036568e-08,3.639019767327002e-08
0.0,79,79.0,0.0,30.0,0.0,0.0,0.0,0.0,2.0,2.0,-12.0,0.0,0.0,0.0,2.41924130602949e-05,1.8003666947539765e-05,1.2769805690903616e-05,1.0423690200524797e-05,8.243720293328194e-06,7.3475076861061e-06,6.150659944768725e-06,5.163535322104622e-06,4.4150590409166505e-06,4.0476726065070426e-06,3.367380266998247e-06,3.1584658944508084e-06,2.818039370726944e-06,2.5906921167164495e-06,2.2615118046401798e-06,2.2017567774606843e-06,1.9031177638579258e-06,1.69651980467773e-06,1.5193835808270484e-06,1.1603384305354375e-06,9.94006893681169e-07,7.787942052432443e-07,6.321141231131835e-07,5.299882858927021e-07,4.296277922229709e-07,3.1542050898947476e-07,2.498646132194855e-07,2.0291046119496445e-07,1.4985369821167886e-07,1.2159101698563395e-07,9.262529648385509e-08,6.769230492179763e-08,5.154224271468277e-08,3.9070928002458126e-08
0.0,80,80.0,0.0,30.0,0.0,0.0,0.0,0.0,2.0,2.0,-12.0,0.0,0.0,0.0,2.5400391947242824e-05,1.7397393704995095e-05,1.3385975036657479e-05,1.037175619978155e-05,8.510795011506204e-06,7.520322974808724e-06,6.122794725444347e-06,5.435829927709733e-06,4.728999876914912e-06,4.072482589677276e-06,3.436810655752747e-06,3.341030321390395e-06,2.9372844072234347e-06,2.580911611687942e-06,2.352013757576932e-06,2.1239148107909766e-06,1.8932247517192324e-06,1.6732193355225927e-06,1.3999766961701246e-06,1.1152376169684134e-06,1.0239414344744249e-06,8.427442469939505e-07,6.54679459684593e-07,5.011394083464658e-07,4.165547123078198e-07,3.191447335728706e-07,2.68741156382512e-07,2.101938606991281e-07,1.5868237442338418e-07,1.194078686821261e-07,8.902047934497663e-08,7.701017281092452e-08,4.63609870898344e-08,3.857199486685602e-08
0.0,81,81.0,0.0,30.0,0.0,0.0,0.0,0.0,2.0,2.0,-12.0,0.0,0.0,0.0,2.5248422214917226e-05,1.7566544028309592e-05,1.4312971834918283e-05,1.1021073133586464e-05,9.147374549751932e-06,7.7672777870063e-06,6.077559325135366e-06,5.430259787487861e-06,4.81741315774611e-06,4.234623416929401e-06,3.875050872607887e-06,3.3644854683042516e-06,2.9885211124247356e-06,2.688043764449313e-06,2.3985761026676395e-06,2.119278597994849e-06,2.058454492061649e-06,1.6555200199120812e-06,1.4923652288451345e-06,1.2027603795427352e-06,9.54996958172569e-07,8.53242507905469e-07,7.093013366903957e-07,5.226347590354974e-07,4.0903384331047317e-07,3.2789586851337186e-07,2.597684391672349e-07,2.0753604880533865e-07,1.540662061167853e-07,1.2420540896244501e-07,9.083918504797675e-08,6.868979690833607e-08,5.04709720882829e-08,3.6317925140790336e-08
0.0,82,82.0,0.0,30.0,0.0,0.0,0.0,0.0,2.0,2.0,-12.0,0.0,0.0,0.0,2.6051818207108025e-05,1.8200259423937002e-05,1.4074220137366789e-05,1.1613017435679579e-05,8.854514370079079e-06,7.356443007100126e-06,6.366874557120544e-06,5.593821416193408e-06,4.746861505326069e-06,4.317908803716428e-06,3.743422149798825e-06,3.2858491364385775e-06,2.885436904946538e-06,2.7654497728859964e-06,2.47959482002145e-06,2.1761788959341382e-06,2.0264348328318307e-06,1.8090250064080207e-06,1.5448303551794712e-06,1.2845640177470074e-06,9.645877877427173e-07,8.508579018532145e-07,6.955429750761487e-07,5.564796651680913e-07,4.258053290898017e-07,3.407825773226877e-07,2.6775570487429363e-07,2.0618838944035562e-07,1.6579433087080444e-07,1.2265555898185687e-07,8.903280966594103e-08,6.953327374521187e-08,5.394724924057013e-08,3.851374122991355e-08
0.0,83,83.0,0.0,30.0,0.0,0.0,0.0,0.0,2.0,2.0,-12.0,0.0,0.0,0.0,2.5776115148440582e-05,1.8537595961298007e-05,1.430074217969772e-05,1.0661743195216697e-05,9.076293392767662e-06,7.93129586142732e-06,6.513766774973916e-06,5.542118738903796e-06,5.097339178417297e-06,4.567353009321752e-06,3.7901327949866313e-06,3.6147537745388044e-06,3.0902778618582146e-06,2.757045596329741e-06,2.5572981861657763e-06,2.140077292764584e-06,2.096327169294763e-06,1.739436964881436e-06,1.51257559128334e-06,1.2031154530046902e-06,1.0567222008615111e-06,8.567247545939823e-07,6.969475192758412e-07,5.49448005146795e-07,4.593479177738074e-07,3.3356364148493087e-07,2.7483596048319455e-07,2.234328416278177e-07,1.5811660608040628e-07,1.2916765170334796e-07,9.142574115582246e-08,7.248737093456929e-08,5.26870237412265e-08,3.811337358555085e-08
0.0,84,84.0,0.0,30.0,0.0,0.0,0.0,0.0,2.0,2.0,-12.0,0.0,0.0,0.0,2.8342428607548237e-05,1.8979044459757652e-05,1.4524686451403966e-05,1.115751822376224e-05,9.361453155750302e-06,7.663320906926374e-06,6.633019614677841e-06,5.383685537014208e-06,4.695797825795527e-06,4.378426495936101e-06,3.6892033085022595e-06,3.330403812192377e-06,3.1027140745434563e-06,2.8342614087441924e-06,2.471255885989265e-06,2.3129230026770602e-06,2.0596078353660553e-06,1.723697506006143e-06,1.4973515005943966e-06,1.280174946703485e-06,1.0188330954401052e-06,8.445556370242253e-07,6.980472494213987e-07,5.534364617298178e-07,4.535175381405983e-07,3.2408014435155443e-07,2.692012873632899e-07,2.1498363593086926e-07,1.562312570322647e-07,1.1960699173351927e-07,9.992786138126915e-08,7.299265562416967e-08,5.548722648285951e-08,3.9326182533552257e-08
0.0,85,85.0,0.0,30.0,0.0,0.0,0.0,0.0,2.0,2.0,-12.0,0.0,0.0,0.0,2.8620341677322995e-05,1.9131492569772903e-05,1.4646164413853385e-05,1.1638017577587773e-05,9.354889649621091e-06,7.465176205317183e-06,6.616877130675e-06,5.585254877763925e-06,4.916673177955727e-06,4.574910836100883e-06,3.7787977352460263e-06,3.3976082321915075e-06,2.9037268850891403e-06,2.808972413747631e-06,2.438860423902992e-06,2.2561100140744237e-06,2.0206087867677817e-06,1.8101671541408354e-06,1.523702112733035e-06,1.2927170757797317e-06,1.0251583539023757e-06,8.70675727755897e-07,6.872998328881739e-07,5.300133666548492e-07,4.428834192968686e-07,3.438556500579746e-07,2.552437787713567e-07,2.1424650962428993e-07,1.6293092124953985e-07,1.2144845660710748e-07,9.646037860616984e-08,7.358973871565983e-08,5.4905061565124134e-08,3.86532834123706e-08
0.0,86,86.0,0.0,30.0,0.0,0.0,0.0,0.0,2.0,2.0,-12.0,0.0,0.0,0.0,2.7958428541517396e-05,2.0118683031470792e-05,1.5011986270504801e-05,1.1426029749448212e-05,9.349537880080431e-06,7.5666177686426005e-06,6.8175743940343885e-06,5.6808058566636376e-06,5.24194573095803e-06,4.541118898208823e-06,3.870748137916652e-06,3.1695997862079135e-06,3.159277940747865e-06,2.8330102353171573e-06,2.5054207033436743e-06,2.2492090097692223e-06,2.0873929043062268e-06,1.924007742993372e-06,1.6255494005050849e-06,1.2995231463750409e-06,1.0261029039582298e-06,9.052686437586027e-07,6.83818898171489e-07,5.620105742500839e-07,4.300092482841952e-07,3.5670886810160334e-07,2.699058038643867e-07,2.226534752334632e-07,1.6472730139303572e-07,1.2933158800562371e-07,9.847507193230359e-08,7.54228507159614e-08,5.5413356515975224e-08,3.996313231389295e-08
0.0,87,87.0,0.0,30.0,0.0,0.0,0.0,0.0,2.0,2.0,-12.0,0.0,0.0,0.0,2.9129894946154952e-05,1.967546239039318e-05,1.5499357085171946e-05,1.1308952160309544e-05,9.403353533444091e-06,7.954141175904016e-06,6.610972606938642e-06,5.954147213634101e-06,5.179018940952726e-06,4.155595773252464e-06,3.99537319644718e-06,3.6319890931987637e-06,3.052486344799298e-06,2.9323558926973946e-06,2.7433366494761396e-06,2.3166426785677878e-06,2.1536726076552444e-06,1.8717269410593207e-06,1.5915604915890213e-06,1.3259219344321882e-06,1.1205210246777546e-06,8.697375381124232e-07,7.0248484498657e-07,5.303275603345443e-07,4.577963645274059e-07,3.658447043571459e-07,2.86532321091394e-07,2.1931839266060965e-07,1.5692220276550317e-07,1.1737755182590533e-07,9.911574501104273e-08,7.399210215053658e-08,5.720919980729572e-08,3.936189988118846e-08
0.0,88,88.0,0.0,30.0,0.0,0.0,0.0,0.0,2.0,2.0,-12.0,0.0,0.0,0.0,2.9535800907205368e-05,2.1027608267294627e-05,1.4893543119760452e-05,1.232211654368301e-05,9.171864747326997e-06,7.900219021494984e-06,6.973436232945385e-06,6.003143200580303e-06,5.148511557371828e-06,4.455988112169413e-06,4.010510112372956e-06,3.6350660282834995e-06,3.1622836325844728e-06,2.6877335332840933e-06,2.5569265617214744e-06,2.4295763929997033e-06,2.1080195232636104e-06,1.9056048427144926e-06,1.626300535411082e-06,1.2943717756182087e-06,1.0742890109307975e-06,9.327751556925909e-07,6.781374591098885e-07,5.717007026354386e-07,4.5576884516118916e-07,3.645761185497649e-07,2.6874608978395045e-07,2.1110523992361987e-07,1.600402550260608e-07,1.2609166270358867e-07,9.724448464444506e-08,7.603375916551646e-08,5.496072061103312e-08,3.729807464862502e-08
0.0,89,89.0,0.0,30.0,0.0,0.0,0.0,0.0,2.0,2.0,-12.0,0.0,0.0,0.0,3.083398615581438e-05,2.073171602597527e-05,1.6271106374632258e-05,1.222553357850406e-05,9.719060142202978e-06,8.036112016460898e-06,7.5766360427807176e-06,5.985118767307173e-06,5.310474755309362e-06,4.614718238908324e-06,4.239819248656298e-06,3.6155645315386002e-06,3.1857224788489844e-06,2.9057758170470036e-06,2.578764273025527e-06,2.328947342570433e-06,2.1892018999041255e-06,1.922073465832656e-06,1.6060945204379338e-06,1.2992349106360012e-06,1.074408802416205e-06,9.116000863573538e-07,7.388492493907126e-07,5.92908720871292e-07,4.484775644422505e-07,3.4704824554580465e-07,2.766589032328437e-07,2.1620761630083909e-07,1.6680343370260022e-07,1.2695700846147244e-07,9.426990371979505e-08,7.286627269911542e-08,5.3369161918958235e-08,4.233137727565518e-08
0.0,90,90.0,0.0,30.0,0.0,0.0,0.0,0.0,2.0,2.0,-12.0,0.0,0.0,0.0,3.2020979897725416e-05,2.015679718020394e-05,1.59629939357227e-05,1.2556224727398018e-05,9.860370741376439e-06,8.67385223079534e-06,6.802022345648312e-06,6.219066127696606e-06,5.345923317400842e-06,4.482362626985995e-06,4.209131435604485e-06,3.6170115960094965e-06,3.117886101283118e-06,2.8857176244499716e-06,2.605336597685587e-06,2.5511526976072926e-06,2.266570660106369e-06,1.879032188622026e-06,1.6747699312668092e-06,1.3818245309632405e-06,1.0886220056077452e-06,9.45758606627091e-07,7.17797676874713e-07,5.630018387024774e-07,4.5935283132151263e-07,3.5142249487498016e-07,2.804404734783712e-07,2.2922202065704714e-07,1.664351492709621e-07,1.3441002712082082e-07,9.760464620859631e-08,7.390773566647809e-08,5.5523621511265e-08,4.3001450751903776e-08
0.0,91,91.0,0.0,30.0,0.0,0.0,0.0,0.0,2.0,2.0,-12.0,0.0,0.0,0.0,3.050858039973398e-05,2.1046235050619025e-05,1.657648432342676e-05,1.2660133725441804e-05,9.619640175997747e-06,8.504930140702734e-06,7.279737186853098e-06,6.1373664287385455e-06,5.2541295134464796e-06,4.623908281572444e-06,4.2259411565375375e-06,3.922035009341727e-06,3.3334605963301588e-06,2.940585911471624e-06,2.636804962736007e-06,2.455253529219581e-06,2.2977843598033213e-06,1.9306944203257605e-06,1.692335367985389e-06,1.340619656346632e-06,1.0852277621881835e-06,9.478387522326711e-07,7.384263023678133e-07,5.83850105373423e-07,4.5138331314741937e-07,3.6206270338554066e-07,2.920737862378271e-07,2.2620305599724836e-07,1.714673297667397e-07,1.2441426679768894e-07,9.916553899868195e-08,7.433545413596077e-08,5.773194892468774e-08,4.2053015436142645e-08
0.0,92,92.0,0.0,30.0,0.0,0.0,0.0,0.0,2.0,2.0,-12.0,0.0,0.0,0.0,3.2853226583159636e-05,2.2668497089820986e-05,1.6878487496218594e-05,1.2597746489139747e-05,1.0193837819460958e-05,8.842598191188282e-06,7.1746051353010215e-06,6.171956468617902e-06,5.483865162455557e-06,4.92769265474586e-06,4.299372864614055e-06,3.6063694097519397e-06,3.4456483203369857e-06,3.077309700675325e-06,2.7462708618630465e-06,2.419772981246574e-06,2.2188870295702623e-06,1.9802841053212535e-06,1.665613548779145e-06,1.3047604949736799e-06,1.1508613543768704e-06,9.000470942624165e-07,7.700121396647231e-07,5.792620698731355e-07,4.741879129335326e-07,3.439057362974695e-07,3.0316648786919307e-07,2.263639314142217e-07,1.7080936810891143e-07,1.331492744387331e-07,9.839046964281677e-08,7.739452094792703e-08,5.431548863714571e-08,4.2624708489627024e-08
0.0,93,93.0,0.0,30.0,0.0,0.0,0.0,0.0,2.0,2.0,-12.0,0.0,0.0,0.0,3.182872769924966e-05,2.1543737935932755e-05,1.7808895599803777e-05,1.3169890750368356e-05,1.0548830583766678e-05,8.866634424955444e-06,7.203268481367791e-06,6.269490309744527e-06,5.576190424391925e-06,4.986699492081766e-06,4.460689427741945e-06,3.8596816034806835e-06,3.512806725960865e-06,2.9125940690798856e-06,2.6776100990559528e-06,2.535783266896094e-06,2.176644174300133e-06,1.969928460726664e-06,1.75038664053901e-06,1.3809438155319212e-06,1.1648033993024532e-06,9.298344539780602e-07,7.47423747598473e-07,5.963587096518558e-07,5.02717858217283e-07,3.714519409352025e-07,2.787067305723771e-07,2.380131872293436e-07,1.7463761933332025e-07,1.322756169258105e-07,9.87189587034086e-08,7.477701158199003e-08,5.5425918685641145e-08,4.0276197338703815e-08
0.0,94,94.0,0.0,30.0,0.0,0.0,0.0,0.0,2.0,2.0,-12.0,0.0,0.0,0.0,3.4419404880058066e-05,2.3189520578437424e-05,1.653298330229301e-05,1.2856817315718099e-05,1.0561594664513594e-05,9.119829182425885e-06,7.461075916669892e-06,6.6297404428619214e-06,5.496154329987253e-06,4.92400676425563e-06,4.093783426812693e-06,3.988651073028523e-06,3.4664069428275986e-06,2.9988119152633753e-06,2.6766514881056245e-06,2.516889497978663e-06,2.3485171607364376e-06,2.0604560776182166e-06,1.7173670891624002e-06,1.4232844922953984e-06,1.1294571133994793e-06,9.116669733243265e-07,7.198062562690668e-07,6.6772841092276e-07,4.782660618246644e-07,3.906840155671758e-07,2.831410342377669e-07,2.2474961055260005e-07,1.7481764924169407e-07,1.2790901113971575e-07,1.018536473332947e-07,7.605582963127983e-08,5.5284253335539474e-08,4.496405182282345e-08
0.0,95,95.0,0.0,30.0,0.0,0.0,0.0,0.0,2.0,2.0,-12.0,0.0,0.0,0.0,3.465616751946557e-05,2.402318733071061e-05,1.7775252493893908e-05,1.4230909976349577e-05,1.0990546686870777e-05,8.529754860991283e-06,7.489173420321193e-06,6.691230707521009e-06,5.8447292208372775e-06,5.262133427372913e-06,4.548136376230315e-06,4.017934178784039e-06,3.481010153763105e-06,2.9496833603665807e-06,2.758863587535263e-06,2.6049218534895095e-06,2.3916418419409504e-06,2.104462388545451e-06,1.7032077502722648e-06,1.3893060557641286e-06,1.2071514979426934e-06,9.197256153958099e-07,7.174833565364885e-07,5.941269549433983e-07,4.712781919899876e-07,3.743957316132366e-07,3.128061832659033e-07,2.3148163776654043e-07,1.812724189222719e-07,1.4004415357148324e-07,9.263969743704532e-08,8.000263705842009e-08,5.936489718314204e-08,4.0512389717753486e-08
0.0,96,96.0,0.0,30.0,0.0,0.0,0.0,0.0,2.0,2.0,-12.0,0.0,0.0,0.0,3.62909574342946e-05,2.4369263684586925e-05,1.737121148198807e-05,1.4652922724150778e-05,1.0908948085391605e-05,9.136620088948154e-06,8.295567038215449e-06,6.5550384164783775e-06,5.755999626460929e-06,5.1473859019350766e-06,4.353338670992917e-06,3.984686756952486e-06,3.577195744781684e-06,3.1410802272055104e-06,2.991264989623458e-06,2.6308025071487514e-06,2.3607754177830964e-06,2.0395270100423775e-06,1.6879991699237557e-06,1.4613984829640104e-06,1.2084058024093776e-06,9.326989968860301e-07,7.827219281570462e-07,5.978145023684674e-07,4.888047732172025e-07,3.728570743710385e-07,2.968153376011846e-07,2.2766890207847658e-07,1.8692458612711256e-07,1.3751789597772769e-07,1.013249545231086e-07,7.80849847314029e-08,5.7613141282548145e-08,4.1669649816584686e-08
0.0,97,97.0,0.0,30.0,0.0,0.0,0.0,0.0,2.0,2.0,-12.0,0.0,0.0,0.0,3.5677093318936506e-05,2.5060944594318363e-05,1.8995299987720713e-05,1.4794140568597963e-05,1.1573992587893926e-05,9.32569151608785e-06,8.264371015455974e-06,6.750621101415116e-06,6.002872090331062e-06,5.043642246439233e-06,4.524358286524682e-06,4.151950984423679e-06,3.740789795686908e-06,3.3759225197009793e-06,2.8903462590218474e-06,2.76948800901435e-06,2.317219946974534e-06,2.131709401840921e-06,1.7551098551166203e-06,1.4911189131793483e-06,1.1727843104261542e-06,9.586115132358857e-07,7.501282675477144e-07,6.162538569589234e-07,4.816661238940207e-07,3.8861066768812456e-07,2.8092836455984935e-07,2.3253917643042444e-07,1.8020078442663615e-07,1.3881095390622342e-07,1.0454256075820318e-07,7.912698800478668e-08,5.9308557419854737e-08,4.111585087156773e-08
0.0,98,98.0,0.0,30.0,0.0,0.0,0.0,0.0,2.0,2.0,-12.0,0.0,0.0,0.0,3.7895539105176484e-05,2.5720588593170227e-05,1.8664061740034597e-05,1.5245677607799536e-05,1.140499317364639e-05,9.582542901894561e-06,8.01066331428763e-06,7.044080856888145e-06,5.679168406628265e-06,5.403531474257081e-06,4.6637956353636885e-06,4.183391173164969e-06,3.758833412428958e-06,3.355512268922275e-06,3.026902251892608e-06,2.6953250911223047e-06,2.5410394770101016e-06,2.0368623103152883e-06,1.852925072525778e-06,1.5575532026135265e-06,1.2253521871448742e-06,9.993071549712093e-07,7.948786818300897e-07,5.976085394581747e-07,4.88726342007287e-07,3.8741190287179126e-07,3.034119139865156e-07,2.335700192426283e-07,1.7305189499323144e-07,1.4280847463646068e-07,1.0932466987065732e-07,7.991787366447787e-08,6.16677743433982e-08,4.2215589022874095e-08
0.0,99,99.0,0.0,30.0,0.0,0.0,0.0,0.0,2.0,2.0,-12.0,0.0,0.0,0.0,3.7072966885742e-05,2.4145683134436124e-05,1.8460337953210965e-05,1.4931752940638365e-05,1.2067892177887635e-05,9.78014641058335e-06,8.577410020154669e-06,7.105886017033113e-06,6.041718694463804e-06,5.441835317516899e-06,4.5864362048320645e-06,4.286094666762732e-06,3.5926555061373147e-06,3.4314672023037942e-06,3.078905603846665e-06,2.5753194939042225e-06,2.533362324319915e-06,2.0777865819411525e-06,1.7786088523745236e-06,1.5222440103062371e-06,1.172867758401221e-06,1.0211186284204526e-06,8.024878049938347e-07,6.626339110487428e-07,5.047177558061619e-07,3.851609446963033e-07,2.9893817557416404e-07,2.3240962586286986e-07,1.8665603651485333e-07,1.4200632715359384e-07,1.1082401828150453e-07,8.114638887723901e-08,5.7883037734221464e-08,4.5340504942924895e-08
