Line_number,Fiducial,Easting,Northing,Height,Elevation,tx_pitch,tx_roll,tx_yaw,txrx_dx,txrx_dy,txrx_dz,rx_pitch,rx_roll,rx_yaw,S0Z_time_3.834e-04,S0Z_time_3.924e-04,S0Z_time_4.039e-04,S0Z_time_4.184e-04,S0Z_time_4.364e-04,S0Z_time_4.589e-04,S0Z_time_4.869e-04,S0Z_time_5.224e-04,S0Z_time_5.679e-04,S0Z_time_6.249e-04,S0Z_time_6.969e-04,S0Z_time_7.879e-04,S0Z_time_9.019e-04,S0Z_time_1.046e-03,S0Z_time_1.227e-03,S0Z_time_1.456e-03,S0Z_time_1.744e-03,S0Z_time_2.109e-03,S0Z_time_2.567e-03,S0Z_time_3.145e-03,S0Z_time_3.864e-03,S0Z_time_4.745e-03,S0Z_time_5.821e-03,S0Z_time_7.140e-03,S0Z_time_8.754e-03,S0Z_time_1.073e-02,S1Z_time_2.057e-05,S1Z_time_2.607e-05,S1Z_time_3.307e-05,S1Z_time_4.206e-05,S1Z_time_5.356e-05,S1Z_time_6.807e-05,S1Z_time_8.607e-05,S1Z_time_1.086e-04,S1Z_time_1.366e-04,S1Z_time_1.721e-04,S1Z_time_2.176e-04,S1Z_time_2.746e-04,S1Z_time_3.466e-04,S1Z_time_4.376e-04,S1Z_time_5.516e-04,S1Z_time_6.956e-04,S1Z_time_8.771e-04,S1Z_time_1.106e-03,S1Z_time_1.394e-03
0.0,0,0.0,0.0,30.0,0.0,0.0,0.0,0.0,-13.0,0.0,2.0,0.0,0.0,0.0,5.897904721254469e-11,4.9250560765106496e-11,4.015988057262316e-11,3.20531223756546e-11,2.4983799992405594e-11,1.9173703982967866e-11,1.4476380603165747e-11,1.068657459455461e-11,7.699519855555016e-12,5.443545610826059e-12,3.7788877960045955e-12,2.5683256743912744e-12,1.7164159067369977e-12,1.1251729954694062e-12,7.205377979478255e-13,4.53489478060376e-13,2.793561406145201e-13,1.694417042502576e-13,9.964566641851663e-14,5.783917433867934e-14,3.2740372057189687e-14,1.8773764518529474e-14,1.0390165934971088e-14,5.834484746954162e-15,3.14102742784573e-15,1.882409079940908e-15,6.008084891523919e-09,3.445580898127813e-09,2.0535612122448035e-09,1.2225632473957318e-09,7.118929312561683e-10,4.070771217578178e-10,2.3141150968821604e-10,1.3059074465559913e-10,7.349710723471667e-11,4.114804450798263e-11,2.2768274706886465e-11,1.2636769958940515e-11,7.0013989621711685e-12,3.8365833115811095e-12,2.0975914751123857e-12,1.1266642935028295e-12,5.965289359206041e-13,3.154197400163264e-13,1.5977295428882694e-13
0.0,1,1.0,0.0,30.0,0.0,0.0,0.0,0.0,-13.0,0.0,2.0,0.0,0.0,0.0,5.778380894782013e-11,4.8049794789533725e-11,3.89913782405107e-11,3.095770520754816e-11,2.399836806597397e-11,1.8322819359636995e-11,1.3771033347253379e-11,1.0129275384848492e-11,7.280299578976849e-12,5.1404904368487175e-12,3.5684829955134058e-12,2.4278336334111362e-12,1.6254408652740113e-12,1.0680920650537183e-12,6.857608921991286e-13,4.329781310697388e-13,2.6747687281581445e-13,1.628000165985611e-13,9.597586123737036e-14,5.589357602075122e-14,3.171116177365987e-14,1.824960891328388e-14,1.0110277630136313e-14,5.696256891502126e-15,3.0631852750117048e-15,1.852347940932487e-15,6.019366961316184e-09,3.461131828273749e-09,2.0686964677325626e-09,1.233446541208031e-09,7.175042293253473e-10,4.08607918366857e-10,2.3064950991275673e-10,1.2892653848066046e-10,7.17660500769853e-11,3.9735129562544095e-11,2.1766373015563765e-11,1.198998272022314e-11,6.61232409731903e-12,3.6147195604864218e-12,1.976566069072766e-12,1.062676605306691e-12,5.640115975934295e-13,2.994841144685951e-13,1.5180957941072788e-13
0.0,2,2.0,0.0,30.0,0.0,0.0,0.0,0.0,-13.0,0.0,2.0,0.0,0.0,0.0,5.673851090621809e-11,4.6997094432959233e-11,3.79630615616619e-11,2.9988773015667215e-11,2.3121360397318817e-11,1.75605094342981e-11,1.3134808767717118e-11,9.623187105892587e-12,6.8971332585434505e-12,4.861892655439645e-12,3.3740588624345708e-12,2.2973920644119506e-12,1.5406010797854627e-12,1.014632501065258e-12,6.530567883749507e-13,4.136048397915995e-13,2.5621470539104535e-13,1.564754629816986e-13,9.246988068985431e-14,5.402665868054039e-14,3.0720536986209707e-14,1.7742944186936894e-14,9.839643051910672e-15,5.561758135703933e-15,2.9877155815480874e-15,1.8221869768707772e-15,6.030160064379458e-09,3.475199319450108e-09,2.081843044323146e-09,1.2427034560304545e-09,7.222860027722572e-10,4.09979171117908e-10,2.3007417166588928e-10,1.2754597160382003e-10,7.028706011472148e-11,3.850204687008739e-11,2.0876978272587012e-11,1.1407905526893947e-11,6.25842539362542e-12,3.4113264066504506e-12,1.8648501525811684e-12,1.0033064198520304e-12,5.33688048907424e-13,2.845343277586919e-13,1.443357905661195e-13
0.0,3,3.0,0.0,30.0,0.0,0.0,0.0,0.0,-13.0,0.0,2.0,0.0,0.0,0.0,5.580936313650257e-11,4.60619749182915e-11,3.7048671881348605e-11,2.912488922827987e-11,2.2336213540389813e-11,1.687456825647873e-11,1.2559064712962238e-11,9.162461372826354e-12,6.546212463184792e-12,4.6053283520253634e-12,3.1941099928361074e-12,2.176102764286723e-12,1.4613741827097624e-12,9.64502931690157e-13,6.222685894587767e-13,3.952890576524913e-13,2.45528973647422e-13,1.5044868163198569e-13,8.911848703094885e-14,5.2234384166706663e-14,2.976673166873232e-14,1.7253033861957535e-14,9.577849206117791e-15,5.430889530704628e-15,2.9145448427671163e-15,1.792032260650802e-15,6.040833479161588e-09,3.488292208177386e-09,2.093456967821898e-09,1.250580958319858e-09,7.262723110287606e-10,4.111093397806109e-10,2.295800096174206e-10,1.2636416907693319e-10,6.900519569162213e-11,3.741797241075521e-11,2.0084300002320032e-11,1.0882728706646607e-11,5.93592065181848e-12,3.224543484351275e-12,1.7615638305031448e-12,9.48143385943309e-13,5.053714439567116e-13,2.7049403633571996e-13,1.373146559514447e-13
0.0,4,4.0,0.0,30.0,0.0,0.0,0.0,0.0,-13.0,0.0,2.0,0.0,0.0,0.0,5.4969584094851797e-11,4.5219788682206057e-11,3.6226542824776504e-11,2.8348006497461697e-11,2.1628724091154286e-11,1.6254370449736614e-11,1.2036201686548883e-11,8.741927471578546e-12,6.224167745110968e-12,4.368654982116393e-12,3.027307036843677e-12,2.0631702214489436e-12,1.387296025471323e-12,9.174429626988207e-13,5.932550707449585e-13,3.7795793624741e-13,2.3538251104934804e-13,1.4470193691071266e-13,8.591311229502386e-14,5.051300227209451e-14,2.8848075770979244e-14,1.6779186437314636e-14,9.32450868247629e-15,5.303553604693437e-15,2.843599784034542e-15,1.7619958163999731e-15,6.0516417197233865e-09,3.5007653099096033e-09,2.103877558023082e-09,1.2572872773816212e-09,7.295168580944962e-10,4.1195485534107606e-10,2.290931972414099e-10,1.253155918211265e-10,6.787533217407885e-11,3.645647708959899e-11,1.9374449279620505e-11,1.0407536499647412e-11,5.641460591778405e-12,3.0527327288398936e-12,1.6659327915536525e-12,8.968232541870403e-13,4.78895956723834e-13,2.572951006660321e-13,1.307121351949719e-13
0.0,5,5.0,0.0,30.0,0.0,0.0,0.0,0.0,-13.0,0.0,2.0,0.0,0.0,0.0,5.419798050304824e-11,4.4450668808197706e-11,3.547887252309881e-11,2.7643003700626104e-11,2.0986766897506307e-11,1.5690695522495775e-11,1.1559541780168848e-11,8.357003579356195e-12,5.928002810022534e-12,4.149966206561033e-12,2.872468089988755e-12,1.9578856109559956e-12,1.3179519507904668e-12,8.732187632150724e-13,5.658886230020563e-13,3.6154532508342916e-13,2.2574127039658077e-13,1.3921892904451056e-13,8.284579857830634e-14,4.8859021582771043e-14,2.7962990488369637e-14,1.632075104213633e-14,9.079257663057695e-15,5.179654470454164e-15,2.7748075741780182e-15,1.7321856089037571e-15,6.0627664377936525e-09,3.5128679206453125e-09,2.1133555605383295e-09,1.2629922840035821e-09,7.320789323986336e-10,4.1249611591618e-10,2.2856305674732797e-10,1.2435025234858578e-10,6.686083075483487e-11,3.5595113382058874e-11,1.873526929619576e-11,9.976193054070126e-12,5.3720608349356045e-12,2.894441330082442e-12,1.5772704699474628e-12,8.490211276529118e-13,4.541136653005874e-13,2.4487632736922113e-13,1.2449690734815633e-13
0.0,6,6.0,0.0,30.0,0.0,0.0,0.0,0.0,-13.0,0.0,2.0,0.0,0.0,0.0,5.347778009428493e-11,4.3738623193078006e-11,3.479107163400552e-11,2.699725463185626e-11,2.040002860137941e-11,1.5175566688207622e-11,1.1123226052838847e-11,8.003627007114246e-12,5.6550446365949674e-12,3.947557385997264e-12,2.7285362835493683e-12,1.859613966623858e-12,1.2529696923003889e-12,8.316194435200029e-13,5.400535274114431e-13,3.459909327760259e-13,2.1657399365056507e-13,1.3398463208337823e-13,7.9909145038565e-14,4.726918389456286e-14,2.7109983438927882e-14,1.5877113659797663e-14,8.84175413022973e-15,5.059097903754047e-15,2.7080960633317023e-15,1.7026987689102372e-15,6.074341553461564e-09,3.5247757633134804e-09,2.1220750911632153e-09,1.2678317567746703e-09,7.340161122381035e-10,4.127281540539121e-10,2.2795553339675817e-10,1.2343040456483538e-10,6.593221254274193e-11,3.481497200997413e-11,1.8156177137532825e-11,9.583256525539643e-12,5.125052228723778e-12,2.7483730992328196e-12,1.4949640998531993e-12,8.044459283281368e-13,4.308919833143813e-13,2.3318244163409105e-13,1.186402332346466e-13
0.0,7,7.0,0.0,30.0,0.0,0.0,0.0,0.0,-13.0,0.0,2.0,0.0,0.0,0.0,5.2795695413856314e-11,4.307078147732977e-11,3.4151199833565685e-11,2.6400240455436908e-11,1.9859761430136372e-11,1.4702101828470862e-11,1.0722123679987203e-11,7.678196465688862e-12,5.402904312351481e-12,3.7598987419597364e-12,2.594562093293176e-12,1.7677838210395519e-12,1.1920135571539015e-12,7.924540579413135e-13,5.156445012012723e-13,3.3123962135865395e-13,2.078519223271004e-13,1.2898515535527916e-13,7.709626040291163e-14,4.5740441845766054e-14,2.628764382845382e-14,1.5447693831413655e-14,8.611676235127087e-15,4.941791404052287e-15,2.6433940484056567e-15,1.6736176930358805e-15,6.0864687361972155e-09,3.5366122112484897e-09,2.1301701090651107e-09,1.2719126459163622e-09,7.353808147638136e-10,4.1265456078846165e-10,2.272483532815754e-10,1.225277975679594e-10,6.506593274552184e-11,3.4100234546149906e-11,1.7628009034452353e-11,9.223909092261462e-12,4.8980432355866996e-12,2.6133662314167494e-12,1.4184637388899295e-12,7.628358159732629e-13,4.091115384762709e-13,2.221632515577859e-13,1.1311581764959636e-13
0.0,8,8.0,0.0,30.0,0.0,0.0,0.0,0.0,-13.0,0.0,2.0,0.0,0.0,0.0,5.214118333774087e-11,4.243678076640552e-11,3.354949024375819e-11,2.5843210667216238e-11,1.9358560883479834e-11,1.4264376702445995e-11,1.0351749857988098e-11,7.377522315386646e-12,5.169445116078684e-12,3.5856140134859173e-12,2.469689227566242e-12,1.6818787793788641e-12,1.1347796286359616e-12,7.5554910509147e-13,4.925654650230906e-13,3.172408100863978e-13,1.995485427027029e-13,1.242076244805946e-13,7.440072011039769e-14,4.426993937709419e-14,2.5494637686437138e-14,1.5031941765975373e-14,8.388720801771951e-15,4.827644244523989e-15,2.580631551821915e-15,1.6450084498607425e-15,6.0992271468379286e-09,3.5484625508244848e-09,2.1377365958147426e-09,1.2753181292228945e-09,7.362189617213367e-10,4.1228360121039897e-10,2.2642750191535684e-10,1.2162147160186108e-10,6.424330123163439e-11,3.343774483359777e-11,1.714286892174077e-11,8.893896042995292e-12,4.688890145139475e-12,2.4883758511254987e-12,1.347273561571143e-12,7.239543732170216e-13,3.886644140479423e-13,2.1177296868669285e-13,1.078996593136228e-13
0.0,9,9.0,0.0,30.0,0.0,0.0,0.0,0.0,-13.0,0.0,2.0,0.0,0.0,0.0,5.150586378492696e-11,4.182827032855423e-11,3.2977954333544006e-11,2.5318892119271062e-11,1.8890168832050085e-11,1.3857300933908189e-11,1.0008191203928401e-11,7.0987825482103075e-12,4.952755610774173e-12,3.4234630620926465e-12,2.353143222787718e-12,1.6014306149784669e-12,1.080991785616117e-12,7.207464277439606e-13,4.707284927029028e-13,3.0394796915877204e-13,1.9163936135913842e-13,1.196400787269904e-13,7.181652746411126e-14,4.2854994637172974e-14,2.4729703239949506e-14,1.4629335799531785e-14,8.172601950830192e-15,4.7165675149545195e-15,2.5197400932681e-15,1.616920862869864e-15,6.112679657949998e-09,3.560383681094982e-09,2.14484152127582e-09,1.2781120294154724e-09,7.365697680988952e-10,4.11625775139989e-10,2.2548469607862794e-10,1.2069602653162459e-10,6.344956263503428e-11,3.281661450787339e-11,1.669398282430336e-11,8.589470469583578e-12,4.495672357658746e-12,2.372460082518639e-12,1.2809448883036435e-12,6.875874165318436e-13,3.694526845917452e-13,2.0196965337273108e-13,1.0296988816654679e-13
0.0,10,10.0,0.0,30.0,0.0,0.0,0.0,0.0,-13.0,0.0,2.0,0.0,0.0,0.0,5.0883065006653875e-11,4.1238514917552834e-11,3.243005701439595e-11,2.4821242638749946e-11,1.8449301732886606e-11,1.347650698729611e-11,9.688038118455669e-12,6.839483273763444e-12,4.75112633709137e-12,3.2723273419674083e-12,2.2442220858926066e-12,1.526013564492171e-12,1.0303983797161555e-12,6.879014370071893e-13,4.500529117321739e-13,2.913181872990514e-13,1.841017073125462e-13,1.1527138207251938e-13,6.933807833826005e-14,4.149308498503856e-14,2.3991646473334637e-14,1.4239380156735895e-14,7.963049832560557e-15,4.6084741590687716e-15,2.460652936435796e-15,1.5893896869063718e-15,6.126876849202708e-09,3.5724107844205175e-09,2.1515294534384613e-09,1.2803425027968014e-09,7.3646609200427e-10,4.1069231866821445e-10,2.2441558460255196e-10,1.197402805095418e-10,6.267312986939871e-11,3.222787055516251e-11,1.6275561868009476e-11,8.307342029094831e-12,4.316671026528022e-12,2.264768695499105e-12,1.2190705396897447e-12,6.535403215840902e-13,3.5138719084524095e-13,1.9271475875418516e-13,9.830659468195954e-14
0.0,11,11.0,0.0,30.0,0.0,0.0,0.0,0.0,-13.0,0.0,2.0,0.0,0.0,0.0,5.026746825143811e-11,4.066207822668865e-11,3.190045117876435e-11,2.4345244345947556e-11,1.803150245577194e-11,1.3118251868928028e-11,9.388323806297983e-12,6.597423029784831e-12,4.563029229023668e-12,3.131197487989389e-12,2.142288489475305e-12,1.4552395697064247e-12,9.827694440857773e-13,6.568816019395922e-13,4.304645290591353e-13,2.793118001412212e-13,1.7691455744237818e-13,1.1109114581078926e-13,6.696012909249991e-14,4.018183378341522e-14,2.327933690361196e-14,1.3861602974884042e-14,7.759809460953893e-15,4.503279006435875e-15,2.403305297984689e-15,1.5624363985188246e-15,6.141859557813305e-09,3.5845619594693698e-09,2.1578274537292352e-09,1.282045047498553e-09,7.359350340155624e-10,4.094943125599666e-10,2.2321847649499639e-10,1.1874624058859596e-10,6.190495538696401e-11,3.166414728738268e-11,1.588267602001801e-11,8.044629236263051e-12,4.150350037643325e-12,2.16453363290413e-12,1.161280201938345e-12,6.21635771554428e-13,3.3438650951894847e-13,1.8397275232147913e-13,9.389165725118505e-14
0.0,12,12.0,0.0,30.0,0.0,0.0,0.0,0.0,-13.0,0.0,2.0,0.0,0.0,0.0,4.965482993272294e-11,4.0094570671071354e-11,3.138476164012746e-11,2.3886731368644554e-11,1.7633013546895272e-11,1.2779330888894302e-11,9.106469661043485e-12,6.3706605144942114e-12,4.387099204229516e-12,2.999162510807373e-12,2.0467631538559406e-12,1.3887542678155874e-12,9.37894333055063e-13,6.275651579483965e-13,4.118949616383109e-13,2.678920688972823e-13,1.700583823018405e-13,1.0708966090430034e-13,6.467776740853583e-14,3.891899872020323e-14,2.2591703587415262e-14,1.349555455592683e-14,7.562639642501023e-15,4.400898798777563e-15,2.3476345121381556e-15,1.5360712418628792e-15,6.157660465735467e-09,3.5968414655530252e-09,2.1637487261825077e-09,1.2832449262972398e-09,7.349986171927345e-10,4.080421786731319e-10,2.2189344734949175e-10,1.1770831773738285e-10,6.11380210467036e-11,3.111942149101938e-11,1.5511139741408864e-11,7.79881518679748e-12,3.995338740166128e-12,2.071060923680933e-12,1.1072365644325424e-12,5.917118525546929e-13,3.1837608249103306e-13,1.7571079858584394e-13,8.970857317974851e-14
0.0,13,13.0,0.0,30.0,0.0,0.0,0.0,0.0,-13.0,0.0,2.0,0.0,0.0,0.0,4.904176406437709e-11,3.9532448453729636e-11,3.0879409639677155e-11,2.3442246821265056e-11,1.7250669487009413e-11,1.2457002553853094e-11,8.840236662052373e-12,6.157485464593115e-12,4.2221175805074376e-12,2.875400250982778e-12,1.9571191476951933e-12,1.3262335755646123e-12,8.955797118870445e-13,5.998399964934245e-13,3.9428105504360687e-13,2.5702490084062603e-13,1.6351500971676627e-13,1.032578385929866e-13,6.248638579920497e-14,3.7702461436325364e-14,2.19277313653334e-14,1.3140805815650727e-14,7.371311993079826e-15,4.3012522100983156e-15,2.2935801494235613e-15,1.5102952853827878e-15,6.174305028314435e-09,3.609242008972854e-09,2.169295358972689e-09,1.2839591058141385e-09,7.336744599898303e-10,4.063454219131409e-10,2.2044171576112471e-10,1.166227308875311e-10,6.036692738079377e-11,3.0588787433311415e-11,1.5157409908605383e-11,7.567706751620955e-12,3.850416104901474e-12,1.9837236365533544e-12,1.056632049389987e-12,5.636204331618509e-13,3.0328747671671407e-13,1.6789849012553145e-13,8.57422975798893e-14
0.0,14,14.0,0.0,30.0,0.0,0.0,0.0,0.0,-13.0,0.0,2.0,0.0,0.0,0.0,4.842557153653143e-11,3.897285336577138e-11,3.038147041375528e-11,2.3008924378628347e-11,1.6881805490272443e-11,1.2148923523161402e-11,8.587682367208794e-12,5.956392453315406e-12,4.066997086226828e-12,2.7591688538755572e-12,1.8728769112787093e-12,1.2673807473179626e-12,8.556478317964411e-13,5.736027056746677e-13,3.775643764690041e-13,2.466786047952326e-13,1.5726750388482817e-13,9.958715801373798e-14,6.038165756080026e-14,3.653021827336181e-14,2.1286457342344486e-14,1.2796946902838396e-14,7.185610036599871e-15,4.204259860245283e-15,2.2410840917638265e-15,1.4851023381921077e-15,6.191811941701624e-09,3.6217463612106046e-09,2.1744604022246147e-09,1.284197804928629e-09,7.319763998006487e-10,4.044125253643265e-10,2.1886521188964407e-10,1.1548705599554876e-10,5.958756465925738e-11,3.0068267429730746e-11,1.4818495736456154e-11,7.349397277082178e-12,3.714496134658647e-12,1.9019556367685688e-12,1.0091859991752318e-12,5.372257761333842e-13,2.890577515965215e-13,1.6050761724744106e-13,8.197909303707182e-14
0.0,15,15.0,0.0,30.0,0.0,0.0,0.0,0.0,-13.0,0.0,2.0,0.0,0.0,0.0,4.780410583156527e-11,3.841348489211811e-11,2.9888557582181406e-11,2.258439034875079e-11,1.6524180529533228e-11,1.1853092520926538e-11,8.347123040250331e-12,5.7660573985711985e-12,3.9207682985201136e-12,2.649799099522904e-12,1.7935998596520972e-12,1.2119238144060535e-12,8.179350382399201e-13,5.48757736833181e-13,3.616907708299655e-13,2.368236761319918e-13,1.5130005797080576e-13,9.606961979239459e-14,5.835951495279191e-14,3.5400371984410425e-14,2.0666967598418e-14,1.246358596465317e-14,7.005328379230055e-15,4.1098443219004225e-15,2.1900905684808365e-15,1.4604806453226856e-15,6.210193279718188e-09,3.6343285067637232e-09,2.1792294580072675e-09,1.2839657312716366e-09,7.299150500068763e-10,4.0225093897324157e-10,2.1716628248910396e-10,1.142998857816947e-10,5.879685044105589e-11,2.955465340079905e-11,1.4491880020140902e-11,7.142232764717207e-12,3.5866144284162102e-12,1.825245984120546e-12,9.646422216892192e-13,5.124033398602965e-13,2.7562891489940785e-13,1.535119687747263e-13,7.840639167869636e-14
0.0,16,16.0,0.0,30.0,0.0,0.0,0.0,0.0,-13.0,0.0,2.0,0.0,0.0,0.0,4.717566714457141e-11,3.785249793665175e-11,2.9398729240878283e-11,2.2166682737655983e-11,1.6175912489667162e-11,1.1567802123409033e-11,8.117100430958569e-12,5.585316573766458e-12,3.782567379610938e-12,2.546687469093092e-12,1.7188904610917434e-12,1.1596133343834638e-12,7.822904708482739e-13,5.252166767420184e-13,3.4660997058481706e-13,2.274326068045698e-13,1.4559789845424978e-13,9.269770474198083e-14,5.6416129401415283e-14,3.431112427709356e-14,2.0068394120490326e-14,1.2140348037407184e-14,6.8302719528060485e-15,4.017930120852089e-15,2.1405461588317285e-15,1.4364143301346935e-15,6.229454388789751e-09,3.6469544575265154e-09,2.1835819097136e-09,1.2832630703994525e-09,7.274982869188828e-10,3.9986712349333187e-10,2.153474926909429e-10,1.1306057367710129e-10,5.7992520711120554e-11,2.9045374986666483e-11,1.41754507709993e-11,6.944781431712116e-12,3.4659158370306334e-12,1.753133861845673e-12,9.22766820501473e-13,4.890387351866989e-13,2.629474518581892e-13,1.4688715819003719e-13,7.50126702746455e-14
0.0,17,17.0,0.0,30.0,0.0,0.0,0.0,0.0,-13.0,0.0,2.0,0.0,0.0,0.0,4.65389187012049e-11,3.72884208827893e-11,2.891041159949624e-11,2.1754184350034172e-11,1.5835423595239025e-11,1.1291597408859158e-11,7.896352727789972e-12,5.4131479139543804e-12,3.6516250017305234e-12,2.4492898600495387e-12,1.6483867137325293e-12,1.1102203952491686e-12,7.485749217157356e-13,5.028976085731185e-13,3.32275251438077e-13,2.1847971676949367e-13,1.4014719972134084e-13,8.946433694528164e-14,5.4547893535370354e-14,3.3260769078238955e-14,1.9489911944963555e-14,1.1826874044962367e-14,6.660255321522397e-15,3.928443729919068e-15,2.092399766937818e-15,1.4128845840688252e-15,6.249593602565749e-09,3.6595828298064624e-09,2.1874918831478536e-09,1.2820862794933755e-09,7.247316699282516e-10,3.972666252953216e-10,2.13411496243151e-10,1.1176904172628393e-10,5.717296395960471e-11,2.8538390149379898e-11,1.38674422092734e-11,6.755806490628686e-12,3.3516431612682843e-12,1.685203960078624e-12,8.833462558437952e-13,4.670268099878354e-13,2.5096391491637356e-13,1.4061047065919252e-13,7.178733827742663e-14
0.0,18,18.0,0.0,30.0,0.0,0.0,0.0,0.0,-13.0,0.0,2.0,0.0,0.0,0.0,4.589282047273732e-11,3.672008982018299e-11,2.84223368008072e-11,2.134556746004971e-11,1.550139450390784e-11,1.102324054617795e-11,7.683789220176925e-12,5.248654412080038e-12,3.527256362385774e-12,2.3571158817802315e-12,1.58175896251258e-12,1.0635348322243012e-12,7.166598254551085e-13,4.817245477831283e-13,3.1864312735000743e-13,2.099410037747051e-13,1.3493500759784673e-13,8.63628506179333e-14,5.2751404874880295e-14,3.224768642758674e-14,1.893073649924145e-14,1.1522819889787678e-14,6.495102046383303e-15,3.841313556999705e-15,2.0456025750373812e-15,1.3898706220428929e-15,6.270601820252999e-09,3.6721652523590987e-09,2.190929006595797e-09,1.2804287267138912e-09,7.216188014146695e-10,3.9445416669360465e-10,2.113609540426679e-10,1.1042563701636187e-10,5.633708954398795e-11,2.8032094650917687e-11,1.3566384054654598e-11,6.574241941470551e-12,3.243126844553481e-12,1.6210822596157762e-12,8.461855968097497e-13,4.46270839460558e-13,2.396325639430226e-13,1.3466072742904292e-13,6.872063821962949e-14
0.0,19,19.0,0.0,30.0,0.0,0.0,0.0,0.0,-13.0,0.0,2.0,0.0,0.0,0.0,4.523657656843576e-11,3.6146595648027404e-11,2.793349221045981e-11,2.093974801001026e-11,1.5172725687010742e-11,1.0761680496642653e-11,7.478468236271707e-12,5.091049405586847e-12,3.4088521987640306e-12,2.269723676111618e-12,1.5187070122138133e-12,1.0193636242010844e-12,6.864263597685646e-13,4.616269414889637e-13,3.0567307931834123e-13,2.0179400901060453e-13,1.299491707021551e-13,8.338696024808257e-14,5.102345100905694e-14,3.127033692202028e-14,1.8390121130075e-14,1.1227855623722819e-14,6.3346441018676755e-15,3.756469927536721e-15,2.0001079799164258e-15,1.3673504315758904e-15,6.292461981115115e-09,3.6846466547557747e-09,2.193859019102205e-09,1.2782812086351347e-09,7.181616341269355e-10,3.914337423207764e-10,2.0919848658904827e-10,1.0903102490727535e-10,5.548422335550755e-11,2.7525247274867866e-11,1.3271058091319712e-11,6.399171141279595e-12,3.139775609651244e-12,1.5604321757377038e-12,8.11106935377977e-13,4.2668180459726056e-13,2.2891104863671833e-13,1.2901816483096936e-13,6.580355759414594e-14
0.0,20,20.0,0.0,30.0,0.0,0.0,0.0,0.0,-13.0,0.0,2.0,0.0,0.0,0.0,4.456959341486302e-11,3.5567241457155896e-11,2.7443078994189112e-11,2.0535847652944524e-11,1.484850492620412e-11,1.0506027100906202e-11,7.279577956732082e-12,4.939643562418538e-12,3.2958707152307063e-12,2.1867152154379568e-12,1.4589575019412819e-12,9.775294441482599e-13,6.577646395224873e-13,4.425392219023234e-13,2.933273132648676e-13,1.9401769652399784e-13,1.251782786514834e-13,8.053073358972293e-14,4.936099611045599e-14,3.03272566440102e-14,1.7867354806628382e-14,1.0941664688067645e-14,6.178721340323126e-15,3.6738450622094665e-15,1.955871517265462e-15,1.3453013466310797e-15,6.315148459899972e-09,3.6969654720723995e-09,2.1962442631139833e-09,1.275632371264595e-09,7.143607338411903e-10,3.882087158953773e-10,2.0692665011197763e-10,1.0758611016014359e-10,5.4614025201358686e-11,2.7016908119077728e-11,1.2980461054100471e-11,6.229807903744602e-12,3.0410679842101183e-12,1.502951030540304e-12,7.779479402177886e-13,4.081777449238637e-13,2.1876012639399327e-13,1.2366432567953278e-13,6.302775118983038e-14
0.0,21,21.0,0.0,30.0,0.0,0.0,0.0,0.0,-13.0,0.0,2.0,0.0,0.0,0.0,4.389144646938787e-11,3.49815081360135e-11,2.6950478225454822e-11,2.0133162254381124e-11,1.4527979937325188e-11,1.0255528916530275e-11,7.086419742755991e-12,4.793833386745999e-12,3.1878303424599567e-12,2.107732036859615e-12,1.4022615131308718e-12,9.37869343147754e-13,6.305729906644979e-13,4.2440040603454537e-13,2.815705430854327e-13,1.865923446265414e-13,1.206116062887288e-13,7.778856715383622e-14,4.7761168649774145e-14,2.9417052517798336e-14,1.736175998630321e-14,1.06639432139382e-14,6.0271809994351654e-15,3.593373050248207e-15,1.9128507775572596e-15,1.3237004769994509e-15,6.338626402819666e-09,3.70905379241225e-09,2.1980440881481447e-09,1.2724690547261988e-09,7.102155046324885e-10,3.8478191418462826e-10,2.0454792906713648e-10,1.060919792046059e-10,5.372642344537431e-11,2.650638770448801e-11,1.2693772969762418e-11,6.065479880406905e-12,2.9465446564589977e-12,1.4483668275923374e-12,7.465605334391784e-13,3.9068317443824604e-13,2.091434101737946e-13,1.1858196128615628e-13,6.038547281333296e-14
0.0,22,22.0,0.0,30.0,0.0,0.0,0.0,0.0,-13.0,0.0,2.0,0.0,0.0,0.0,4.320185370647494e-11,3.438902657164187e-11,2.6455223108448577e-11,1.9731135716321998e-11,1.4210535290029342e-11,1.0009554256742865e-11,6.8983936544897014e-12,4.653091077700901e-12,3.084303251297197e-12,2.0324513747954362e-12,1.348392387967389e-12,9.002335517807019e-13,6.047572929595795e-13,4.0715373522934224e-13,2.7036979552743814e-13,1.794994477973951e-13,1.1623906321126704e-13,7.515516389703831e-14,4.622125018696358e-14,2.853839804515916e-14,1.687269063175401e-14,1.0394399375585121e-14,5.879877248952793e-15,3.5149898190481162e-15,1.871005316512858e-15,1.3025250213058362e-15,6.362851020254973e-09,3.720837466902557e-09,2.199215185211941e-09,1.2687765774753804e-09,7.057243833850068e-10,3.811557165295236e-10,2.0206473979725182e-10,1.0454985841070244e-10,5.2821563360539694e-11,2.5993205013301692e-11,1.2410330181008567e-11,5.9056139826361326e-12,2.855801600135151e-12,1.3964353060328063e-12,7.168096771092899e-13,3.7412855192504256e-13,2.0002714191173917e-13,1.1375494263944952e-13,5.786951535246245e-14
0.0,23,23.0,0.0,30.0,0.0,0.0,0.0,0.0,-13.0,0.0,2.0,0.0,0.0,0.0,4.250065449478706e-11,3.3789555151430826e-11,2.595697617547746e-11,1.9329338190223877e-11,1.389567292599566e-11,9.767574957743252e-12,6.714985872522113e-12,4.5169555882069705e-12,2.9849095491927394e-12,1.960582657685579e-12,1.2971437385565617e-12,8.644843856152621e-13,5.802303825943731e-13,3.9074634918579017e-13,2.596942340714284e-13,1.7272162780294558e-13,1.1205114798025152e-13,7.262551285237095e-14,4.473866512796402e-14,2.769002937958412e-14,1.639953036807695e-14,1.0132752790501558e-14,5.7366707729294595e-15,3.4386331004827492e-15,1.8302965627070508e-15,1.281752488458822e-15,6.38776685001505e-09,3.732236196703295e-09,2.199711866631615e-09,1.2645389726784938e-09,7.008850093808958e-10,3.7733213927931367e-10,1.9947944166029705e-10,1.0296108446165001e-10,5.189976637444952e-11,2.5477052886505117e-11,1.2129602373580017e-11,5.749723616793045e-12,2.768483907051379e-12,1.3469372533158393e-12,6.885722589358347e-13,3.5844979856748856e-13,1.913799878584481e-13,1.0916817956755485e-13,5.547315820870816e-14
0.0,24,24.0,0.0,30.0,0.0,0.0,0.0,0.0,-13.0,0.0,2.0,0.0,0.0,0.0,4.178779277708716e-11,3.3182961534605084e-11,2.5455510537247683e-11,1.892744791287744e-11,1.3582995691995745e-11,9.529152469495878e-12,6.5357577694438225e-12,4.385024745014201e-12,2.8893120919691425e-12,1.891864337020504e-12,1.2483276297523142e-12,8.30495243841227e-13,5.569115073249346e-13,3.751289900319648e-13,2.495149994187086e-13,1.6624255293978169e-13,1.0803890647269358e-13,7.01948704846424e-14,4.331097134777305e-14,2.6870741703335013e-14,1.5941690769656574e-14,9.878733961233913e-15,5.5974283844881376e-15,3.3642423947002313e-15,1.790687724174036e-15,1.2613608483218003e-15,6.413307003358713e-09,3.74316360768148e-09,2.199486302239953e-09,1.2597391869231658e-09,6.956943740367469e-10,3.7331291507665207e-10,1.967943530063313e-10,1.0132708385672148e-10,5.096149796745178e-11,2.4957769479531473e-11,1.1851173014537281e-11,5.5973975216064606e-12,2.6842802664643884e-12,1.299676057230217e-12,6.617360683330053e-13,3.435878571251321e-13,1.8317285287569526e-13,1.0480754689903309e-13,5.319012121882719e-14
0.0,25,25.0,0.0,30.0,0.0,0.0,0.0,0.0,-13.0,0.0,2.0,0.0,0.0,0.0,4.106330369331271e-11,3.2569207869852034e-11,2.4950694440424412e-11,1.85252360357155e-11,1.3272193399516606e-11,9.293925923915367e-12,6.3603364098580395e-12,4.256948304772072e-12,2.797211848719092e-12,1.826061019246976e-12,1.2017729204832468e-12,7.981496918341181e-13,5.347258281212443e-13,3.602557327482735e-13,2.398050645495345e-13,1.6004686446257117e-13,1.0419389390936074e-13,6.78587435835176e-14,4.1935851591520955e-14,2.6079385876540045e-14,1.5498609766694063e-14,9.632083754404682e-15,5.462022669877558e-15,3.2917589315111868e-15,1.7521436954071852e-15,1.241328628969863e-15,6.439392404797645e-09,3.753527320365381e-09,2.1984887201793625e-09,1.2543592495632048e-09,6.901489551432479e-10,3.69099567277134e-10,1.9401177015947718e-10,9.964935928098921e-11,5.0007342441839914e-11,2.4435314700337223e-11,1.157472269020594e-11,5.448290015095089e-12,2.6029180323061003e-12,1.2544754788835858e-12,6.361988553727038e-13,3.2948828799545273e-13,1.7537871125760152e-13,1.0065981680709419e-13,5.1014524292041225e-14
0.0,26,26.0,0.0,30.0,0.0,0.0,0.0,0.0,-13.0,0.0,2.0,0.0,0.0,0.0,4.032730296518843e-11,3.1948338799338987e-11,2.44424785278252e-11,1.8122553929693734e-11,1.2963031002465058e-11,9.061601885311566e-12,6.188406285570235e-12,4.132421834088042e-12,2.708343762671535e-12,1.7629608732398127e-12,1.1573237499567652e-12,7.673406197686035e-13,5.136039622656281e-13,3.460837388359467e-13,2.3053910261548136e-13,1.5412010938679075e-13,1.0050814015260597e-13,6.561287353308398e-14,4.061110557506871e-14,2.5314865331980597e-14,1.5069750162364052e-14,9.392552913516883e-15,5.330331659514417e-15,3.2211256301198823e-15,1.7146309660742221e-15,1.2216349744480309e-15,6.4659310357478875e-09,3.7632290203523965e-09,2.1966675786505417e-09,1.248380419608568e-09,6.842448393242769e-10,3.6469347996553976e-10,1.9113398811827252e-10,9.792948111615493e-11,4.903798314325503e-11,2.3909750741870506e-11,1.1300014904362322e-11,5.302112477112003e-12,2.5241588221046503e-12,1.2111776292645673e-12,6.118674660589325e-13,3.161008982796534e-13,1.6797245206226367e-13,9.67125966470082e-14,4.894085208661368e-14
0.0,27,27.0,0.0,30.0,0.0,0.0,0.0,0.0,-13.0,0.0,2.0,0.0,0.0,0.0,3.9579978499860237e-11,3.1320471719054667e-11,2.3930885309741262e-11,1.7719322539010647e-11,1.2655338551109736e-11,8.831945531735798e-12,6.019702117945455e-12,4.011181313788028e-12,2.6224730558134298e-12,1.7023732880493885e-12,1.114838156373386e-12,7.379694704414084e-13,4.93481563655769e-13,3.3257303061617033e-13,2.2169336618488002e-13,1.4844867896742144e-13,9.69741179207695e-14,6.345322181847779e-14,3.933464271489954e-14,2.457613319187075e-14,1.4654598251725453e-14,9.159901602292882e-15,5.202238523485825e-15,3.1522870574164765e-15,1.6781175320649996e-15,1.2022596741186426e-15,6.492817191217754e-09,3.772164532342694e-09,2.1939697136025943e-09,1.241783316039028e-09,6.779778358689195e-10,3.6009596410532475e-10,1.8816332208723604e-10,9.616908277521633e-11,4.805418700214435e-11,2.3381225976331394e-11,1.1026883960899903e-11,5.158625911951951e-12,2.4477945947614517e-12,1.1696411328537648e-12,5.886570480598278e-13,3.033794006047179e-13,1.6093073728674919e-13,9.295427170961505e-14,4.696392314248473e-14
0.0,28,28.0,0.0,30.0,0.0,0.0,0.0,0.0,-13.0,0.0,2.0,0.0,0.0,0.0,3.882158377907305e-11,3.06857888682892e-11,2.3416000445786418e-11,1.731552343134306e-11,1.2349002635935486e-11,8.60477305330667e-12,5.854002581751481e-12,3.892998378914404e-12,2.539391929830984e-12,1.6441267575672885e-12,1.0741868168469667e-12,7.099455302872651e-13,4.742989366928683e-13,3.1968628394376536e-13,2.1324557657125756e-13,1.4301975224634664e-13,9.358471361040457e-14,6.137595664781366e-14,3.8104475425491875e-14,2.386218958643639e-14,1.4252662534507426e-14,8.933898975861552e-15,5.077631289372293e-15,3.085189385168624e-15,1.6425728095232624e-15,1.1831831722830152e-15,6.519930757796006e-09,3.7802238993083116e-09,2.1903404664960413e-09,1.2345480366636733e-09,6.713435845984686e-10,3.553083203672282e-10,1.85102129238715e-10,9.436985885439296e-11,4.7056792489587034e-11,2.2849961606841828e-11,1.0755224610790836e-11,5.0176344529221525e-12,2.3736441580533722e-12,1.1297394626213751e-12,5.664903215606396e-13,2.912810989359537e-13,1.5423187148135183e-13,8.937395238977325e-14,4.5078862964725774e-14
0.0,29,29.0,0.0,30.0,0.0,0.0,0.0,0.0,-13.0,0.0,2.0,0.0,0.0,0.0,3.8052432686090085e-11,3.0044530902827066e-11,2.2897965509788198e-11,1.6911191253051467e-11,1.2043959081291043e-11,8.379945085493327e-12,5.691124824389317e-12,3.777676116302831e-12,2.458916620471469e-12,1.5880669706035304e-12,1.0352518981573865e-12,6.831852782357174e-13,4.560006806371662e-13,3.0738863744498505e-13,2.0517482215411202e-13,1.3782124414081843e-13,9.033320045600449e-14,5.937744058275723e-14,3.6918712928797415e-14,2.317207915618791e-14,1.386347251429329e-14,8.71432277761533e-15,4.9564025805901155e-15,3.019780346488651e-15,1.6079675523401393e-15,1.1643865646409928e-15,6.5471365201353516e-09,3.7872914669297084e-09,2.1857237957887335e-09,1.2266542700980514e-09,6.64337660002129e-10,3.503318991537298e-10,1.8195283030820788e-10,9.25335653318843e-11,4.604670026072099e-11,2.2316240577696598e-11,1.0484983191215261e-11,4.878979686957457e-12,2.3015500605892722e-12,1.0913594316382841e-12,5.452969103363229e-13,2.797665989991773e-13,1.4785568162347802e-13,8.596142534792359e-14,4.328108060933005e-14
0.0,30,30.0,0.0,30.0,0.0,0.0,0.0,0.0,-13.0,0.0,2.0,0.0,0.0,0.0,3.727289549232267e-11,2.939699167414642e-11,2.2376971970160046e-11,1.6506407346982318e-11,1.1740186686481963e-11,8.157361022274526e-12,5.530919671667197e-12,3.665045351024944e-12,2.380884766654682e-12,1.5340550865920437e-12,9.979260087973272e-13,6.576117876217224e-13,4.3853536172317357e-13,2.956475166510451e-13,1.9746146474761692e-13,1.328417576136187e-13,8.721321379201205e-14,5.745421908470429e-14,3.5775555526601256e-14,2.2504888721755527e-14,1.3486577577195559e-14,8.500958959600301e-15,4.838449373404105e-15,2.956009191806486e-15,1.574273773204066e-15,1.1458515868641878e-15,6.5742835018401725e-09,3.793245972319312e-09,2.180062375632487e-09,1.2180814050296002e-09,6.569556735006412e-10,3.451681582862887e-10,1.7871793077075036e-10,9.06620212220419e-11,4.502486590040189e-11,2.1780398331198466e-11,1.0216150026085033e-11,4.742535692169229e-12,2.231375826817777e-12,1.0543998274302616e-12,5.250127284994335e-13,2.6879954123325867e-13,1.417834062425479e-13,8.270710829284618e-14,4.156624837033111e-14
0.0,31,31.0,0.0,30.0,0.0,0.0,0.0,0.0,-13.0,0.0,2.0,0.0,0.0,0.0,3.648339577082168e-11,2.874351397906416e-11,2.185325616143825e-11,1.6101294332896645e-11,1.1437701846522825e-11,7.936954077984312e-12,5.3732674256043426e-12,3.55496136078072e-12,2.3051530597156094e-12,1.481966178992272e-12,9.62111243541981e-13,6.331541767629509e-13,4.2185521063627756e-13,2.8443247163509056e-13,1.9008705320960998e-13,1.2807053952110517e-13,8.421872820642404e-14,5.560300989338243e-14,3.467328929259326e-14,2.1859745107235302e-14,1.312154594374375e-14,8.29360132475268e-15,4.7236727710966444e-15,2.8938266445299795e-15,1.5414646685441816e-15,1.1275605986841877e-15,6.601204345109934e-09,3.797960635209631e-09,2.1732976853769415e-09,1.2088086406447249e-09,6.491933753679805e-10,3.3981871876333165e-10,1.7540004144665303e-10,8.87571112288115e-11,4.399229429762142e-11,2.1242815070494004e-11,9.948752892510462e-12,4.6082046945307294e-12,2.163003497489711e-12,1.0187701761351552e-12,5.055794186969755e-13,2.583463544352275e-13,1.359975929283657e-13,7.960200806604245e-14,3.9930284192044394e-14
0.0,32,32.0,0.0,30.0,0.0,0.0,0.0,0.0,-13.0,0.0,2.0,0.0,0.0,0.0,3.568440804590184e-11,2.8084486088312736e-11,2.1327095063368063e-11,1.569601148411574e-11,1.1136553910797907e-11,7.718686985662487e-12,5.2180741726653245e-12,3.4473009649375674e-12,2.2315951418295214e-12,1.4316878299967496e-12,9.27718312451801e-13,6.0974710422661e-13,4.059158432342726e-13,2.7371502693617064e-13,1.83034243582891e-13,1.2349743978447364e-13,8.134403640248519e-14,5.38206931654217e-14,3.36102811455225e-14,2.123581310418949e-14,1.2767963687953844e-14,8.092051189403509e-15,4.611977793902961e-15,2.833184856668954e-15,1.5095145473613764e-15,1.1094965659517713e-15,6.627714731631069e-09,3.801303249239646e-09,2.165370093817667e-09,1.1988151018590563e-09,6.410467575505786e-10,3.342854189363587e-10,1.7200189845312152e-10,8.682078904359752e-11,4.2950035263837126e-11,2.0703909246659935e-11,9.682851387897712e-12,4.475913261795155e-12,2.09633144159396e-12,9.8438962444483e-13,4.869438378154388e-13,2.483760284585555e-13,1.304820034707251e-13,7.663768174568846e-14,3.836933644373084e-14
0.0,33,33.0,0.0,30.0,0.0,0.0,0.0,0.0,-13.0,0.0,2.0,0.0,0.0,0.0,3.487645605932354e-11,2.7420338934726373e-11,2.0798802748212512e-11,1.5290750752253872e-11,1.0836821149681162e-11,7.502548233910354e-12,5.065268534452576e-12,3.341959943513809e-12,2.1600997254409235e-12,1.3831188609661295e-12,8.946657469080482e-13,5.873303053972171e-13,3.9067600268318e-13,2.634685426452131e-13,1.7628672512121127e-13,1.1911287358077895e-13,7.858372961600127e-14,5.210430230790168e-14,3.258497426666238e-14,2.0632293564732295e-14,1.2425433818667924e-14,7.896117064697414e-15,4.5032731832854484e-15,2.774037364476201e-15,1.478398763824264e-15,1.0916430441988902e-15,6.65361284505035e-09,3.803136270770869e-09,2.1562189426610484e-09,1.1880799627952008e-09,6.325121583659451e-10,3.2857036739377953e-10,1.6852638246223044e-10,8.485508100790924e-11,4.18991800807382e-11,2.0164132036803058e-11,9.418532057934448e-12,4.345608963245944e-12,2.0312724092251264e-12,9.511859282406121e-13,4.690575865144224e-13,2.3885990448544205e-13,1.252215259686539e-13,7.380620052273993e-14,3.6879770696902834e-14
0.0,34,34.0,0.0,30.0,0.0,0.0,0.0,0.0,-13.0,0.0,2.0,0.0,0.0,0.0,3.406011148452091e-11,2.675154378492449e-11,2.0268727350024992e-11,1.488573333154734e-11,1.0538607239712434e-11,7.288548764464746e-12,4.914798797585714e-12,3.2388507427859334e-12,2.0905689095568302e-12,1.3361681858542847e-12,8.628791758777683e-13,5.658481667513942e-13,3.760973212161528e-13,2.536680857778416e-13,1.6982915169847456e-13,1.149077862711143e-13,7.593267943211921e-14,5.0451015448578606e-14,3.1595883833667796e-14,2.00484216137177e-14,1.2093575417772303e-14,7.705614355659828e-15,4.397471219599536e-15,2.716339044383201e-15,1.4480936538532853e-15,1.0739841630229262e-15,6.6786788729301935e-09,3.80331690285819e-09,2.145782634373812e-09,1.1765825817645272e-09,6.235863698347005e-10,3.2267599478927616e-10,1.6497653725056114e-10,8.286208991595896e-11,4.084085871909992e-11,1.9623962620087828e-11,9.155904167408403e-12,4.217257433116443e-12,1.967751798024452e-12,9.190945377258638e-13,4.5187657915988235e-13,2.2977148153026644e-13,1.2020209332486178e-13,7.110011613021934e-14,3.5458158137515986e-14
0.0,35,35.0,0.0,30.0,0.0,0.0,0.0,0.0,-13.0,0.0,2.0,0.0,0.0,0.0,3.3235993006743396e-11,2.6078610314619876e-11,1.9737248459967524e-11,1.448120665790935e-11,1.0242038173613117e-11,7.0767190588323115e-12,4.7666303721568155e-12,3.1379004333670196e-12,2.022916670624587e-12,1.2907537748643968e-12,8.322906661641542e-13,5.452493349803786e-13,3.6214410002788635e-13,2.4429031105287386e-13,1.6364707809769193e-13,1.1087362082784888e-13,7.338602088293522e-14,4.885814749191551e-14,3.064159304157715e-14,1.948346497043063e-14,1.1772022830939499e-14,7.52036507681337e-15,4.294487551863868e-15,2.660046069139879e-15,1.4185764754786389e-15,1.0565046133915296e-15,6.702674543455067e-09,3.801697172653575e-09,2.133998730399999e-09,1.1643026508110663e-09,6.142667482003266e-10,3.166051048045404e-10,1.6135558753559647e-10,8.084399877152268e-11,3.977623751532662e-11,1.9083904091855947e-11,8.895096014120459e-12,4.090839783581308e-12,1.9057061087978705e-12,8.88057769736522e-13,4.3536065095828025e-13,2.2108623794906281e-13,1.1541060760285493e-13,6.851242963115767e-14,3.4101265237594025e-14
0.0,36,36.0,0.0,30.0,0.0,0.0,0.0,0.0,-13.0,0.0,2.0,0.0,0.0,0.0,3.240476567386984e-11,2.5402084990151742e-11,1.9204774853889036e-11,1.4077441759511575e-11,9.94725952341977e-12,6.86710655532502e-12,4.6207435334065505e-12,3.039048889242913e-12,1.9570675085412263e-12,1.2468017173717403e-12,8.028381209454755e-13,5.254863581412321e-13,3.487831058864906e-13,2.353133503345244e-13,1.5772690076358225e-13,1.0700228754532773e-13,7.093913671073332e-14,4.7323142713915695e-14,2.972074938673891e-14,1.893672237159085e-14,1.1460424906811948e-14,7.340197583346996e-15,4.194241038870075e-15,2.605115864435205e-15,1.3898253529066734e-15,1.0391896381672687e-15,6.725342689443528e-09,3.798124001696253e-09,2.120804066620111e-09,1.1512203626526905e-09,6.045513280187693e-10,3.103609243938983e-10,1.576669560907871e-10,7.880307434042915e-11,3.87065171286954e-11,1.8544479883675054e-11,8.636251701601346e-12,3.9663503202581146e-12,1.8450815686229603e-12,8.580240587452287e-13,4.194731993142464e-13,2.1278146682724824e-13,1.1083486977715692e-13,6.6036562392816e-14,3.28060443020858e-14
0.0,37,37.0,0.0,30.0,0.0,0.0,0.0,0.0,-13.0,0.0,2.0,0.0,0.0,0.0,3.156714043954934e-11,2.4722549677423935e-11,1.867174247391003e-11,1.3674730887272226e-11,9.654433994519118e-12,6.659773346070564e-12,4.4771314077685745e-12,2.9422471604974295e-12,1.8929552304811416e-12,1.2042453741513484e-12,7.744647313969181e-13,5.065153562783004e-13,3.359833831776798e-13,2.2671671006353894e-13,1.5205580264296642e-13,1.032861358419105e-13,6.858764269650687e-14,4.5843567854471374e-14,2.8832061191457656e-14,1.8407522087865046e-14,1.1158444280727654e-14,7.164946316889423e-15,4.0966536005784916e-15,2.5515070658734095e-15,1.3618192242306851e-15,1.022025026034876e-15,6.746406829594712e-09,3.792439270300074e-09,2.106134893845235e-09,1.137316597598338e-09,5.944389400563079e-10,3.039471534190385e-10,1.539142801169251e-10,7.674167035800993e-11,3.763293063208485e-11,1.8006230580165714e-11,8.37952829936008e-12,3.843794519255855e-12,1.7858329022362468e-12,8.289472788653866e-13,4.041808566387867e-13,2.0483612421007528e-13,1.0646351445154921e-13,6.366632909394006e-14,3.1569624504428804e-14
0.0,38,38.0,0.0,30.0,0.0,0.0,0.0,0.0,-13.0,0.0,2.0,0.0,0.0,0.0,3.0723873829071384e-11,2.4040620409054508e-11,1.8138612596250628e-11,1.3273385364203527e-11,9.363739217756235e-12,6.454794111026232e-12,4.335798169749888e-12,2.8474560158884418e-12,1.8305218572037173e-12,1.1630246099694825e-12,7.47118476648441e-13,4.882957191586268e-13,3.237160802000993e-13,2.1848117606898515e-13,1.4662170178032793e-13,9.971792798333288e-14,6.632737396347452e-14,4.44171056695944e-14,2.797429434985559e-14,1.7895220527231864e-14,1.0865756699652078e-14,6.994451565114662e-15,4.001650079175874e-15,2.4991794765557704e-15,1.3345377926993079e-15,1.0049971093244153e-15,6.7655707545915485e-09,3.7844798796347175e-09,2.0899270520298838e-09,1.1225731327279853e-09,5.839293331188375e-10,2.9736801374241847e-10,1.501014268230279e-10,7.466223026223415e-11,3.6556741613806705e-11,1.7469711042637067e-11,8.125093330276177e-12,3.723187230128688e-12,1.7279222347527315e-12,8.007861299089662e-13,3.89453192032392e-13,1.9723068921689089e-13,1.0228594915708088e-13,6.139591262731899e-14,3.038930303644626e-14
0.0,39,39.0,0.0,30.0,0.0,0.0,0.0,0.0,-13.0,0.0,2.0,0.0,0.0,0.0,2.987576766451679e-11,2.335694624778037e-11,1.7605870126080105e-11,1.287373360145188e-11,9.075365734781209e-12,6.252254252392639e-12,4.196757420711324e-12,2.7546446344470483e-12,1.7697166382689911e-12,1.123085098535786e-12,7.207516677563447e-13,4.707898289505174e-13,3.1195428862349257e-13,2.1058872520859947e-13,1.41413203371106e-13,9.629081457430045e-14,6.415437217446611e-14,4.304154890912829e-14,2.714626927682551e-14,1.739920091875642e-14,1.0582050384929417e-14,6.8285592342913765e-15,3.9091581089283365e-15,2.4480940251068922e-15,1.307961481331843e-15,9.880927654108389e-16,6.782518103986938e-09,3.774077818137574e-09,2.07211618769173e-09,1.1069728752979528e-09,5.730232998495058e-10,2.906282978044507e-10,1.4623250813627673e-10,7.256728933001176e-11,3.547924218919782e-11,1.6935487765509998e-11,7.873122533907657e-12,3.60455107370155e-12,1.6713181108204123e-12,7.735035812426105e-13,3.752624394404031e-13,1.899470351547757e-13,9.829229787646253e-14,5.921984077569e-14,2.926253602468289e-14
0.0,40,40.0,0.0,30.0,0.0,0.0,0.0,0.0,-13.0,0.0,2.0,0.0,0.0,0.0,2.9023668789737534e-11,2.2672208189474278e-11,1.7074021967193265e-11,1.2476119236370972e-11,8.78951513862454e-12,6.052248198251798e-12,4.060030724581567e-12,2.6637894279075285e-12,1.7104951641589172e-12,1.0843776926674859e-12,6.953205317547208e-13,4.539628058445177e-13,3.0067289510533874e-13,2.0302244333455275e-13,1.364195550069751e-13,9.299831168218731e-14,6.206487355024528e-14,4.171479468909596e-14,2.634685804425289e-14,1.6918872071409033e-14,1.0307025430183951e-14,6.6671206340884105e-15,3.819107994225943e-15,2.3982127243267517e-15,1.282071390831171e-15,9.712994220554271e-16,6.796911919068568e-09,3.761060242585029e-09,2.0526380246861737e-09,1.0905001219878983e-09,5.617228064717047e-10,2.8373341665732054e-10,1.423118944187589e-10,7.045947609830808e-11,3.440175083889473e-11,1.640413640470898e-11,7.623797862116857e-12,3.487915007778117e-12,1.6159946171723772e-12,7.470663678270259e-13,3.6158325005046445e-13,1.8296831081625532e-13,9.447334846944595e-14,5.713296455243433e-14,2.8186928912998116e-14
0.0,41,41.0,0.0,30.0,0.0,0.0,0.0,0.0,-13.0,0.0,2.0,0.0,0.0,0.0,2.816846873794712e-11,2.198711805293866e-11,1.6543595420225125e-11,1.208089935438317e-11,8.506398337351801e-12,5.854877848888579e-12,3.9256462789931314e-12,2.57487297810851e-12,1.652818564705983e-12,1.0468578533010357e-12,6.707848322086654e-13,4.377822747705458e-13,2.8984844413792926e-13,1.9576644912543634e-13,1.3163060487594368e-13,8.983427947033008e-14,6.005529764239393e-14,4.0434839229728896e-14,2.5574981689676734e-14,1.645366720290678e-14,1.0040393231618982e-14,6.5099922738941325e-15,3.73143259519781e-15,2.3494986304711175e-15,1.2568492605987981e-15,9.54605066487293e-16,6.8083941575389104e-09,3.745249588454257e-09,2.0314286989442697e-09,1.0731408452532285e-09,5.500311264167305e-10,2.7668944736272366e-10,1.3834422702002964e-10,6.834151295458886e-11,3.332561000677357e-11,1.5876239428026606e-11,7.377305669834481e-12,3.3733130372927267e-12,1.5619305972125239e-12,7.214445334065811e-13,3.4839246685060813e-13,1.7627883120627809e-13,9.082050370100768e-14,5.513043810811751e-14,2.716022608649936e-14
0.0,42,42.0,0.0,30.0,0.0,0.0,0.0,0.0,-13.0,0.0,2.0,0.0,0.0,0.0,2.731110328552585e-11,2.1302417306294647e-11,1.6015136568197672e-11,1.1688442761897717e-11,8.226233913681726e-12,5.6602511431983395e-12,3.793637703341034e-12,2.487883075568013e-12,1.5966527844737152e-12,1.0104851316995174e-12,6.47107523013832e-13,4.22218151505038e-13,2.794590112644752e-13,1.8880582336007106e-13,1.2703676270449522e-13,8.679290223188356e-14,5.812223680104192e-14,3.919977293285406e-14,2.4829607684054857e-14,1.6003042834248695e-14,9.7818759483932e-15,6.357035669906671e-15,3.646067220302906e-15,2.30191580321106e-15,1.2322774326363355e-15,9.379982585166882e-16,6.81658515830842e-09,3.726463729034625e-09,2.008425167998514e-09,1.0548830077069856e-09,5.379529777508904e-10,2.6950317957689743e-10,1.3433442944069819e-10,6.621621578416368e-11,3.225218340489436e-11,1.5352383846243445e-11,7.133835069174885e-12,3.2607830486116156e-12,1.5091089477837701e-12,6.966110163476935e-13,3.3566891940785406e-13,1.6986397700971084e-13,8.732573559601229e-14,5.3207700115339327e-14,2.6180299606267893e-14
0.0,43,43.0,0.0,30.0,0.0,0.0,0.0,0.0,-13.0,0.0,2.0,0.0,0.0,0.0,2.645255183541104e-11,2.061887578162202e-11,1.548920861272413e-11,1.129912828234109e-11,7.949246557789037e-12,5.4684807259387096e-12,3.664042927917436e-12,2.4028118472752883e-12,1.541967926831868e-12,9.752226998523682e-13,6.242544324808519e-13,4.072424465922227e-13,2.6948408586743675e-13,1.8212654324092087e-13,1.2262896325201215e-13,8.386866972710868e-14,5.6262446282779554e-14,3.8007775773513815e-14,2.410974754587757e-14,1.5566477746161793e-14,9.531205990947965e-15,6.208117162272195e-15,3.5629495253639766e-15,2.2554292664349555e-15,1.2083388180892608e-15,9.214681478369058e-16,6.8210830494454725e-09,3.704516207968237e-09,1.9835657060657476e-09,1.035716905149874e-09,5.254946642918102e-10,2.6218216103971963e-10,1.3028771682586852e-10,6.40864925662149e-11,3.118285298554824e-11,1.4833158990748153e-11,6.893576419751106e-12,3.1503657505101035e-12,1.4575159895958955e-12,6.725412740936794e-13,3.233932370562922e-13,1.6371010216639635e-13,8.398154286830866e-14,5.1360456552119495e-14,2.524513704545836e-14
0.0,44,44.0,0.0,30.0,0.0,0.0,0.0,0.0,-13.0,0.0,2.0,0.0,0.0,0.0,2.559383657250028e-11,1.993729023082085e-11,1.4966390128365226e-11,1.0913343051516952e-11,7.675665554244055e-12,5.279682699441546e-12,3.5369031706444468e-12,2.3196549634016303e-12,1.4887376594359783e-12,9.410369246545714e-13,6.021939750083472e-13,3.9282908562178265e-13,2.599044627898926e-13,1.7571542140122338e-13,1.1839863218816988e-13,8.105635973780405e-14,5.447283494858251e-14,3.685711298198858e-14,2.3414454590068693e-14,1.5143471994643068e-14,9.28812553552523e-15,6.063107741435069e-15,3.4820194184530823e-15,2.2100049699235147e-15,1.1850168661453906e-15,9.050044961634417e-16,6.821463099804362e-09,3.679216575332862e-09,1.9567904951255185e-09,1.015635538614626e-09,5.126642202596022e-10,2.5473474155247225e-10,1.262096034512214e-10,6.195534081633846e-11,3.0119015551754124e-11,1.4319154308819842e-11,6.656719932075633e-12,3.0421037068947013e-12,1.4071409039764789e-12,6.492129426344092e-13,3.1154767880514986e-13,1.5780444898295454e-13,8.078091118875922e-14,4.958466480900279e-14,2.4352828552205537e-14
0.0,45,45.0,0.0,30.0,0.0,0.0,0.0,0.0,-13.0,0.0,2.0,0.0,0.0,0.0,2.473602133220658e-11,1.9258482676734653e-11,1.4447273206590227e-11,1.0531480792137706e-11,7.405723307245178e-12,5.09397544584114e-12,3.4122619900684877e-12,2.238410914141053e-12,1.4369386746638886e-12,9.078969819858136e-13,5.808968878874869e-13,3.7895374451136887e-13,2.507021421012914e-13,1.6956004924945738e-13,1.1433765420316337e-13,7.835102176440506e-14,5.275045650654001e-14,3.574613099312589e-14,2.2742821799964908e-14,1.4733545983047757e-14,9.052386063222234e-15,5.921882882900196e-15,3.4032189701918035e-15,2.1656097522478455e-15,1.1622955348659368e-15,8.885977050500821e-16,6.817277025450787e-09,3.6503708628109307e-09,1.9280423218534337e-09,9.946350156020791e-10,4.994715582200424e-10,2.4717011486965767e-10,1.221059078128116e-10,5.982584378174734e-11,2.9062078987096427e-11,1.3810957151844658e-11,6.423454364614178e-12,2.9360404486571683e-12,1.3579752296072695e-12,6.266055277598094e-13,3.001159783920285e-13,1.5213507026537408e-13,7.771727607518047e-14,4.787651905255511e-14,2.3501553406986302e-14
0.0,46,46.0,0.0,30.0,0.0,0.0,0.0,0.0,-13.0,0.0,2.0,0.0,0.0,0.0,2.3880210122033262e-11,1.8583298514634195e-11,1.3932461464624758e-11,1.015394005050488e-11,7.139653891043269e-12,4.91147850797806e-12,3.2901644052520237e-12,2.159080349267953e-12,1.386550199282625e-12,8.757745072930577e-13,5.603359910009184e-13,3.6559369854426065e-13,2.4186023636838353e-13,1.63648744321215e-13,1.104383432181701e-13,7.57479618010146e-14,5.109250125722372e-14,3.467325364009896e-14,2.2093979811149022e-14,1.4336239589118428e-14,8.823747922307892e-15,5.784322389350906e-15,3.326492328854063e-15,2.122211305040696e-15,1.1401592634072984e-15,8.72238850688593e-16,6.808052275999953e-09,3.6177822386788262e-09,1.897267389503535e-09,9.72714980558284e-10,4.859286199154727e-10,2.3949835774590066e-10,1.1798275488798936e-10,5.770116530565004e-11,2.8013458093487776e-11,1.3309150534822408e-11,6.193965798536946e-12,2.832219654158489e-12,1.3100124137587994e-12,6.047001252070739e-13,2.890832030133255e-13,1.4669075801503448e-13,7.478448820254946e-14,4.6232436779125566e-14,2.2689566474561257e-14
0.0,47,47.0,0.0,30.0,0.0,0.0,0.0,0.0,-13.0,0.0,2.0,0.0,0.0,0.0,2.3027545235135374e-11,1.791260432041315e-11,1.3422567898196573e-11,9.78112238100109e-12,6.877691614810918e-12,4.732311518989946e-12,3.1706560750486004e-12,2.0816654742735066e-12,1.337553548236653e-12,8.44643279717988e-13,5.404859673791653e-13,3.5272768400237914e-13,2.3336288483300045e-13,1.5797050131925412e-13,1.066934145808159e-13,7.324272813518391e-14,4.949628830340242e-14,3.36369785695407e-14,2.146709499581769e-14,1.3951111346369408e-14,8.601979912945985e-15,5.650310239240069e-15,3.2517856397833345e-15,2.079778139130554e-15,1.1185929451890323e-15,8.559197277942924e-16,6.7932913434916175e-09,3.5812518880752088e-09,1.864416252976399e-09,9.498790745491712e-10,4.720495293116257e-10,2.3173046517393857e-10,1.1384657510367042e-10,5.558454328931947e-11,2.6974570031100217e-11,1.2814310847892952e-11,5.96843647762618e-12,2.7306843897598412e-12,1.263247413209487e-12,5.834791671170817e-13,2.7843562437691527e-13,1.4146097828491346e-13,7.197678094404096e-14,4.464904649655842e-14,2.1915185060974977e-14
0.0,48,48.0,0.0,30.0,0.0,0.0,0.0,0.0,-13.0,0.0,2.0,0.0,0.0,0.0,2.2179204894631534e-11,1.7247285323453038e-11,1.2918212560802437e-11,9.413430466329167e-12,6.620069593243496e-12,4.556593172278323e-12,3.0537825310059837e-12,2.0061694981106414e-12,1.2899317179563944e-12,8.144789372008339e-13,5.213231627635376e-13,3.4033577132027465e-13,2.251951739349551e-13,1.5251494652809623e-13,1.0309595914648372e-13,7.083109812975883e-14,4.7959258188558317e-14,3.263587385438157e-14,2.0861367635949185e-14,1.3577737679595153e-14,8.386858893443626e-15,5.5197344403820046e-15,3.1790469684864497e-15,2.0382795528638938e-15,1.0975819010550402e-15,8.3963290510969295e-16,6.772471157356968e-09,3.540580168085774e-09,1.8294448844794476e-09,9.26135423978176e-10,4.5785074678360446e-10,2.2387838063291614e-10,1.0970409953272118e-10,5.347928169286912e-11,2.594682935826709e-11,1.2327005502640888e-11,5.747043704282911e-12,2.631476403539668e-12,1.2176763405492986e-12,5.629261925010801e-13,2.6816060082509967e-13,1.364358118451354e-13,6.92887399630765e-14,4.312317647204731e-14,2.1176776747998662e-14
0.0,49,49.0,0.0,30.0,0.0,0.0,0.0,0.0,-13.0,0.0,2.0,0.0,0.0,0.0,2.133640036818226e-11,1.658824250417486e-11,1.2420020055537764e-11,9.051266163338356e-12,6.367018315979368e-12,4.384440225125628e-12,2.9395884598233913e-12,1.932596128647122e-12,1.2436690150085162e-12,7.852587203470337e-13,5.028254025026419e-13,3.2839924876505763e-13,2.1734306365027614e-13,1.472722952929662e-13,9.963941916212085e-14,6.850906595490882e-14,4.6478965931677304e-14,3.166857478002406e-14,2.02760301733099e-14,1.3215712195639327e-14,8.178169407800797e-15,5.392486887393612e-15,3.1082262268614048e-15,1.997685603328915e-15,1.0771118516981128e-15,8.233717961493535e-16,6.745042653057113e-09,3.4955680905298556e-09,1.7923158765083808e-09,9.014971579733975e-10,4.433512227939911e-10,2.159550199497753e-10,1.0556235084206354e-10,5.138874102744696e-11,2.4931642670868766e-11,1.184779049802996e-11,5.529958786144635e-12,2.534635466841171e-12,1.173296151918294e-12,5.430256396951303e-13,2.5824646938602517e-13,1.3160590035660167e-13,6.671527468587499e-14,4.165184448571472e-14,2.0472748779577925e-14
0.0,50,50.0,0.0,30.0,0.0,0.0,0.0,0.0,-13.0,0.0,2.0,0.0,0.0,0.0,2.050037249424194e-11,1.5936389278897584e-11,1.1928616828703121e-11,8.695028465912755e-12,6.118764210601602e-12,4.215966530801948e-12,2.828117032885353e-12,1.860949112880534e-12,1.198750716252146e-12,7.569612431541903e-13,4.849718242776403e-13,3.1690051572082576e-13,2.0979331914098481e-13,1.42233312252994e-13,9.631756588400387e-14,6.627283124857865e-14,4.5053074427840665e-14,3.0733780778338744e-14,1.971034552374929e-14,1.2864645030921858e-14,7.975703334376411e-15,5.268463221335715e-15,3.039275101841947e-15,1.957967081019189e-15,1.057168888317137e-15,8.071307493224202e-16,6.710430628547942e-09,3.446019188005602e-09,1.752999788451503e-09,8.759829536182779e-10,4.2857254866370677e-10,2.0797428717578124e-10,1.0142862953780803e-10,4.93163273009425e-11,2.393040284109569e-11,1.1377207893331405e-11,5.317346031450359e-12,2.440198759568654e-12,1.130104372456427e-12,5.23762659061842e-13,2.486824467141886e-13,1.2696239779417466e-13,6.425159148802625e-14,4.023224853098438e-14,1.980153949854431e-14
0.0,51,51.0,0.0,30.0,0.0,0.0,0.0,0.0,-13.0,0.0,2.0,0.0,0.0,0.0,1.9672387564465168e-11,1.5292647737785074e-11,1.1444628257240848e-11,8.345111377885434e-12,5.87552819565269e-12,4.051282095609034e-12,2.7194092818773008e-12,1.7912318197942104e-12,1.1551627569585827e-12,7.295662889731012e-13,4.677427253173554e-13,3.0582298472628207e-13,2.0253344723453656e-13,1.3738927401893688e-13,9.312447887466941e-14,6.41187886928573e-14,4.367934818673166e-14,2.983025248343978e-14,1.9163605443018694e-14,1.2524162258248244e-14,7.779259555903021e-15,5.147562689987235e-15,2.9721469858920768e-15,1.919095488797261e-15,1.0377394404107822e-15,7.90905162579664e-16,6.668034031152169e-09,3.3917418209750933e-09,1.7114766429705465e-09,8.496176073521507e-10,4.1353910110157185e-10,1.999510807120829e-10,9.731049509107593e-11,4.726547938484511e-11,2.294448285564037e-11,1.091578317878419e-11,5.109361794863805e-12,2.3482002961720535e-12,1.0880988558415252e-12,5.051229444916068e-13,2.3945853798027713e-13,1.2249692689951642e-13,6.189316843245213e-14,3.886175840516207e-14,1.916161217478987e-14
0.0,52,52.0,0.0,30.0,0.0,0.0,0.0,0.0,-13.0,0.0,2.0,0.0,0.0,0.0,1.8853732510954195e-11,1.46579444054503e-11,1.0968675524584858e-11,8.0019016904904e-12,5.6375242218936185e-12,3.890492158991375e-12,2.613503520795882e-12,1.7234468644001315e-12,1.1128914436219396e-12,7.03054630309776e-13,4.5111942292394445e-13,2.9515099148099297e-13,1.9555163727266366e-13,1.3273193398990563e-13,9.005452693606539e-14,6.20435185003964e-14,4.235564738264935e-14,2.8956808882598366e-14,1.863512893144175e-14,1.2193905355784075e-14,7.5886436511726e-15,5.029688007007373e-15,2.906796908596709e-15,1.8810430258460606e-15,1.0188102396417631e-15,7.746916279671968e-16,6.617226846993901e-09,3.3325519858580453e-09,1.6677375783415875e-09,8.224326294405805e-10,3.982781760635533e-10,1.919012877984431e-10,9.321574157883337e-11,4.5239654770892016e-11,2.1975229254755547e-11,1.046402253911719e-11,4.906153578739874e-12,2.258670390035569e-12,1.0472775743359367e-12,4.870925825749175e-13,2.3056545285873246e-13,1.1820154047196913e-13,5.963573139965215e-14,3.753790813520803e-14,1.8551451334738188e-14
0.0,53,53.0,0.0,30.0,0.0,0.0,0.0,0.0,-13.0,0.0,2.0,0.0,0.0,0.0,1.8045709352173903e-11,1.4033205498257096e-11,1.0501372281825397e-11,7.665776660734372e-12,5.404957802109458e-12,3.733696296606927e-12,2.5104348157237072e-12,1.6575957720008145e-12,1.0719231884754174e-12,6.774078712659215e-13,4.3508412728348414e-13,2.8486971209842427e-13,1.888367058885456e-13,1.2825348901238532e-13,8.710235064460029e-14,6.00437778089315e-14,4.107992219221801e-14,2.8112324536781032e-14,1.8124260664968267e-14,1.1873530741001496e-14,7.403667608723064e-15,4.9147452082771725e-15,2.8431814686827355e-15,1.8437825773816753e-15,1.0003682785578665e-15,7.584881117129521e-16,6.5573597953929184e-09,3.2682766867976097e-09,1.6217866628568153e-09,7.944668562234392e-10,3.828201063066587e-10,1.8384176542002304e-10,8.915236752939156e-11,4.324231368260431e-11,2.1023955178204322e-11,1.0022410010625632e-11,4.707859197546836e-12,2.1716351545415583e-12,1.0076384357823989e-12,4.696579186564476e-13,2.2199452782815413e-13,1.140686873311603e-13,5.747523145276764e-14,3.6258389193195445e-14,1.796956142521462e-14
0.0,54,54.0,0.0,30.0,0.0,0.0,0.0,0.0,-13.0,0.0,2.0,0.0,0.0,0.0,1.7249628857225092e-11,1.341935165770535e-11,1.0043321093476423e-11,7.337101589562896e-12,5.1780245322144936e-12,3.5809875480466573e-12,2.410234504459389e-12,1.5936786819883625e-12,1.0322442630709983e-12,6.526083115525649e-13,4.196198256805791e-13,2.7496508694938214e-13,1.8237804529983277e-13,1.2394654760545273e-13,8.426284645828882e-14,5.811649298023136e-14,3.9850207396812133e-14,2.729572684659163e-14,1.763036944172039e-14,1.156270937238795e-14,7.224149562951721e-15,4.802643503918446e-15,2.78125876605976e-15,1.8072877109450355e-15,9.824007633435096e-16,7.422941747128295e-16,6.487763061572499e-09,3.198757937520654e-09,1.5736428766541987e-09,7.65767071734498e-10,3.671983557603155e-10,1.7579030569238402e-10,8.512853971376876e-11,4.127690150059033e-11,2.0091933034040963e-11,9.591404538978922e-12,4.5146060149552764e-12,2.087116039513126e-12,9.691791240337436e-13,4.528054393448935e-13,2.137376540388113e-13,1.1009118279583999e-13,5.5407823283728625e-14,3.502104445854547e-14,1.741446736355188e-14
0.0,55,55.0,0.0,30.0,0.0,0.0,0.0,0.0,-13.0,0.0,2.0,0.0,0.0,0.0,1.6466803394555205e-11,1.2817292145788108e-11,9.595109670030786e-12,7.016227302120338e-12,4.956908609314769e-12,3.432451572631057e-12,2.3129297684026245e-12,1.5316940905822059e-12,9.93840568722142e-13,6.286388310924026e-13,4.047101773621387e-13,2.6542375049917935e-13,1.7616557473720871e-13,1.1980409950756207e-13,8.153115236516681e-14,5.62587527937328e-14,3.866461722992141e-14,2.6505993343919636e-14,1.7152846634885e-14,1.1261126420518064e-14,7.049913552689315e-15,4.693295124757881e-15,2.7209883331900486e-15,1.7715326795449151e-15,9.648950598504005e-16,7.261112372608403e-16,6.407750333617622e-09,3.123857464884616e-09,1.5233422641357697e-09,7.36388626160964e-10,3.514495826563008e-10,1.6776558384899346e-10,8.115255066350457e-11,3.934682945490491e-11,1.918038682326501e-11,9.171436951903806e-12,4.326510263725782e-12,2.0051294021442626e-12,9.318969594209383e-13,4.3652167141645133e-13,2.0578721001324825e-13,1.0626218353898313e-13,5.3429844597244574e-14,3.382386289713247e-14,1.6884716303912873e-14
0.0,56,56.0,0.0,30.0,0.0,0.0,0.0,0.0,-13.0,0.0,2.0,0.0,0.0,0.0,1.5698538938159633e-11,1.2227918496369803e-11,9.15730689354998e-12,6.7034875370103405e-12,4.741781355729268e-12,3.288165838257988e-12,2.218543258968119e-12,1.4716386318150261e-12,9.566974221713677e-13,6.054827942398542e-13,3.903394184002833e-13,2.5623296660701097e-13,1.7018969467747677e-13,1.1581948634625083e-13,7.890263503437342e-14,5.4467802511328417e-14,3.752134045106275e-14,2.574214899453705e-14,1.669110464610962e-14,1.0968481008643794e-14,6.8807893019331065e-15,4.586615162375869e-15,2.66233106556314e-15,1.736492431928493e-15,9.478386325968726e-16,7.09942889454484e-16,6.316624445885177e-09,3.0434621920916802e-09,1.4709402553657734e-09,7.06396033496899e-10,3.356136623390632e-10,1.59787087059924e-10,7.723276971850086e-11,3.7455453538373543e-11,1.8290484178909244e-11,8.762906867518577e-12,4.143676457712075e-12,1.9256861121259114e-12,8.957887760685628e-13,4.2079309740106727e-13,1.9813599841076901e-13,1.0257516668272901e-13,5.153779629614065e-14,3.266497493390427e-14,1.6378879852338708e-14
0.0,57,57.0,0.0,30.0,0.0,0.0,0.0,0.0,-13.0,0.0,2.0,0.0,0.0,0.0,1.4946126213642406e-11,1.1652097639131434e-11,8.730458659014475e-12,6.399196258188514e-12,4.5327997587099704e-12,3.148198846986939e-12,2.1270927804347563e-12,1.4135068967121123e-12,9.207993556384198e-13,5.831239723703977e-13,3.7649227587135717e-13,2.4738056887790636e-13,1.6444124366937954e-13,1.119863732832286e-13,7.637287840102356e-14,5.274103876918152e-14,3.641863563517884e-14,2.500326350512409e-14,1.6244575355904406e-14,1.0684486020449788e-14,6.716612021743867e-15,4.4825214027089916e-15,2.6052491514044186e-15,1.7021426300334773e-15,9.312189767433303e-16,6.937952456166947e-16,6.213684974284399e-09,2.957490586007469e-09,1.416514146223131e-09,6.75863524803817e-10,3.1973365991008956e-10,1.5187502242816355e-10,7.337758741840219e-11,3.5606051607930125e-11,1.7423328211731775e-11,8.366179564507004e-12,3.9661969031125825e-12,1.8487911916457e-12,8.608508131331016e-13,4.0560608844248405e-13,1.9077718602830987e-13,9.902391301139588e-14,4.972832335237722e-14,3.154264850598606e-14,1.589555604801713e-14
0.0,58,58.0,0.0,30.0,0.0,0.0,0.0,0.0,-13.0,0.0,2.0,0.0,0.0,0.0,1.4210830974144777e-11,1.1090664464707035e-11,8.31508350635401e-12,6.103644904001064e-12,4.3301050539892655e-12,3.0126094150079087e-12,2.038591029897531e-12,1.3572912859301583e-12,8.861299304679612e-13,5.615464846267201e-13,3.631538913166255e-13,2.388549054296526e-13,1.589114573041718e-13,1.08298721577094e-13,7.393767368658226e-14,5.107600524475109e-14,3.535482664883268e-14,2.4288448631188012e-14,1.581270857580785e-14,1.0408867971891078e-14,6.557222231657512e-15,4.380934153439724e-15,2.549706000406546e-15,1.668459672652819e-15,9.150235442060292e-16,6.776773394672655e-16,6.098238183157528e-09,2.8658999569887764e-09,1.3601657133110737e-09,6.448755270374683e-10,3.038557423898316e-10,1.4405020261065883e-10,6.959535306264922e-11,3.380179867328571e-11,1.657994929420856e-11,7.981582843609455e-12,3.794151312777319e-12,1.7744434925010365e-12,8.270786173017451e-13,3.9094685526029073e-13,1.8370424612283465e-13,9.560249419448595e-14,4.7998196266468556e-14,3.0455285786752596e-14,1.5433370721253285e-14
0.0,59,59.0,0.0,30.0,0.0,0.0,0.0,0.0,-13.0,0.0,2.0,0.0,0.0,0.0,1.3493883404232225e-11,1.054441394547611e-11,7.911668154437451e-12,5.817099611798302e-12,4.133821354293942e-12,2.8814459950583327e-12,1.953045394778955e-12,1.3029819005151918e-12,8.526715660936238e-13,5.407347540269156e-13,3.503097520797967e-13,2.306447880842664e-13,1.5359192965519253e-13,1.047507620173841e-13,7.159301064395991e-14,4.947038899183608e-14,3.4328298332589255e-14,2.3596855501311267e-14,1.5394970502230122e-14,1.0141366938648683e-14,6.402465598710106e-15,4.281776066637859e-15,2.4956661722287223e-15,1.6354207248959598e-15,8.99239664204193e-16,6.616015495727506e-16,5.969609794744569e-09,2.768694795903139e-09,1.3020239192030294e-09,6.135270311773894e-10,2.880290198850794e-10,1.3633390752446536e-10,6.589430531822972e-11,3.204574043385186e-11,1.576129695304991e-11,7.609403909745795e-12,3.6276065239692374e-12,1.702635415025078e-12,7.944669539373226e-13,3.76801418153206e-13,1.7691090207326385e-13,9.230526394252312e-14,4.63442930423281e-14,2.940142057025783e-14,1.4990978335024457e-14
0.0,60,60.0,0.0,30.0,0.0,0.0,0.0,0.0,-13.0,0.0,2.0,0.0,0.0,0.0,1.2796466687611356e-11,1.0014092806891773e-11,7.520662919074725e-12,5.539798441522038e-12,3.94405435967812e-12,2.7547460631846385e-12,1.8704578084453485e-12,1.2505664648014252e-12,8.204053843777233e-13,5.206734786580594e-13,3.379456307865943e-13,2.2273944541296915e-13,1.4847457678278782e-13,1.0133696925280185e-13,6.933507002268012e-14,4.7922017366112784e-14,3.3337492363017074e-14,2.2927671964268964e-14,1.4990842182666095e-14,9.881736532906682e-15,6.2521927913836666e-15,4.184971957862573e-15,2.4430953050107453e-15,1.6030037520008198e-15,8.838544602021409e-16,6.455840478564673e-16,5.827161171937065e-09,2.665936197588684e-09,1.2422476300391599e-09,5.819238137560553e-10,2.7230530477933674e-10,1.287477196662422e-10,6.228249614896936e-11,3.034076531216669e-11,1.496823202155836e-11,7.2498862862037104e-12,3.4666163262534645e-12,1.6333526792344002e-12,7.630097223666584e-13,3.6315559658853027e-13,1.7039107162863758e-13,8.912685313592248e-14,4.476358160142074e-14,2.837971625877435e-14,1.45670633730599e-14
0.0,61,61.0,0.0,30.0,0.0,0.0,0.0,0.0,-13.0,0.0,2.0,0.0,0.0,0.0,1.2119699708286022e-11,9.500389937150869e-12,7.142479218933435e-12,5.271950478297382e-12,3.7608905177699394e-12,2.6325349270127452e-12,1.7908243438528326e-12,1.2000303294710827e-12,7.893112029014396e-13,5.013476258989867e-13,3.2604748109063265e-13,2.1512846612387163e-13,1.4355161732759213e-13,9.805204392300938e-14,6.716021496417362e-14,4.642885315869661e-14,3.238090343914976e-14,2.2280120403594806e-14,1.45998180725679e-14,9.629743843013065e-15,6.106259314335775e-15,4.090448638559495e-15,2.3919600503811045e-15,1.5711875610534092e-15,8.688547521514937e-16,6.296448994790114e-16,5.670309391490029e-09,2.557752498315481e-09,1.1810282801627817e-09,5.501824301886504e-10,2.5673877998557395e-10,1.2131333683309103e-10,5.876770695961776e-11,2.868957460990303e-11,1.420151954725352e-11,6.903226880475764e-12,3.311221344934753e-12,1.5665741444094995e-12,7.32699880438381e-13,3.4999502197798704e-13,1.641388093223558e-13,8.606216844261684e-14,4.325310271808232e-14,2.7388964636428026e-14,1.4160340456559822e-14
0.0,62,62.0,0.0,30.0,0.0,0.0,0.0,0.0,-13.0,0.0,2.0,0.0,0.0,0.0,1.1464638482137066e-11,9.003930049352072e-12,6.777479026060691e-12,5.013727996457758e-12,3.5843949788022365e-12,2.5148270628999006e-12,1.7141360980727752e-12,1.1513563261861416e-12,7.593670421833789e-13,4.827424005292085e-13,3.1460153608199117e-13,2.078017966875157e-13,1.3881549829389703e-13,9.489086921923327e-14,6.50649916564964e-14,4.4988998860477803e-14,3.1457075117925203e-14,2.165345394719703e-14,1.4221404331295025e-14,9.385169709049904e-15,5.964525476254057e-15,3.998134688443033e-15,2.3422279870586092e-15,1.5399518287434863e-15,8.542270031587604e-16,6.138095501990795e-16,5.498553049439672e-09,2.4443506895390947e-09,1.1185918631329118e-09,5.184300757947616e-10,2.413856591869874e-10,1.1405231697080124e-10,5.5357346968014474e-11,2.7094659446667125e-11,1.3461823873053374e-11,6.569571917506925e-12,3.1614487954411222e-12,1.502271911768262e-12,7.035294000567268e-13,3.37305136193857e-13,1.5814824131200362e-13,8.310640038243201e-14,4.1809955003774576e-14,2.6428083638891712e-14,1.3769628679860553e-14
0.0,63,63.0,0.0,30.0,0.0,0.0,0.0,0.0,-13.0,0.0,2.0,0.0,0.0,0.0,1.083225014943942e-11,8.525262391296416e-12,6.425975664849407e-12,4.765268470890658e-12,3.414611549703345e-12,2.4016241247337173e-12,1.6403784475770883e-12,1.1045249052372852e-12,7.305493489404446e-13,4.648432757577132e-13,3.035941428595898e-13,2.0074967138017973e-13,1.3425890173749032e-13,9.184850465457957e-14,6.304611958374075e-14,4.3600689257556e-14,3.0564596565192885e-14,2.1046954982545422e-14,1.3855117520059987e-14,9.147808621056456e-15,5.8268562000810405e-15,3.907960306758451e-15,2.2938675658728276e-15,1.5092771555744014e-15,8.399571996993277e-16,5.981084094216707e-16,5.311503322611685e-09,2.326028938321631e-09,1.0552006851716452e-09,4.868040827630732e-10,2.2630369889780404e-10,1.0698581050469154e-10,5.205835067731934e-11,2.555827394801052e-11,1.2749704266556314e-11,6.249013499707815e-12,3.0173123845271916e-12,1.440411440206429e-12,6.754892044327271e-13,3.250712275756143e-13,1.52413499611024e-13,8.025503306270693e-14,4.043127970100831e-14,2.5496116276594895e-14,1.3393900723807888e-14
0.0,64,64.0,0.0,30.0,0.0,0.0,0.0,0.0,-13.0,0.0,2.0,0.0,0.0,0.0,1.022340139324485e-11,8.06485216145688e-12,6.0882286909125165e-12,4.526671411181286e-12,3.251561812710749e-12,2.2929149020357858e-12,1.5695313225855735e-12,1.0595141703985047e-12,7.028328524073596e-13,4.4763600533503087e-13,2.930117527856435e-13,1.9396258335879344e-13,1.298747099072142e-13,8.892015999088058e-14,6.110048913141588e-14,4.226229111502066e-14,2.9702099068693026e-14,2.0459932403932236e-14,1.3500483079700926e-14,8.917468892370448e-15,5.693120940057504e-15,3.819857113267304e-15,2.246848037447978e-15,1.479145112371634e-15,8.260307623427467e-16,5.825775039006343e-16,5.108915305311824e-09,2.2031917959877136e-09,9.911579097989206e-10,4.554503013107229e-10,2.115507673566075e-10,1.001345588457487e-10,4.8877183795420146e-11,2.408234635218621e-11,1.2065597515650199e-11,5.941596128924104e-12,2.8788145525685995e-12,1.3809501374397164e-12,6.485687322231276e-13,3.1327877996939467e-13,1.4692871595551641e-13,7.750381417659537e-14,3.911423084198984e-14,2.4592241609968333e-14,1.3031743147473237e-14
0.0,65,65.0,0.0,30.0,0.0,0.0,0.0,0.0,-13.0,0.0,2.0,0.0,0.0,0.0,9.638845359201047e-12,7.623071874326309e-12,5.764439695834554e-12,4.297995902919728e-12,3.0952445490524624e-12,2.1886751866393517e-12,1.501569498770917e-12,1.0162999632393143e-12,6.761904698337175e-13,4.311066488848904e-13,2.8284090492823e-13,1.874312533400746e-13,1.256559757056828e-13,8.610117066533998e-14,5.92251599268935e-14,4.0972302866226523e-14,2.886825272957391e-14,1.9891718879663163e-14,1.3157033785316642e-14,8.693972881527585e-15,5.563193609786155e-15,3.733757940666145e-15,2.2011393787537353e-15,1.4495382967838482e-15,8.124324435888225e-16,5.672590798957732e-16,4.89073992341996e-09,2.076361359229092e-09,9.268039561704243e-10,4.24522614827246e-10,1.9718499920673935e-10,9.351824742117424e-11,4.5819615311870944e-11,2.2668520055509712e-11,1.140983167465966e-11,5.647303027169398e-12,2.745944009384631e-12,1.3238395320664338e-12,6.22756223757074e-13,3.0191324290512444e-13,1.416878810694483e-13,7.484882007880101e-14,3.785597719492129e-14,2.3715761738553524e-14,1.2682054480335266e-14
0.0,66,66.0,0.0,30.0,0.0,0.0,0.0,0.0,-13.0,0.0,2.0,0.0,0.0,0.0,9.079207809776628e-12,7.200192915648755e-12,5.454748965922573e-12,4.0792587362592e-12,2.9456354695265683e-12,2.0888676079803005e-12,1.4364629625318028e-12,9.748559957443345e-13,6.505932439141705e-13,4.152416114811567e-13,2.730682076130671e-13,1.8114659553700418e-13,1.2159589634860613e-13,8.33869731720237e-14,5.741736050778483e-14,3.9729354806298146e-14,2.8061763278311384e-14,1.9341667972655587e-14,1.2824308113454641e-14,8.477157307378588e-15,5.436952534150737e-15,3.649596606152919e-15,2.156712214606762e-15,1.4204404057706575e-15,7.991462062381223e-16,5.522022301725726e-16,4.657173798467122e-09,1.9461911027092744e-09,8.625171399991667e-10,3.941807581859248e-10,1.8326350288283274e-10,8.715530728188975e-11,4.28906703383554e-11,2.1318096370343556e-11,1.0782618627592832e-11,5.366058490272555e-12,2.618676911012272e-12,1.2690249875501127e-12,5.980384034055691e-13,2.9096029115830836e-13,1.3668480003517863e-13,7.228645461555524e-14,3.6653680605117234e-14,2.286610769522189e-14,1.23437944068762e-14
0.0,67,67.0,0.0,30.0,0.0,0.0,0.0,0.0,-13.0,0.0,2.0,0.0,0.0,0.0,8.544973781814634e-12,6.796377606151575e-12,5.159232711934637e-12,3.870432826219507e-12,2.8026872247215205e-12,1.9934415596506024e-12,1.3741774444820214e-12,9.351540253962621e-13,6.260102798452693e-13,4.0002769915471724e-13,2.6368032823085507e-13,1.7509968120805214e-13,1.176877863167604e-13,8.077307788716831e-14,5.5674490315941276e-14,3.8532210644930476e-14,2.7281368925529004e-14,1.880915085566781e-14,1.2501848428823796e-14,8.266873725613228e-15,5.314280444576895e-15,3.5673076435150045e-15,2.113537728084588e-15,1.3918363321308685e-15,7.861550733234161e-16,5.374636753297501e-16,4.408720021834235e-09,1.8134772228012559e-09,7.987111916100123e-10,3.6458789188988156e-10,1.6984128307818325e-10,8.106257288156545e-11,4.009454190099799e-11,2.0032004872732138e-11,1.0184054383145035e-11,5.097726651949865e-12,2.496977024323592e-12,1.216446313760721e-12,5.744002711749216e-13,2.8040599053635205e-13,1.3191301669258014e-13,6.981346969188971e-14,3.550448115081009e-14,2.204284063816082e-14,1.2015976047065288e-14
0.0,68,68.0,0.0,30.0,0.0,0.0,0.0,0.0,-13.0,0.0,2.0,0.0,0.0,0.0,8.036475127122746e-12,6.4116719209918586e-12,4.877900969769263e-12,3.671445974339046e-12,2.666329734019299e-12,1.9023332203595384e-12,1.3146751618752672e-12,8.971640749858756e-13,6.024086724791734e-13,3.854521950525835e-13,2.546639922203215e-13,1.6928169721061382e-13,1.1392504818740203e-13,7.825503787243416e-14,5.399412477062472e-14,3.7379770957153434e-14,2.652583716773269e-14,1.8293552403601016e-14,1.2189198894778132e-14,8.062989233354264e-15,5.195064534817052e-15,3.4868259767575255e-15,2.0715875537864304e-15,1.3637122958945827e-15,7.734409363365204e-16,5.231087767268166e-16,4.146256611624425e-09,1.6791668895237165e-09,7.358306868941924e-10,3.3590755886970476e-10,1.5697003851834527e-10,7.525493023976049e-11,3.7434513762672947e-11,1.8810775361426173e-11,9.61412107186187e-12,4.842111089992001e-12,2.3807957700296067e-12,1.1660386044230092e-12,5.518248424702732e-13,2.7023699496924186e-13,1.2736573364707162e-13,6.742698840519904e-14,3.4405482754838105e-14,2.1245653265208913e-14,1.1697642286898513e-14
0.0,69,69.0,0.0,30.0,0.0,0.0,0.0,0.0,-13.0,0.0,2.0,0.0,0.0,0.0,7.553879363140337e-12,6.045999034487654e-12,4.610696268275091e-12,3.482180039615066e-12,2.536470870029415e-12,1.8154656684454225e-12,1.2579158092419336e-12,8.608546976238664e-13,5.797534150143902e-13,3.7150296087093915e-13,2.4600599213548394e-13,1.6368389677401863e-13,1.1030113999262009e-13,7.582841221625765e-14,5.237402418622433e-14,3.6271079064648825e-14,2.579396146608782e-14,1.7794266443739025e-14,1.1885903011479568e-14,7.865387468741894e-15,5.079196594176707e-15,3.4080865160174724e-15,2.0308336480139906e-15,1.3360560217336423e-15,7.609843081111674e-16,5.092128566712373e-16,3.871110981650563e-09,1.5443614312924085e-09,6.743439052263139e-10,3.082999996623965e-10,1.4469686140773128e-10,6.974496422351663e-11,3.4912898979231154e-11,1.765451231314337e-11,9.072690581573737e-12,4.598955571215651e-12,2.270072033375432e-12,1.117733338824121e-12,5.302928289314138e-13,2.6044077471997366e-13,1.2303572784038583e-13,6.512453023722411e-14,3.3353739376421894e-14,2.0474371346941757e-14,1.1387821348643748e-14
0.0,70,70.0,0.0,30.0,0.0,0.0,0.0,0.0,-13.0,0.0,2.0,0.0,0.0,0.0,7.097180329805278e-12,5.699153930827549e-12,4.357493140403915e-12,3.3024706191156715e-12,2.4129975274079758e-12,1.7327490870261781e-12,1.2038578204014576e-12,8.261932811413601e-13,5.580072867330618e-13,3.581685651505646e-13,2.376932076613243e-13,1.5829754036445574e-13,1.068095383945278e-13,7.348872310434924e-14,5.0812146989541205e-14,3.5205329611900393e-14,2.5084557748253503e-14,1.7310690040400814e-14,1.159150073002179e-14,7.673969942402872e-15,4.9665732269977e-15,3.3310236647913388e-15,1.9912481324746796e-15,1.3088569682977021e-15,7.487640127024845e-16,4.958628647024089e-16,3.585136993942434e-09,1.4103118654409082e-09,6.147326255972575e-10,2.8191784982123467e-10,1.3306288193786506e-10,6.454261433866555e-11,3.2530999377163383e-11,1.656287319093253e-11,8.559529496603348e-12,4.367946308470132e-12,2.164731612135897e-12,1.0714597898554649e-12,5.097822535490893e-13,2.510058735302232e-13,1.1891526215029695e-13,6.290403770925337e-14,3.234624195185337e-14,1.972895521839121e-14,1.1085457826098269e-14
0.0,71,71.0,0.0,30.0,0.0,0.0,0.0,0.0,-13.0,0.0,2.0,0.0,0.0,0.0,6.666194145927992e-12,5.370800166818998e-12,4.118097357584877e-12,3.132106457100492e-12,2.2957768467641966e-12,1.6540813883525002e-12,1.1524600494363402e-12,7.931463548156501e-13,5.371306646871161e-13,3.454384222555172e-13,2.2971266396922934e-13,1.5311383505839809e-13,1.0344369148867531e-13,7.123140399401493e-14,4.9306667618483296e-14,3.418188044388009e-14,2.4396460758198095e-14,1.68422167786998e-14,1.1305525187551309e-14,7.488657677525812e-15,4.857096159237453e-15,3.2555707480728527e-15,1.952803114383554e-15,1.2821065969682007e-15,7.367568310985002e-16,4.831595019067239e-16,3.2907881008950923e-09,1.2784034408310095e-09,5.574785969455278e-10,2.5690129463747935e-10,1.2210189634063864e-10,5.965485750069722e-11,3.0289093866528896e-11,1.5535051151172687e-11,8.074304244233722e-12,4.148716459286526e-12,2.064686206838036e-12,1.0271467365514012e-12,4.902679869792733e-13,2.419221972007932e-13,1.149959953835796e-13,6.076390257590378e-14,3.1379906001844596e-14,1.9009501346612955e-14,1.0789298997085709e-14
0.0,72,72.0,0.0,30.0,0.0,0.0,0.0,0.0,-13.0,0.0,2.0,0.0,0.0,0.0,6.260547240430071e-12,5.060467008052477e-12,3.892251008399403e-12,2.9708335351993165e-12,2.1846586300731812e-12,1.5793475385752978e-12,1.1036828732311882e-12,7.616799519236323e-13,5.17081670077069e-13,3.3330293656515493e-13,2.2205149274780882e-13,1.4812384391926264e-13,1.001970070056736e-13,6.90517639463575e-14,4.7855990112951894e-14,3.320025881384965e-14,2.3728520924303907e-14,1.6388231199346523e-14,1.1027499739253687e-14,7.309392623507733e-15,4.750672458275588e-15,3.1816594922426383e-15,1.9154705282901545e-15,1.2557986374414638e-15,7.249371380196136e-16,4.712184401609555e-16,2.9911751120321163e-09,1.1501248233425638e-09,5.030471123678303e-10,2.3337282422561167e-10,1.1183894585249325e-10,5.5085462773492447e-11,2.8186473696293043e-11,1.4569758930518132e-11,7.616583192541009e-12,3.9408545386651145e-12,1.9698320875289553e-12,9.847243307625967e-13,4.717211586280709e-13,2.3318135661013497e-13,1.1126889989152293e-13,5.87029857008533e-14,3.045155860931932e-14,1.831624497495507e-14,1.0497655206081463e-14
0.0,73,73.0,0.0,30.0,0.0,0.0,0.0,0.0,-13.0,0.0,2.0,0.0,0.0,0.0,5.879686301112237e-12,4.767554710358741e-12,3.679630990227674e-12,2.818354938234832e-12,2.079476671734235e-12,1.5084210789272578e-12,1.057489988856058e-12,7.317596672178892e-13,4.978161062624326e-13,3.2175349358821234e-13,2.1469706867018945e-13,1.433184654174888e-13,9.706281602393963e-14,6.694494935223364e-14,4.645875828954749e-14,3.226016585859847e-14,2.307960217302459e-14,1.5948105067530278e-14,1.0756936242100136e-14,7.136138295886555e-15,4.647214588298824e-15,3.1092197434486933e-15,1.879222055443239e-15,1.2299291677248644e-15,7.132767896124924e-16,4.601714363888259e-16,2.690107422909918e-09,1.0270220406828107e-09,4.5186257611023274e-10,2.1143224428501926e-10,1.0228992748562981e-10,5.0834536232768484e-11,2.6221421200934075e-11,1.3665270454929072e-11,7.185849100038037e-12,3.743908674567123e-12,1.8800461041009696e-12,9.441276365609909e-13,4.541087719416921e-13,2.2477679497003351e-13,1.0772413007546815e-13,5.672066728660341e-14,2.955793897632622e-14,1.7649553709602076e-14,1.0208744682785885e-14
0.0,74,74.0,0.0,30.0,0.0,0.0,0.0,0.0,-13.0,0.0,2.0,0.0,0.0,0.0,5.5228848562462835e-12,4.491347901788737e-12,3.4798529794851163e-12,2.6743367981457457e-12,1.9800508165331153e-12,1.4411644792319768e-12,1.0138481058812502e-12,7.033503033248086e-13,4.792882979666659e-13,3.1078210444705067e-13,2.0763704754527719e-13,1.3868848115522614e-13,9.403443912659945e-14,6.490598831417485e-14,4.511382484040868e-14,3.136144595684826e-14,2.244858410590718e-14,1.552120542556189e-14,1.049333851858824e-14,6.968876751852891e-15,4.546639481226314e-15,3.0381801939872576e-15,1.844029375708094e-15,1.2044961227258342e-15,7.017457047451335e-16,4.501624863351726e-16,2.3920634017668424e-09,9.106246321521608e-10,4.0428922172714474e-10,1.9115133834299607e-10,9.346014895539966e-11,4.6898565236878316e-11,2.4391368759963868e-11,1.2819404462983073e-11,6.7814845977554266e-12,3.557408312872842e-12,1.7951838172892701e-12,9.05298263407842e-13,4.3739280704198663e-13,2.1670429052162202e-13,1.0435097587929731e-13,5.481683490027231e-14,2.869568194606385e-14,1.7009935762516943e-14,9.920049622089348e-15
0.0,75,75.0,0.0,30.0,0.0,0.0,0.0,0.0,-13.0,0.0,2.0,0.0,0.0,0.0,5.189265185754871e-12,4.231052014058871e-12,3.292474556027934e-12,2.5384180271550023e-12,1.886188168514171e-12,1.377430185931463e-12,9.72722636199883e-13,6.764142021002674e-13,4.614534887485615e-13,3.0038007551250556e-13,2.008594276231985e-13,1.3422487846533592e-13,9.11054347007183e-14,6.293001754387051e-14,4.3820120371058726e-14,3.05039751581965e-14,2.1834374873630372e-14,1.5106931997988785e-14,1.0236219378665978e-14,6.8075960756258305e-15,4.448865129181409e-15,2.9684717536368034e-15,1.8098652815530463e-15,1.1794972254708066e-15,6.903144013361607e-16,4.4133281570682534e-16,2.1020979973466017e-09,8.02352734733619e-10,3.606052082827063e-10,1.7256972358173545e-10,8.534441904382049e-11,4.327022719875531e-11,2.2692963493224825e-11,1.2029593503577945e-11,6.402764926680274e-12,3.380881582626096e-12,1.715074359107296e-12,8.681878542719432e-13,4.2152963082655745e-13,2.0896215579356085e-13,1.0113776251118068e-13,5.2991906262040175e-14,2.786131844325269e-14,1.6398036452874884e-14,9.628516214918036e-15
0.0,76,76.0,0.0,30.0,0.0,0.0,0.0,0.0,-13.0,0.0,2.0,0.0,0.0,0.0,4.877843795266565e-12,3.9858811716713245e-12,3.1169978313056633e-12,2.4102295314703522e-12,1.7976825389846377e-12,1.3170625185043771e-12,9.340628394530261e-13,6.509064125834329e-13,4.4427420444915434e-13,2.905342954824111e-13,1.9435258650151465e-13,1.2991984815910622e-13,8.82703134344912e-14,6.101297376215065e-14,4.2576269281584414e-14,2.9687345493683293e-14,2.1235950487616534e-14,1.4704828303678028e-14,9.985151522810769e-15,6.652254088921075e-15,4.353800952293162e-15,2.9000375362826876e-15,1.7767069443699524e-15,1.1549239903093077e-15,6.789613951966418e-16,4.33777675579527e-16,1.8256367964377923e-09,7.0340308251032e-10,3.2098000354780956e-10,1.5569185259826292e-10,7.792755715565433e-11,3.993839748067617e-11,2.1122146555529e-11,1.129298321272541e-11,6.048834095143155e-12,3.21388046448916e-12,1.6395149366500107e-12,8.327612332539485e-13,4.064693365406333e-13,2.0155145483197642e-13,9.807177750938343e-14,5.124683460479062e-14,2.7051274471761083e-14,1.5814635692703812e-14,9.330801890424778e-15
0.0,77,77.0,0.0,30.0,0.0,0.0,0.0,0.0,-13.0,0.0,2.0,0.0,0.0,0.0,4.587627320254613e-12,3.7552643324112975e-12,2.952867717939979e-12,2.2894319303309195e-12,1.7143096631149702e-12,1.2599021019979767e-12,8.977621521861111e-13,6.267623636776632e-13,4.277358149314499e-13,2.8121791362093247e-13,1.8810528986291218e-13,1.257693988244102e-13,8.552633611457456e-14,5.915338103387478e-14,4.1379607211516445e-14,2.8910068108374646e-14,2.0652456136259075e-14,1.4314867049038505e-14,9.739898698684479e-15,6.5026857710135245e-15,4.261323432056196e-15,2.832858511755116e-15,1.7445442724345685e-15,1.1307464087614366e-15,6.67692143071692e-16,4.274366973438881e-16,1.5681287843388917e-09,6.146266061547844e-10,2.8545789557572106e-10,1.4048559088725652e-10,7.118569240745644e-11,3.688836791861935e-11,1.967416146871666e-11,1.0606594045048987e-11,5.7186664611059384e-12,3.056010678391686e-12,1.5682645661029938e-12,7.989993547235703e-13,3.921551911703587e-13,1.944761338340243e-13,9.513920563328399e-14,4.95831046739618e-14,2.6261873565926024e-14,1.526064349828149e-14,9.023919567080035e-15
0.0,78,78.0,0.0,30.0,0.0,0.0,0.0,0.0,-13.0,0.0,2.0,0.0,0.0,0.0,4.317801174096686e-12,3.5393065775066774e-12,2.799462056428371e-12,2.175794281719755e-12,1.6358147890601145e-12,1.2057951652769063e-12,8.635628435409166e-13,6.038688520618347e-13,4.1188264836681607e-13,2.7236864939837227e-13,1.821065599321339e-13,1.2177953925672891e-13,8.287772544478386e-14,5.735658821410901e-14,4.022386685231408e-14,2.8167703684982766e-14,2.0083444425801715e-14,1.3938123629728242e-14,9.500725606747867e-15,6.358385379433184e-15,4.171218896228861e-15,2.7670140131404017e-15,1.7133995988568213e-15,1.106876904673656e-15,6.565836763220252e-16,4.2183590360212133e-16,1.3345355797731116e-09,5.364157472600581e-10,2.539559748686242e-10,1.2688239828621944e-10,6.508773957309784e-11,3.410259377033032e-11,1.8343466264911e-11,9.967538575764926e-12,5.411007421587652e-12,2.90696767591492e-12,1.501038818131581e-12,7.669010779146609e-13,3.785231190483493e-13,1.8774310429649554e-13,9.232506687833078e-14,4.8002682741049826e-14,2.5489349076632912e-14,1.4737102515674155e-14,8.705984835855073e-15
