Line_number,Fiducial,Easting,Northing,Height,Elevation,tx_pitch,tx_roll,tx_yaw,txrx_dx,txrx_dy,txrx_dz,rx_pitch,rx_roll,rx_yaw,S0Z_time_3.834e-04,S0Z_time_3.924e-04,S0Z_time_4.039e-04,S0Z_time_4.184e-04,S0Z_time_4.364e-04,S0Z_time_4.589e-04,S0Z_time_4.869e-04,S0Z_time_5.224e-04,S0Z_time_5.679e-04,S0Z_time_6.249e-04,S0Z_time_6.969e-04,S0Z_time_7.879e-04,S0Z_time_9.019e-04,S0Z_time_1.046e-03,S0Z_time_1.227e-03,S0Z_time_1.456e-03,S0Z_time_1.744e-03,S0Z_time_2.109e-03,S0Z_time_2.567e-03,S0Z_time_3.145e-03,S0Z_time_3.864e-03,S0Z_time_4.745e-03,S0Z_time_5.821e-03,S0Z_time_7.140e-03,S0Z_time_8.754e-03,S0Z_time_1.073e-02,S1Z_time_2.057e-05,S1Z_time_2.607e-05,S1Z_time_3.307e-05,S1Z_time_4.206e-05,S1Z_time_5.356e-05,S1Z_time_6.807e-05,S1Z_time_8.607e-05,S1Z_time_1.086e-04,S1Z_time_1.366e-04,S1Z_time_1.721e-04,S1Z_time_2.176e-04,S1Z_time_2.746e-04,S1Z_time_3.466e-04,S1Z_time_4.376e-04,S1Z_time_5.516e-04,S1Z_time_6.956e-04,S1Z_time_8.771e-04,S1Z_time_1.106e-03,S1Z_time_1.394e-03
0.0,0,0.0,0.0,30.0,0.0,0.0,0.0,0.0,-13.0,0.0,2.0,0.0,0.0,0.0,6.099171183813858e-11,5.004571066550564e-11,4.061997400991059e-11,3.3171529323951894e-11,2.5018591480772748e-11,1.8798859725145825e-11,1.4392063657442739e-11,1.0643930828370893e-11,8.05861746185123e-12,5.778809060429156e-12,3.851502685132483e-12,2.627795571123893e-12,1.5956430351722938e-12,1.0940668419325473e-12,7.748996310039943e-13,4.73406224728547e-13,2.7037219262093925e-13,1.5730419655034862e-13,9.9481664245175e-14,5.920080022009672e-14,3.255318364190153e-14,1.825620961018156e-14,1.113261109727438e-14,6.02558264394332e-15,4.112188750519251e-15,1.4739590586597018e-15,5.83947849254701e-09,3.4101079598303795e-09,2.036548810983755e-09,1.240218628298874e-09,7.268869179106154e-10,4.0316178484326015e-10,2.3518805272155123e-10,1.3356090421504104e-10,6.830449293620915e-11,4.169804045139012e-11,2.2365479788885782e-11,1.234016996234475e-11,6.737319327204226e-12,3.817548883498182e-12,2.0563555144842316e-12,1.1172195493724887e-12,5.873114981158983e-13,3.207696507033495e-13,1.5208755827268757e-13
0.0,1,1.0,0.0,30.0,0.0,0.0,0.0,0.0,-13.0,0.0,2.0,0.0,0.0,0.0,5.3637470766363866e-11,4.5940883476914786e-11,3.979958860273158e-11,3.115563283383066e-11,2.463336447210381e-11,1.9344950701871622e-11,1.3810895013072449e-11,1.0253061289831624e-11,7.253032385919166e-12,5.478101830353297e-12,3.5924355413057734e-12,2.4300128240061818e-12,1.6235670074573507e-12,1.1053343367161207e-12,6.958018787620727e-13,4.2626333633511447e-13,2.4163783659035046e-13,1.6016690206209613e-13,9.521326951396708e-14,5.524709069278592e-14,3.026115329299174e-14,1.7813703217429056e-14,8.251007062056295e-15,6.002381808459633e-15,2.366854469155018e-15,1.2610731304266057e-15,5.736763122725341e-09,3.0839669780765712e-09,2.0647562869476585e-09,1.2219976948831916e-09,7.414140372435579e-10,4.2065815086927253e-10,2.3559632973851066e-10,1.380537963166957e-10,7.257819329167154e-11,4.20811455058301e-11,2.179556791730582e-11,1.1546988340658042e-11,6.664487262021612e-12,3.7090238458318366e-12,1.9785334672551173e-12,1.0597120223384199e-12,5.782492227007635e-13,2.945761475492273e-13,1.4067860394983643e-13
0.0,2,2.0,0.0,30.0,0.0,0.0,0.0,0.0,-13.0,0.0,2.0,0.0,0.0,0.0,5.918900911890721e-11,4.65747515465618e-11,3.6923189321800206e-11,2.972614924557148e-11,2.3782023992278007e-11,1.808808367503397e-11,1.2918225708028832e-11,9.521870277229151e-12,6.7789901544531075e-12,4.864530390796997e-12,3.2053192376517718e-12,2.3828697740842006e-12,1.522722727643209e-12,1.0040224011885361e-12,6.336259508796506e-13,4.0313995957816843e-13,2.6272394943274517e-13,1.6244289827764797e-13,9.483646813052866e-14,5.6346737708177135e-14,2.979920225255016e-14,1.6367854712278256e-14,9.053412967445781e-15,6.3035861890356004e-15,2.900977166829655e-15,1.9520521743959923e-15,6.164129399799334e-09,3.341563876823207e-09,2.2229428626336787e-09,1.2200147518308407e-09,7.322456164411714e-10,3.9912548585634617e-10,2.2898425001336215e-10,1.3017527489096607e-10,6.84421935097135e-11,3.818950244877009e-11,1.963830706702017e-11,1.1670407169127819e-11,6.048723939093512e-12,3.251872325652919e-12,1.880195724106887e-12,1.010129796744166e-12,5.092065722001583e-13,3.0196949205262385e-13,1.438829466265093e-13
0.0,3,3.0,0.0,30.0,0.0,0.0,0.0,0.0,-13.0,0.0,2.0,0.0,0.0,0.0,5.6307220675536255e-11,4.693531090036469e-11,3.717091042613791e-11,2.951298143201093e-11,2.228067944091553e-11,1.6772100852143267e-11,1.2469596071121034e-11,9.242379408076418e-12,6.7218575343481935e-12,4.64171776113393e-12,3.1819652752899197e-12,2.2122182553558675e-12,1.4762636172164624e-12,9.320006222307102e-13,6.441743254761692e-13,3.861893900812878e-13,2.36590825105547e-13,1.4678434263608904e-13,8.898478632037947e-14,5.015603212689146e-14,3.028863589195812e-14,1.822990132036999e-14,8.267118567326854e-15,4.955453780631742e-15,3.751668351348235e-15,1.6117929401659473e-15,6.130164706416025e-09,3.6516064270204652e-09,2.0808200317463112e-09,1.2875412770283303e-09,7.260590737383633e-10,4.202729247739617e-10,2.2777548020924285e-10,1.2212360706409927e-10,6.739661075356176e-11,3.594778368306622e-11,2.0297040136250778e-11,1.1042489391216868e-11,5.5650730673866514e-12,3.3100030454187066e-12,1.7496946438062295e-12,9.58978880185436e-13,5.286413045450403e-13,2.8124743554201525e-13,1.492832593685898e-13
0.0,4,4.0,0.0,30.0,0.0,0.0,0.0,0.0,-13.0,0.0,2.0,0.0,0.0,0.0,5.4749835474898045e-11,4.6020592290155694e-11,3.506893969796589e-11,2.7980493752135795e-11,2.1990158666302385e-11,1.5244269433737194e-11,1.2394899085961515e-11,9.0007085047207e-12,6.5151189210805206e-12,4.3029618493339075e-12,3.1376876671485216e-12,2.1039238467530935e-12,1.3858132325908192e-12,9.466077804565016e-13,5.790541583355739e-13,3.8690824013387283e-13,2.336211782038635e-13,1.4071663949645888e-13,8.463007330504577e-14,5.266812740165827e-14,2.8086319587104904e-14,1.4323147718894286e-14,1.0049202352339765e-14,6.3031619381821506e-15,3.306644328362604e-15,2.8607490924365207e-15,5.8585960316413955e-09,3.5065654955681963e-09,2.0396043063406454e-09,1.3171143953578564e-09,7.411679795034869e-10,3.920999615980836e-10,2.2325708165380255e-10,1.2287320316581286e-10,7.051427692736468e-11,3.632577545366829e-11,1.9762817796898147e-11,1.0015052347229633e-11,6.046886440752664e-12,2.9643768732745713e-12,1.5572462631337039e-12,9.186514335980563e-13,4.789639147846202e-13,2.5335616489750596e-13,1.4006151798012629e-13
0.0,5,5.0,0.0,30.0,0.0,0.0,0.0,0.0,-13.0,0.0,2.0,0.0,0.0,0.0,5.512523889221478e-11,4.5436472720588444e-11,3.4017085009225494e-11,2.627313672537796e-11,2.1725809402094098e-11,1.5851466708833768e-11,1.1216209618079697e-11,8.575132691115806e-12,6.1567421783115315e-12,4.327397094123146e-12,2.899763760205233e-12,1.9786727503231284e-12,1.3077471219245563e-12,8.226968396512177e-13,5.594180900364338e-13,3.6396575719866407e-13,2.3320103572016884e-13,1.37817283911779e-13,8.52629057799748e-14,4.556979628471771e-14,2.738730356578515e-14,1.543894497684349e-14,9.948891814489395e-15,6.855784817906824e-15,2.2000174220764277e-15,1.2516209401747112e-15,5.894141483605204e-09,3.459288268196403e-09,2.161757923881018e-09,1.3979986643725948e-09,7.778393404128787e-10,4.0717060330489114e-10,2.2656012821578432e-10,1.2338492244093336e-10,6.885954089284611e-11,3.671425284291519e-11,1.883451314625513e-11,9.844263074915803e-12,5.4729347688851975e-12,2.825605934710711e-12,1.5633013808323447e-12,8.322442522113466e-13,4.73082250092418e-13,2.2092874280523658e-13,1.388706561920805e-13
0.0,6,6.0,0.0,30.0,0.0,0.0,0.0,0.0,-13.0,0.0,2.0,0.0,0.0,0.0,5.427230684133367e-11,4.4539814862868556e-11,3.512429283985066e-11,2.6721924302538212e-11,1.968987987136036e-11,1.4687165258816996e-11,1.1325067162710223e-11,8.139662789566569e-12,5.4371973637301646e-12,3.77217744285369e-12,2.585509377972376e-12,1.9796227333898744e-12,1.3023356789809499e-12,8.284564672742542e-13,5.474702593374591e-13,3.478209629776408e-13,2.0389947004418073e-13,1.342380122071057e-13,7.471556548908325e-14,4.589109338859239e-14,2.657517889017331e-14,1.563044551531894e-14,8.466232103720488e-15,4.663872556405041e-15,3.747829774101913e-15,2.273125100656492e-15,5.951595841216808e-09,3.5144187698013253e-09,2.065418654855303e-09,1.2439644040005141e-09,7.440834506244291e-10,3.9263358351169256e-10,2.2772343844686362e-10,1.224879750463441e-10,6.437525724368397e-11,3.300922246597929e-11,1.8223551733445767e-11,9.729157543615398e-12,5.154226607119474e-12,2.717779651180646e-12,1.5133640309848804e-12,7.593372044869711e-13,4.3250030100741884e-13,2.5219072167581595e-13,1.1474509856119525e-13
0.0,7,7.0,0.0,30.0,0.0,0.0,0.0,0.0,-13.0,0.0,2.0,0.0,0.0,0.0,5.253254045581701e-11,4.366331028041449e-11,3.547566955206953e-11,2.648322639183111e-11,2.0832997368596233e-11,1.4430483949508891e-11,1.0095168867938511e-11,7.599343521952536e-12,5.499068837059836e-12,3.957875762404524e-12,2.6097382665570296e-12,1.80089255917218e-12,1.1748671486626719e-12,8.10130249337511e-13,5.095806760536504e-13,3.4770868261069245e-13,2.047424052958321e-13,1.2333636678207526e-13,7.831839543611896e-14,4.54037311612899e-14,2.6617356781581285e-14,1.612973376179093e-14,8.475098771850045e-15,3.2984164072883454e-15,4.072989967516141e-15,1.7656823533503847e-15,6.189656401369709e-09,3.4620300585163934e-09,2.127587464825121e-09,1.2178974871419765e-09,7.313792370561205e-10,4.091272058744668e-10,2.301778390159579e-10,1.3095266593737927e-10,6.675021753012742e-11,3.387796019325636e-11,1.657542130384717e-11,9.040814976110474e-12,4.737117998597993e-12,2.5885811566627202e-12,1.461618594413996e-12,7.921531607742938e-13,3.795646162079325e-13,2.1529776866037566e-13,1.177184471829905e-13
0.0,8,8.0,0.0,30.0,0.0,0.0,0.0,0.0,-13.0,0.0,2.0,0.0,0.0,0.0,5.2722468699691824e-11,4.431696070690106e-11,3.3401223420594624e-11,2.5830455820144353e-11,2.0433029347167772e-11,1.4265885398812667e-11,1.0470621974701425e-11,7.530194476293853e-12,5.157362571209591e-12,3.699300673878229e-12,2.441352252655536e-12,1.527855092503905e-12,1.1241586495055538e-12,7.548548077393516e-13,4.906545212496786e-13,3.0375962578423623e-13,2.0607174201477752e-13,1.19300113173108e-13,7.721154686836874e-14,4.3534372238305085e-14,2.557814920820088e-14,1.5117963256790116e-14,9.019782749860444e-15,4.2153558186519115e-15,2.6242456945743567e-15,2.6278058168666567e-15,5.847179198497869e-09,3.4245363967775346e-09,2.1302358656717418e-09,1.272112785074392e-09,7.243085802401675e-10,3.975236682248959e-10,2.3054587890450758e-10,1.1792658906605946e-10,6.243510370901982e-11,3.3479050903363415e-11,1.649241183567919e-11,8.622913422611875e-12,4.644220913820897e-12,2.4496318221294605e-12,1.3366435242415088e-12,6.766830159128618e-13,4.159873846189005e-13,1.7835046933256677e-13,1.1290663684082603e-13
0.0,9,9.0,0.0,30.0,0.0,0.0,0.0,0.0,-13.0,0.0,2.0,0.0,0.0,0.0,5.180234978936114e-11,4.173519218718455e-11,3.275066976565371e-11,2.557423943881706e-11,1.8734642747169533e-11,1.4206417725644567e-11,9.902931374662573e-12,7.134061244794595e-12,5.103097880225807e-12,3.4576709192771767e-12,2.4430821424885447e-12,1.5935142675917581e-12,1.0523872234321482e-12,7.612794335820856e-13,4.729541591491514e-13,2.883967096400156e-13,1.9176517004827258e-13,1.1855510413452396e-13,7.333813665505552e-14,4.475647272493929e-14,2.5638735488824573e-14,1.5207849712325874e-14,8.298386273157626e-15,5.024457356490231e-15,1.9101478884649817e-15,2.5445275831574536e-15,6.361912894659512e-09,3.645803204180883e-09,2.1899415140532904e-09,1.2748141226877425e-09,7.053091879511768e-10,4.2806577632726966e-10,2.3172511889664486e-10,1.2033656262756447e-10,6.599455144786591e-11,3.106195543049024e-11,1.6683217069209943e-11,8.811848294434949e-12,4.640345560410215e-12,2.4793644721856147e-12,1.3282963909971195e-12,6.823292544453281e-13,3.9582243513804914e-13,1.9921400004723826e-13,1.0130088572522951e-13
0.0,10,10.0,0.0,30.0,0.0,0.0,0.0,0.0,-13.0,0.0,2.0,0.0,0.0,0.0,4.9609744421436216e-11,4.320634229689529e-11,3.252336429066873e-11,2.4935087361013583e-11,1.8663624739173085e-11,1.4044380213791276e-11,8.772029748623191e-12,6.92444618197706e-12,4.7571413649728456e-12,3.3248115668686114e-12,2.2965942876279723e-12,1.5347116206619827e-12,1.019207179042361e-12,6.943385673951015e-13,4.685685279782252e-13,2.762520504553277e-13,1.9546405328991058e-13,1.1677309911650592e-13,7.04018724781786e-14,3.914761221598827e-14,2.3020552556642293e-14,1.2141811886717054e-14,7.477988552747796e-15,4.101508246033947e-15,2.2417150479115024e-15,3.0980829040930304e-15,6.296276133831498e-09,3.4287575562070613e-09,2.110477937527354e-09,1.2505991232430567e-09,7.219309376120714e-10,3.9939475674268565e-10,2.344470368372005e-10,1.1687578067639761e-10,6.136167425626281e-11,3.2339065818303625e-11,1.644804272476138e-11,8.913230366523897e-12,4.374208944215977e-12,2.302555026938648e-12,1.1817934612396453e-12,6.480421189505097e-13,3.6634662565652273e-13,2.0636305286217362e-13,1.003844497676889e-13
0.0,11,11.0,0.0,30.0,0.0,0.0,0.0,0.0,-13.0,0.0,2.0,0.0,0.0,0.0,5.0655508836100974e-11,4.356809975916707e-11,3.190633173856603e-11,2.4178780569886042e-11,1.7992703112404304e-11,1.404288407231593e-11,8.917833905562804e-12,6.199494969666688e-12,4.486744832165554e-12,3.218352233260742e-12,2.125343396060234e-12,1.388238970277249e-12,9.304545537418003e-13,6.594416937565819e-13,4.4087389367614383e-13,2.743768383570945e-13,1.7658717561005435e-13,1.0424323705453635e-13,6.884048084928431e-14,3.757833052916665e-14,2.523750105586009e-14,1.3094006600251164e-14,9.975387960197044e-15,4.862418968640968e-15,9.919607038733665e-17,3.328178373035647e-15,6.035931596600544e-09,3.577101822619092e-09,2.1097450035020914e-09,1.3236926358953666e-09,7.533503545750724e-10,4.1184741244707e-10,2.1956938374403734e-10,1.2558210585739795e-10,6.665047858976287e-11,3.247751428936879e-11,1.652643860873643e-11,7.878542922038565e-12,4.26994630554431e-12,2.1444724158905045e-12,1.15476514763818e-12,6.247181446565163e-13,3.285016248457903e-13,1.778886442917969e-13,1.0835843412310862e-13
0.0,12,12.0,0.0,30.0,0.0,0.0,0.0,0.0,-13.0,0.0,2.0,0.0,0.0,0.0,5.051452167767765e-11,4.187879608306382e-11,3.291026809104273e-11,2.3646478506163672e-11,1.8897529268654688e-11,1.2523275487963646e-11,9.099815167526306e-12,6.2822520050588575e-12,4.439486316389136e-12,2.921569174495713e-12,1.9508835167051482e-12,1.4166999366670562e-12,9.065369516693696e-13,6.598776736676729e-13,4.169003594337754e-13,2.6924640013213587e-13,1.6660069712660244e-13,1.052183701672214e-13,6.370673472644236e-14,4.0335814608758916e-14,2.2248875655089404e-14,1.3561802162396176e-14,6.560078429917191e-15,5.454724168670922e-15,3.765843456066444e-15,6.777957037333986e-16,6.0654155245008814e-09,3.592300625003471e-09,2.1698449083976624e-09,1.2449052537786555e-09,7.235033786700752e-10,3.8967142193900103e-10,2.2120232723007835e-10,1.1829871524369703e-10,6.025170380492928e-11,2.7418108467491228e-11,1.6131162019114388e-11,7.708396490865508e-12,3.840443224873751e-12,2.167609080335437e-12,1.1181312246649235e-12,5.87724410368479e-13,3.042769570331559e-13,1.7208294964257272e-13,8.988120277625467e-14
0.0,13,13.0,0.0,30.0,0.0,0.0,0.0,0.0,-13.0,0.0,2.0,0.0,0.0,0.0,4.982465913148053e-11,4.0791272025736813e-11,2.8656920460488533e-11,2.3269848533367106e-11,1.7624985530526227e-11,1.214375501567941e-11,8.646763951026929e-12,5.8465997841609845e-12,4.272609823370484e-12,2.8908886066531268e-12,2.03288175227368e-12,1.3079529240777608e-12,9.149222613410117e-13,5.918658800893731e-13,3.9567991538978837e-13,2.6261897076155447e-13,1.6515488417279925e-13,1.043247779768619e-13,6.468491264347611e-14,3.5497267884742916e-14,2.214459372982509e-14,1.0856243759328115e-14,7.017471537161392e-15,4.181482861849708e-15,3.593269932876589e-15,1.0425080183318633e-15,6.22820275211516e-09,3.5398721940132112e-09,2.180902560830248e-09,1.3535715430932549e-09,7.401152245862228e-10,3.9937301514397386e-10,2.1805938281762118e-10,1.1781336123782732e-10,5.938053613061895e-11,2.9055359514383544e-11,1.5042265691176148e-11,7.420546341845239e-12,3.9249128905273184e-12,1.9479090077680097e-12,1.0136028508450113e-12,5.674555492811794e-13,3.119941100945558e-13,1.8005720254708352e-13,7.861949865739134e-14
0.0,14,14.0,0.0,30.0,0.0,0.0,0.0,0.0,-13.0,0.0,2.0,0.0,0.0,0.0,4.889275950562855e-11,3.9010531554779496e-11,2.952835182133098e-11,2.2407355655787363e-11,1.640515863590674e-11,1.2341634499133927e-11,9.021351962433045e-12,5.88501255579313e-12,3.952518739701526e-12,2.6858466193540008e-12,1.850415444247314e-12,1.2295572121738076e-12,8.640769795150718e-13,5.793709153485362e-13,3.732530402386663e-13,2.2588035635669097e-13,1.5974813232065144e-13,9.902442225395881e-14,5.887745313935119e-14,3.4502578474602596e-14,2.1558926378532967e-14,1.1365420670050723e-14,5.759080948364193e-15,3.1127255282274004e-15,3.4076494277244836e-15,2.494095455011274e-15,6.209795699635868e-09,3.5248751118963863e-09,2.1831498451109827e-09,1.2498101539656373e-09,7.338314742702728e-10,3.8604271035876495e-10,2.2053516499432496e-10,1.147453756892647e-10,6.099732399254103e-11,2.8833056489561086e-11,1.4431042313184541e-11,6.9405887889060674e-12,3.5666250608682373e-12,1.911519820354177e-12,9.82034643651765e-13,5.522163750676705e-13,2.821442570143395e-13,1.5356308002945198e-13,8.22013527026029e-14
0.0,15,15.0,0.0,30.0,0.0,0.0,0.0,0.0,-13.0,0.0,2.0,0.0,0.0,0.0,4.757557773042627e-11,3.9155140247541536e-11,3.016403030687031e-11,2.339720851931196e-11,1.6449296899611645e-11,1.1439619099452881e-11,8.074704416238516e-12,5.9383399714978715e-12,3.91504312222316e-12,2.6947676280701884e-12,1.7670151207257703e-12,1.1676316985548948e-12,8.561210266063349e-13,5.342612155038942e-13,3.514848442358931e-13,2.357997084171014e-13,1.5237732204428185e-13,9.818011068229587e-14,6.078388961858337e-14,3.504424466992136e-14,1.9013286543478587e-14,1.289529318720642e-14,7.97963038380129e-15,4.34450669584231e-15,2.5934525193175674e-15,8.358138696509677e-16,6.020183430421483e-09,3.791259065791201e-09,2.218595020394875e-09,1.3059423823960846e-09,7.158749503040362e-10,4.0364669758346e-10,2.1791970102206596e-10,1.1534910307622056e-10,5.642898080192746e-11,2.9330186479790166e-11,1.3995615829327101e-11,7.281854262055116e-12,3.5763393174089014e-12,1.7902415937051846e-12,9.670833280085452e-13,5.116370667934835e-13,2.5638597280738263e-13,1.696955376690064e-13,9.147975575366764e-14
0.0,16,16.0,0.0,30.0,0.0,0.0,0.0,0.0,-13.0,0.0,2.0,0.0,0.0,0.0,4.7661994997357735e-11,3.6298899793355515e-11,3.078140272674233e-11,2.232789920982994e-11,1.5715960221139857e-11,1.157459789930264e-11,8.315675912756159e-12,5.450677519244305e-12,3.740322586568759e-12,2.5400512238483693e-12,1.7527595288786117e-12,1.136413838279932e-12,7.752266267563875e-13,5.35020235847525e-13,3.4880251757687627e-13,2.323454097945222e-13,1.4323975193036375e-13,9.239770838130583e-14,5.743611565752092e-14,3.638030847499168e-14,1.8357641214842562e-14,1.2594949619121525e-14,6.173416960568551e-15,4.4667307581787385e-15,2.2919879012572344e-15,1.3387254763760286e-16,6.2771895223783124e-09,3.5743411487796867e-09,2.1719794042886825e-09,1.2610330182313718e-09,7.265137969850594e-10,3.988318282354392e-10,2.1312766915199184e-10,1.1236815072583372e-10,5.75423563453618e-11,2.83235361335962e-11,1.4658117475187606e-11,7.080989901519344e-12,3.403017204857575e-12,1.7322701584932665e-12,8.743038168750803e-13,4.620371161940216e-13,2.8254424814404854e-13,1.3034317626275948e-13,9.315255470984681e-14
0.0,17,17.0,0.0,30.0,0.0,0.0,0.0,0.0,-13.0,0.0,2.0,0.0,0.0,0.0,4.856848799053086e-11,3.687989324987289e-11,3.0588237565525004e-11,2.0433582378576647e-11,1.5646441098455686e-11,1.1068864847469588e-11,7.929050893961473e-12,5.714413930065997e-12,3.4940482577808985e-12,2.4437342026031593e-12,1.6228700060674537e-12,1.1233315429661386e-12,7.411344461950995e-13,5.022584006355445e-13,3.312040387398377e-13,2.1056624423259093e-13,1.341551216492252e-13,8.840490001793695e-14,5.0820161671267424e-14,3.594946225189255e-14,2.1099139839928447e-14,1.122075299958343e-14,7.45465812549974e-15,3.1484330353648016e-15,2.2037380618480165e-15,8.488042998803336e-16,6.205676686008068e-09,3.6371260364931632e-09,2.2332066845341555e-09,1.2485544912570026e-09,7.564771805952725e-10,3.776384603073515e-10,2.1405553636992242e-10,1.0884245069953769e-10,5.897268592921197e-11,3.076446078150376e-11,1.3215749760242463e-11,6.7836647338487005e-12,3.5172623677186603e-12,1.7343746069291377e-12,8.626583103672142e-13,4.724870244131496e-13,2.37510432645053e-13,1.3881206351593296e-13,5.405858062922387e-14
0.0,18,18.0,0.0,30.0,0.0,0.0,0.0,0.0,-13.0,0.0,2.0,0.0,0.0,0.0,4.6677660545226013e-11,3.455701207394746e-11,2.947823797692673e-11,2.124734275075397e-11,1.6457191533459435e-11,1.1103083007636964e-11,7.922846574330859e-12,5.092720833483338e-12,3.398693929051248e-12,2.371336820886132e-12,1.5427160786271485e-12,1.0652199072253735e-12,7.156692130343852e-13,4.774895661402234e-13,3.049256460590614e-13,2.117996875148181e-13,1.355370180070264e-13,9.192063074917817e-14,5.1589082807285e-14,3.192047555054774e-14,1.6789548688358186e-14,1.244561304252178e-14,3.5996709148790095e-15,3.478468857860778e-15,2.867805870547629e-15,1.7035044816587167e-15,6.264081207341622e-09,3.839653622635049e-09,2.1424767177683044e-09,1.2602441537840437e-09,7.139483492837416e-10,4.145694984543603e-10,2.1884344911175002e-10,1.1055914361977748e-10,5.642427498970315e-11,2.8164757319354026e-11,1.322810171626144e-11,6.892566647849675e-12,3.074631633964149e-12,1.6621076905403701e-12,8.785318745934837e-13,4.2660403943986827e-13,2.2519535743304014e-13,1.1608689916335214e-13,5.1517974415582265e-14
0.0,19,19.0,0.0,30.0,0.0,0.0,0.0,0.0,-13.0,0.0,2.0,0.0,0.0,0.0,4.696714411477229e-11,3.625745447237931e-11,2.6728974520907944e-11,2.0589436153029535e-11,1.5167482256207716e-11,1.1141861909789035e-11,7.405791470748606e-12,5.169316306247059e-12,3.485610215234476e-12,2.2987521801110223e-12,1.4890337236454549e-12,1.1128397452451203e-12,7.169386622356331e-13,4.720257929616557e-13,3.066190857192403e-13,1.9749576409460204e-13,1.335852217409455e-13,8.149169806753742e-14,4.960912045897746e-14,3.353293496459316e-14,1.61529284324699e-14,1.0504969358098226e-14,6.182272995558296e-15,3.2630951160729713e-15,1.8680754276523024e-15,1.4074828857754278e-15,6.236389886721005e-09,3.75203099682687e-09,2.2564837285974126e-09,1.294542619510583e-09,7.562033908633563e-10,3.712023371942941e-10,2.2029775394351343e-10,1.158850597714611e-10,5.420398178539476e-11,2.5859935043717578e-11,1.317054536665758e-11,6.721615106389131e-12,3.156068410202569e-12,1.5419191209697895e-12,7.976814294568977e-13,4.1467435154057e-13,2.493258111262155e-13,9.825204531423358e-14,6.537662997790824e-14
0.0,20,20.0,0.0,30.0,0.0,0.0,0.0,0.0,-13.0,0.0,2.0,0.0,0.0,0.0,4.454883174971997e-11,3.5243655197464364e-11,2.8638632364697818e-11,2.069585150523095e-11,1.5513292403385493e-11,1.1018688230926243e-11,6.517751839164731e-12,4.69170332270674e-12,3.2379579330961135e-12,2.2468469803168857e-12,1.3990543632425542e-12,9.68354172041719e-13,6.984378517036606e-13,4.493065734129304e-13,3.0234216393405753e-13,1.9627251712570076e-13,1.2949559795355641e-13,8.29906369116393e-14,5.039323986096882e-14,3.0038075926290765e-14,1.758427365680043e-14,9.224789340838824e-15,5.4032835478779806e-15,2.9863220318218407e-15,2.7823523578404565e-15,-3.3879502595102587e-16,5.833038228829163e-09,3.683351790500209e-09,2.182243086169134e-09,1.2761228713926476e-09,7.228487508333511e-10,3.916168547174094e-10,2.0289467981743317e-10,1.1121544782685829e-10,5.256071229891063e-11,2.6721783452135887e-11,1.3023552927982806e-11,6.290075894855717e-12,3.020681316554682e-12,1.443629326236985e-12,7.455261750025439e-13,4.109765503299403e-13,2.1371490155192134e-13,1.10709943166115e-13,7.618826475144677e-14
0.0,21,21.0,0.0,30.0,0.0,0.0,0.0,0.0,-13.0,0.0,2.0,0.0,0.0,0.0,4.566273509009615e-11,3.532556310146371e-11,2.608285057072734e-11,2.1080359454798887e-11,1.44814834858918e-11,1.0424108787887042e-11,7.147017976171811e-12,4.741301600890414e-12,3.2223770309699e-12,2.161794423753366e-12,1.399793659985693e-12,9.442298914417227e-13,6.325543705907815e-13,4.422650680734413e-13,2.794989161410863e-13,1.8490838716263387e-13,1.1787789569580488e-13,7.395582669268516e-14,4.475147169027326e-14,3.002244074924313e-14,1.8130705903075292e-14,1.0988981237844028e-14,6.994336412807785e-15,4.1126910031825394e-15,1.454287224521234e-15,8.241216112782214e-16,6.6181884657303066e-09,3.5681899504589064e-09,2.1121285043989293e-09,1.2362845586801755e-09,7.443893882900365e-10,3.8814705334964487e-10,2.1003915451108607e-10,1.0594261623406304e-10,5.314564785641459e-11,2.712482691594316e-11,1.2241370953962673e-11,6.028554275709981e-12,2.8841687326114437e-12,1.4112747423943013e-12,7.79164606466016e-13,4.049338598022706e-13,2.1881729354287453e-13,1.1975473645812768e-13,6.547507289296204e-14
0.0,22,22.0,0.0,30.0,0.0,0.0,0.0,0.0,-13.0,0.0,2.0,0.0,0.0,0.0,4.3551195911828376e-11,3.453104447549439e-11,2.5914194671945567e-11,1.928322331520048e-11,1.4716263923945076e-11,1.0411451296637707e-11,7.0509821991576215e-12,4.601457180629765e-12,3.076568890384141e-12,2.0956920932343924e-12,1.393693537403903e-12,8.94682912326672e-13,6.011845011991874e-13,3.9283026771498436e-13,2.727172485098072e-13,1.741148034321798e-13,1.1213332618450879e-13,7.239998629735124e-14,4.6926072758840616e-14,3.0781902547843193e-14,1.7706088178485868e-14,1.0076305695586111e-14,7.120407561306593e-15,3.5404405108730346e-15,2.6424104906596465e-15,1.7193485894018128e-15,6.124610751711172e-09,3.616478460392383e-09,2.15544241282704e-09,1.295136352420414e-09,6.314367974079413e-10,3.736395439394165e-10,2.0139646463749282e-10,1.0501906466227425e-10,5.482952492681094e-11,2.6296456196482937e-11,1.255561033137824e-11,6.124430354735513e-12,2.7257457981726665e-12,1.4135628122192795e-12,7.145285909550107e-13,3.7084145560595285e-13,1.881153048144856e-13,9.584693850166578e-14,6.974014836847948e-14
0.0,23,23.0,0.0,30.0,0.0,0.0,0.0,0.0,-13.0,0.0,2.0,0.0,0.0,0.0,4.243020584554763e-11,3.201895553505996e-11,2.6365279832473344e-11,1.896312362406069e-11,1.3501371690381021e-11,9.670881508315268e-12,6.8010242395511386e-12,4.329593157381195e-12,3.0479735452238426e-12,1.9279213589762887e-12,1.298976842188983e-12,8.140050231075129e-13,5.984786720064817e-13,3.832744422838959e-13,2.6870699469137314e-13,1.7007733654510273e-13,1.1022728618630746e-13,7.066209903402936e-14,4.294473475379386e-14,2.8869648846593723e-14,1.7110727353672207e-14,1.12518557705138e-14,6.285001428877446e-15,4.083784219207848e-15,2.5587324612121874e-15,1.1019797287921519e-15,6.565672343424857e-09,3.6854349725080316e-09,2.211507682115005e-09,1.2659184119882273e-09,7.195886473151045e-10,3.764332779934585e-10,2.0531818757412664e-10,1.021835172405001e-10,5.339246972540399e-11,2.42693645013312e-11,1.1236653670389177e-11,5.806840291041118e-12,2.7982939722188254e-12,1.3633278170833871e-12,6.609814339065343e-13,3.6422557604871514e-13,1.7898588777842728e-13,1.1088986520877136e-13,4.741678506282205e-14
0.0,24,24.0,0.0,30.0,0.0,0.0,0.0,0.0,-13.0,0.0,2.0,0.0,0.0,0.0,4.2087046258626356e-11,3.256321103468161e-11,2.5595885344901077e-11,1.804356378092323e-11,1.2774914124931483e-11,9.748386497605669e-12,6.596677664575644e-12,4.53606163146748e-12,2.988278182425283e-12,1.8704023411524765e-12,1.254852931053104e-12,8.360385038685964e-13,5.340452815608781e-13,3.637925631170737e-13,2.479009270641001e-13,1.681203534590004e-13,1.0852532796373335e-13,6.894311808181901e-14,4.3157191282221095e-14,2.7118841435426162e-14,1.6436326170825973e-14,1.017833197514937e-14,6.017607184674662e-15,3.693540559263555e-15,9.951786769601825e-16,3.30396027498863e-16,6.546525774022977e-09,3.7389567200379986e-09,2.1920336725758147e-09,1.2520129734134269e-09,6.95313509601413e-10,3.960561538461534e-10,1.9867749175968863e-10,1.0427818094369503e-10,5.092283318230958e-11,2.3726461254445552e-11,1.1657437647376785e-11,5.578572915114044e-12,2.6446449692757086e-12,1.3249923750173518e-12,6.637630611948191e-13,3.388227075136743e-13,1.77776199135196e-13,1.01425646733687e-13,4.913552515676446e-14
0.0,25,25.0,0.0,30.0,0.0,0.0,0.0,0.0,-13.0,0.0,2.0,0.0,0.0,0.0,4.157114608828524e-11,3.5318843544465025e-11,2.5469938697025013e-11,1.8479366676131312e-11,1.3514258262796088e-11,9.223729153734392e-12,6.394450144286513e-12,3.9864041238770474e-12,2.911334913833039e-12,1.896579558361054e-12,1.1917781257530013e-12,7.93692863885454e-13,5.415768649623606e-13,3.568803111700164e-13,2.3212298920072583e-13,1.5018003053241725e-13,1.0224502790771277e-13,6.75438182275377e-14,4.325073081120824e-14,2.6188097244408273e-14,1.5064894599571286e-14,8.030232740059012e-15,5.425752095093523e-15,3.2695086928800957e-15,2.3265042149346353e-15,3.6547027641137245e-15,6.391632378898697e-09,3.9010465020175345e-09,2.1654472116735535e-09,1.2895692765163553e-09,6.931782845016226e-10,3.6377562608981264e-10,2.1192692238722918e-10,9.421782519435148e-11,4.751216677767231e-11,2.5059193171550317e-11,1.1426398553754935e-11,5.476826611308095e-12,2.6678248444394635e-12,1.2357305229224766e-12,6.122155321693736e-13,3.2264479339109764e-13,1.7709176121417761e-13,8.811894345409096e-14,5.674582382731775e-14
0.0,26,26.0,0.0,30.0,0.0,0.0,0.0,0.0,-13.0,0.0,2.0,0.0,0.0,0.0,4.0309867968140327e-11,3.1522655318931924e-11,2.3309678841636828e-11,1.9041906275511898e-11,1.2209719256812345e-11,8.886516348314909e-12,6.210137521483716e-12,4.056109379390059e-12,2.8074783726296436e-12,1.8624420506291232e-12,1.1541734477324937e-12,7.738078005294743e-13,5.120910137808247e-13,3.591298396455389e-13,2.2210710049448068e-13,1.5930386206009836e-13,9.738183747928769e-14,6.491607299282602e-14,3.931420823991366e-14,2.6941561282785953e-14,1.510607087570666e-14,1.0611979733715276e-14,4.325874748667354e-15,4.96428277896912e-15,-1.3161881184302482e-15,4.2103439226923773e-16,6.738313134955234e-09,3.715020410912442e-09,2.1184285199445385e-09,1.2644409970106192e-09,6.627150189032528e-10,3.482402473286642e-10,1.9017947195609213e-10,1.0081342610157572e-10,4.908586582641719e-11,2.4135897614159345e-11,1.1218708816977186e-11,5.0737154290262145e-12,2.5301459285483788e-12,1.1852549284355019e-12,6.146450770753991e-13,3.2333084378791523e-13,1.6702043540499996e-13,9.038411122811151e-14,6.137483585167295e-14
0.0,27,27.0,0.0,30.0,0.0,0.0,0.0,0.0,-13.0,0.0,2.0,0.0,0.0,0.0,3.8319731031332163e-11,3.106756626459649e-11,2.334774647815373e-11,1.703638625116361e-11,1.291445513272444e-11,8.829610601792053e-12,6.230618420953657e-12,4.0136234488669e-12,2.5827669324829207e-12,1.6685976448268993e-12,1.1844423864121694e-12,7.591940387067659e-13,4.956028327704206e-13,3.47460381550104e-13,2.1884919316647304e-13,1.4965567766716204e-13,9.173788501084757e-14,6.315116012800497e-14,4.00094779008952e-14,2.841143183271368e-14,1.4263539711162673e-14,9.80308262987729e-15,5.481228363001549e-15,3.777761472942718e-15,5.976204914577766e-16,1.656730857422028e-15,6.584726051827014e-09,3.6193674743718044e-09,2.1729557712790027e-09,1.2960013419597648e-09,6.620116044365936e-10,3.4565267567546893e-10,1.9570652538721322e-10,9.734140113734879e-11,5.052252468113399e-11,2.3606303023522727e-11,1.1112709595142761e-11,5.4098202706624864e-12,2.47815145953359e-12,1.1786471324403908e-12,5.912392771997356e-13,3.2895558251567087e-13,1.6121667419513473e-13,8.889335865072924e-14,5.785943886693724e-14
0.0,28,28.0,0.0,30.0,0.0,0.0,0.0,0.0,-13.0,0.0,2.0,0.0,0.0,0.0,3.8142563966980227e-11,3.213671704000519e-11,2.3261126172085562e-11,1.722166192040717e-11,1.2584242644225945e-11,8.680264623745305e-12,5.489541173737562e-12,3.972237929261098e-12,2.6678805451013815e-12,1.621915970491799e-12,1.0624915562992121e-12,7.015963739917307e-13,4.626573598686203e-13,3.1448341099585787e-13,2.2823803043219653e-13,1.4050425573441517e-13,9.334285979079158e-14,6.462609008559923e-14,3.903845737944474e-14,2.5564954083726508e-14,1.3437505991243953e-14,1.0690081701541809e-14,4.0226772851200976e-15,3.1202137061170937e-15,8.344381104874988e-17,7.057359050492833e-16,6.353558206437226e-09,3.777557220342394e-09,2.201242605693656e-09,1.273180144704639e-09,6.565247174538668e-10,3.775921591705822e-10,1.797362846746258e-10,9.494816639524318e-11,4.748796914218442e-11,2.3863532205488717e-11,1.1306388400794543e-11,5.083955937325062e-12,2.3754430534955166e-12,1.1360078083306697e-12,5.538430026271113e-13,3.048703544504593e-13,1.3325173390899793e-13,7.893081979136225e-14,4.388672802505163e-14
0.0,29,29.0,0.0,30.0,0.0,0.0,0.0,0.0,-13.0,0.0,2.0,0.0,0.0,0.0,3.762550379629471e-11,3.0265138483478125e-11,2.1996396144187e-11,1.691431710072307e-11,1.2752124513032064e-11,8.384131666559379e-12,5.635090587070087e-12,3.87511529367619e-12,2.454154887457911e-12,1.5054037838467976e-12,1.0651142269107455e-12,6.757511254544572e-13,4.631808515327668e-13,3.0485311961341393e-13,2.0355488772551814e-13,1.3056171148668513e-13,8.923707943549287e-14,6.03648448873266e-14,3.718736671568065e-14,2.493375423142916e-14,1.2699200561715794e-14,8.792198536897626e-15,5.695310839511517e-15,2.0590833372231013e-15,-1.0600121634473818e-16,5.667691729227787e-17,6.629611365602421e-09,3.82597578933103e-09,2.195708003304942e-09,1.2009296361263214e-09,6.693463719271333e-10,3.336129378368703e-10,1.8153241880594126e-10,9.325324737188433e-11,4.338376482953593e-11,2.2670107973313155e-11,1.0333309557446478e-11,4.75338501423215e-12,2.1564140947242494e-12,1.1324952043812523e-12,5.575450965901609e-13,2.7907505309766207e-13,1.5442742464848859e-13,1.0439040465164364e-13,5.125264332424673e-14
0.0,30,30.0,0.0,30.0,0.0,0.0,0.0,0.0,-13.0,0.0,2.0,0.0,0.0,0.0,3.718986780232361e-11,2.904748535447036e-11,2.25129993796163e-11,1.615076934940978e-11,1.1814538084648381e-11,8.330969670358801e-12,5.7351378048169244e-12,3.662752460625565e-12,2.231585561789784e-12,1.525883515020752e-12,9.863100137079473e-13,6.380291746235674e-13,4.448899603770759e-13,3.028401900523103e-13,2.025042602888862e-13,1.2896457742942951e-13,8.236137045861331e-14,5.992487898515237e-14,3.771422978410484e-14,2.4304389911364816e-14,1.3771955491617225e-14,9.897143032464338e-15,3.786511386739454e-15,2.6832827888353707e-15,2.0900659751402224e-15,5.364719444624415e-16,6.608513761410494e-09,3.6228988063720183e-09,2.1690804092455287e-09,1.2558243643250984e-09,6.452014159927167e-10,3.433667343499027e-10,1.7469739397510552e-10,8.79003006846171e-11,4.5121816518995776e-11,2.2390029747857504e-11,1.0398457270305797e-11,4.922289091110574e-12,2.2633900384418095e-12,1.0742228120765666e-12,5.090422503021814e-13,2.753076056840216e-13,1.4997666413628417e-13,8.851587384180838e-14,4.500432212288277e-14
0.0,31,31.0,0.0,30.0,0.0,0.0,0.0,0.0,-13.0,0.0,2.0,0.0,0.0,0.0,3.667117337368125e-11,2.817424587098099e-11,2.0939397665132404e-11,1.6758960269487055e-11,1.1615099816192268e-11,7.551012329437882e-12,5.739958316483763e-12,3.524318764121765e-12,2.3718647643982816e-12,1.518641955363329e-12,9.753877674462344e-13,6.424407170585038e-13,4.116141837406272e-13,2.9335127536697253e-13,1.8024997309711313e-13,1.2478998857004015e-13,8.408174067790743e-14,5.71966623189124e-14,3.414351806894192e-14,2.2047157909422892e-14,1.6333836902654806e-14,8.122996052907567e-15,4.45662051658503e-15,1.858874153858919e-15,4.904669439145777e-16,-1.409344609688546e-16,6.643931010444459e-09,3.874149988024465e-09,2.232535262189806e-09,1.1589306005001844e-09,6.463404738761496e-10,3.2590894149582384e-10,1.7045187966068962e-10,9.02774334422316e-11,4.501791688988451e-11,2.0132254494728157e-11,9.098667783382565e-12,4.29132210136977e-12,2.2207485520543085e-12,9.766282726187468e-13,5.09654932133646e-13,2.5701709887019926e-13,1.4595896335332344e-13,6.603046722642427e-14,5.0427235501309776e-14
0.0,32,32.0,0.0,30.0,0.0,0.0,0.0,0.0,-13.0,0.0,2.0,0.0,0.0,0.0,3.5187260280745e-11,2.951723080434058e-11,2.193327295590849e-11,1.5653409028107325e-11,1.1048564676840431e-11,7.886519748817486e-12,5.112373460021464e-12,3.4701966267852124e-12,2.1986683315459558e-12,1.4251295844729852e-12,9.50030645568364e-13,6.140116928192097e-13,4.069839327446367e-13,2.7234301132650465e-13,1.8520713494145318e-13,1.2617662587398152e-13,8.032770648472962e-14,5.166906707673637e-14,3.534518548220928e-14,2.117876373683147e-14,1.2114018953333997e-14,9.712018560945868e-15,5.018580026847229e-15,7.831286767661468e-16,2.914577907236981e-15,1.5569083611124254e-15,6.708065668561874e-09,3.7907019726651946e-09,2.1986902786089796e-09,1.1809429104587473e-09,6.127633415915956e-10,3.440414129641426e-10,1.7469803327061314e-10,9.258780333893248e-11,4.2851097407533605e-11,1.9609006948063565e-11,9.690360533825124e-12,4.026179515037106e-12,2.055353340814342e-12,9.987894849046063e-13,4.964142734688821e-13,2.407054124423084e-13,1.3929395364246046e-13,8.003591181355665e-14,3.0589828200148613e-14
0.0,33,33.0,0.0,30.0,0.0,0.0,0.0,0.0,-13.0,0.0,2.0,0.0,0.0,0.0,3.616926113214801e-11,2.8224665791647892e-11,1.984841718534736e-11,1.5947457878585402e-11,1.0861722046045581e-11,7.499340951323953e-12,5.070544460449561e-12,3.336201053077771e-12,2.1360786418588726e-12,1.294419022953406e-12,9.02209744839167e-13,6.031238913204778e-13,3.7375070071859604e-13,2.5526820124998143e-13,1.7357190445605543e-13,1.1813131416951566e-13,7.95160145597544e-14,5.190405647684345e-14,3.468814558580323e-14,1.997358675847772e-14,1.351925012484977e-14,7.887381536732426e-15,2.5651148185646434e-15,3.2485196577981632e-15,-4.1413406759895545e-16,2.8243104914300118e-15,6.57765936018431e-09,3.89520298321853e-09,2.1683451687995695e-09,1.2365422942391596e-09,6.549790039285896e-10,3.3294445812252025e-10,1.7772138122474546e-10,8.432157875111513e-11,4.2781149988221844e-11,2.009188774830303e-11,9.551922075842455e-12,4.474139664346018e-12,1.9955010279695157e-12,9.54941620362718e-13,4.696993216548895e-13,2.3242240464829355e-13,1.1520146005584541e-13,8.192759152448502e-14,2.048338044375875e-14
0.0,34,34.0,0.0,30.0,0.0,0.0,0.0,0.0,-13.0,0.0,2.0,0.0,0.0,0.0,3.452160349590023e-11,2.6996850503702708e-11,1.9896918641846817e-11,1.3888641275303847e-11,1.1166835171080141e-11,7.189019097486585e-12,4.881885943960957e-12,3.3536636280539275e-12,2.2107059246956844e-12,1.3406935174529707e-12,8.651838015045183e-13,5.44797258163113e-13,3.612047674023026e-13,2.5206839020167117e-13,1.7263242796697786e-13,1.1734090593448904e-13,7.687062897060843e-14,4.933295857111011e-14,2.993184594640772e-14,2.1230139026740487e-14,1.3974049112527401e-14,7.280449041090658e-15,7.312394518602055e-15,2.926567938020216e-15,1.1917842928313626e-15,1.1775364232620338e-15,6.584887299456821e-09,3.750974368359026e-09,2.1182178756110585e-09,1.1780947099368244e-09,6.123851554066803e-10,3.2031376285119743e-10,1.6593591577687924e-10,8.308792319450108e-11,4.1228761055291555e-11,2.0545171458851116e-11,9.388399675380306e-12,4.00708659293985e-12,1.9186931267461726e-12,9.129662313655605e-13,4.552630037538022e-13,2.264888643956131e-13,1.3184141433120935e-13,6.987992723272657e-14,3.7433763263407455e-14
0.0,35,35.0,0.0,30.0,0.0,0.0,0.0,0.0,-13.0,0.0,2.0,0.0,0.0,0.0,3.319757953252175e-11,2.5867245772690264e-11,1.9310703243217587e-11,1.4766958861758406e-11,9.94050242918713e-12,6.686363217696394e-12,4.786626293590321e-12,3.1425019347009136e-12,1.9219764482783e-12,1.238646218082705e-12,8.344668866060625e-13,5.728866754600069e-13,3.8462689950340595e-13,2.54175772532718e-13,1.5666558495693313e-13,1.1144831812453324e-13,7.334545622983567e-14,4.970044835785514e-14,3.243889900443439e-14,1.7916554536039615e-14,1.2765565735852216e-14,7.362049386987141e-15,3.493472973869486e-15,2.4325071830268785e-15,-3.7378975792516107e-16,3.5367198849657737e-16,6.8783238571833716e-09,3.5674564757456062e-09,2.163334087494736e-09,1.1375361667079685e-09,6.258453360184561e-10,3.096770247352841e-10,1.5714210793707246e-10,7.8986577507646e-11,4.039600121532334e-11,1.9457982247744453e-11,9.200211835652196e-12,4.336249622175847e-12,1.976139775973647e-12,8.466728942153503e-13,3.913667386110085e-13,2.3039812219362436e-13,1.3721957328590078e-13,7.549424282562303e-14,1.453867469816856e-14
0.0,36,36.0,0.0,30.0,0.0,0.0,0.0,0.0,-13.0,0.0,2.0,0.0,0.0,0.0,3.301656289156625e-11,2.5702026293273008e-11,1.9567931450712535e-11,1.3909502519831142e-11,9.904080238508181e-12,7.031092391134063e-12,4.606282841603155e-12,2.9405268864710483e-12,2.0349892727921956e-12,1.2233007433792622e-12,8.10756846793215e-13,5.163314043446686e-13,3.419335865796169e-13,2.2603049685854242e-13,1.5290341482836372e-13,1.1041966105552291e-13,7.162492548041405e-14,4.604360756058806e-14,3.156242592971002e-14,2.0751201167989487e-14,1.1253916020724087e-14,7.276980639338082e-15,2.6743094047043803e-15,2.4476930854951755e-15,8.268137720292184e-16,1.9935631537311683e-16,6.986398294091523e-09,3.8062139934951764e-09,2.2182451376558067e-09,1.1477241114728254e-09,6.265322788420457e-10,3.1901916806101045e-10,1.5601024611411653e-10,7.493786643257807e-11,3.7651049648171786e-11,1.8658092561197695e-11,8.577030128515186e-12,3.971078068946369e-12,1.7968956201613935e-12,8.519113862573776e-13,4.11842000392334e-13,2.230184051030394e-13,1.1168953597185738e-13,4.52715272150233e-14,2.791967464932417e-14
0.0,37,37.0,0.0,30.0,0.0,0.0,0.0,0.0,-13.0,0.0,2.0,0.0,0.0,0.0,3.2658862879264986e-11,2.5329528454857e-11,1.8738708872978083e-11,1.3378921413286409e-11,9.63197973404553e-12,6.549059012937287e-12,4.26099666571668e-12,2.873083582644612e-12,1.9017237351482732e-12,1.1712577550418186e-12,7.56715201389883e-13,5.077881876792897e-13,3.229114920038972e-13,2.2186616754136624e-13,1.4120194274116187e-13,1.065891152883214e-13,7.127262675191112e-14,4.798968721445353e-14,3.007648043453195e-14,1.910341815758543e-14,1.0515458369005557e-14,6.568101190940128e-15,4.453733126904534e-15,3.697203920574799e-15,2.3705406712649203e-15,2.7757039463403766e-15,7.2329020344087245e-09,4.1201345098084774e-09,2.1216907365217857e-09,1.1870244949498385e-09,6.15662528095612e-10,3.123079770469059e-10,1.542023977832608e-10,7.84331602319455e-11,3.887609236221997e-11,1.732720675248085e-11,7.64575296835293e-12,3.800136078260442e-12,1.7573672246804446e-12,8.462977104458573e-13,4.035502217464219e-13,2.169328283142783e-13,1.0514245640646171e-13,6.6137772223796e-14,1.742149945712451e-14
0.0,38,38.0,0.0,30.0,0.0,0.0,0.0,0.0,-13.0,0.0,2.0,0.0,0.0,0.0,3.0769601854970304e-11,2.48439264814774e-11,1.8432867999386312e-11,1.3154766851107243e-11,9.53168462097969e-12,6.279277060790439e-12,4.309090408379176e-12,2.8808113152283e-12,1.7553760321334292e-12,1.2021540242854993e-12,7.758263090385002e-13,4.625599397271321e-13,3.174453626438243e-13,2.2855956871087153e-13,1.5280779569150328e-13,1.0000188401724989e-13,6.377998080933016e-14,4.6388848948579526e-14,2.8029420322086236e-14,1.8450397827974794e-14,1.1205466253917232e-14,7.154415899647821e-15,4.145098907155827e-15,2.599864235360922e-15,1.8725236618951256e-15,-2.833659707313958e-16,6.602903500283661e-09,3.636936609925424e-09,2.1399406974327608e-09,1.0559335696295505e-09,5.882161125470924e-10,3.0694154035553413e-10,1.48904102817313e-10,7.282417747126781e-11,3.5115179115009253e-11,1.7439929478404636e-11,8.25906290610082e-12,3.819746349599248e-12,1.7383246493605477e-12,8.086580050705448e-13,3.80068177708512e-13,1.8993628823181785e-13,1.0059898066101489e-13,6.872779685432011e-14,3.5582819369618476e-14
0.0,39,39.0,0.0,30.0,0.0,0.0,0.0,0.0,-13.0,0.0,2.0,0.0,0.0,0.0,3.0601869078806753e-11,2.3125804359880978e-11,1.883680115284804e-11,1.2787913455187802e-11,9.336741327100737e-12,6.458885918106869e-12,4.0634508618144746e-12,2.5877036341585826e-12,1.8140944698641274e-12,1.1203011186060672e-12,7.134221076796222e-13,4.43185014701368e-13,2.879608529041335e-13,2.124614484162969e-13,1.3988470712028107e-13,9.682813646415086e-14,6.393840430675677e-14,4.129142486004581e-14,2.840403007874239e-14,1.6574180817287644e-14,1.0806715663597947e-14,8.316692895144602e-15,2.601939454008636e-15,3.609986607205227e-15,1.7688262803850594e-15,3.072424609525284e-15,6.800066546570318e-09,3.804315715732707e-09,1.9243766117839795e-09,1.1127269948175652e-09,5.824541616180228e-10,2.85938867708813e-10,1.4167202420442013e-10,7.499103050415178e-11,3.467208274650212e-11,1.7228294586795376e-11,7.990428755092764e-12,3.701244458198793e-12,1.6757326716534059e-12,7.545460555353229e-13,3.822099353753342e-13,1.894907405446049e-13,1.1172988222159039e-13,5.874944113190755e-14,3.9147872141709314e-14
0.0,40,40.0,0.0,30.0,0.0,0.0,0.0,0.0,-13.0,0.0,2.0,0.0,0.0,0.0,2.798035384280832e-11,2.2514383043616024e-11,1.736417086637491e-11,1.2091880597176234e-11,8.538316603100096e-12,6.025704113601531e-12,4.118065823860137e-12,2.6476727558963217e-12,1.706922759051515e-12,1.0776383865614553e-12,7.179379755614872e-13,4.5269601387082407e-13,3.022856979035082e-13,2.0720813320206477e-13,1.3456089541965757e-13,9.599117601474616e-14,6.500496341193123e-14,4.031032055986981e-14,2.679646566123589e-14,1.838250054338757e-14,1.0487395194956486e-14,6.9397998139601004e-15,3.969238298003503e-15,2.2941058901090096e-15,-3.122998505503198e-16,-6.724617959809793e-16,6.507271793867837e-09,3.7689145406819235e-09,1.963459537163041e-09,1.0923457997549578e-09,5.350192828847779e-10,2.903107993635852e-10,1.3476686685104948e-10,7.24088847908099e-11,3.2996515362561916e-11,1.618106342888668e-11,8.072962780188005e-12,3.301081736606745e-12,1.5374423767771397e-12,7.603655695623532e-13,3.5104796108325114e-13,1.9197849663699483e-13,9.932994134737686e-14,4.494989848943929e-14,2.8313436592121767e-14
0.0,41,41.0,0.0,30.0,0.0,0.0,0.0,0.0,-13.0,0.0,2.0,0.0,0.0,0.0,2.9099666149192065e-11,2.1980926934181836e-11,1.6192702032523643e-11,1.1923020189971648e-11,8.322044746028334e-12,5.759901832789575e-12,3.821585997448182e-12,2.621235311877489e-12,1.689248354464594e-12,1.0651937787656598e-12,6.599436994079845e-13,4.3624955948246005e-13,2.872326633346284e-13,1.952849060971706e-13,1.357862229975924e-13,9.002242636435743e-14,5.919513345613481e-14,4.0723123637128926e-14,2.4572450789000373e-14,1.4972726469655828e-14,9.717599450371309e-15,5.3518496526328206e-15,2.9595708473764103e-15,2.4202907570579882e-15,3.112496341714806e-15,7.597576133178894e-16,6.817419748899736e-09,3.7038358531837655e-09,2.0179505395763644e-09,1.0769031737539738e-09,5.347821211001089e-10,2.883211381042986e-10,1.3931657868040893e-10,6.711119168315183e-11,3.3227175367820544e-11,1.558336616914444e-11,7.582114135242833e-12,3.5729991940758118e-12,1.5774163860457481e-12,6.995828502585948e-13,3.6274049362553977e-13,1.778931602891558e-13,8.387322484579889e-14,5.4583202599038994e-14,3.09318428006847e-14
0.0,42,42.0,0.0,30.0,0.0,0.0,0.0,0.0,-13.0,0.0,2.0,0.0,0.0,0.0,2.8638749688029636e-11,2.092880171805512e-11,1.6457641114699878e-11,1.1933785925383038e-11,8.250156695083224e-12,5.684248955792136e-12,3.708647849912902e-12,2.610128566777384e-12,1.604000546580967e-12,1.0245187111985777e-12,6.383448200243329e-13,4.284416935221506e-13,2.7231983903026954e-13,1.955184890537404e-13,1.3471409149801422e-13,9.157200697301931e-14,5.747200253188626e-14,3.594997089747296e-14,2.642988074838805e-14,1.734527347888637e-14,1.0860709588028044e-14,6.921410916171409e-15,4.695804386378057e-15,2.5932182975552497e-15,3.4085972955396857e-15,1.6387665072248505e-15,6.88212177364522e-09,3.616438537781012e-09,2.1057432264067985e-09,1.088589512080546e-09,5.599492998263765e-10,2.75592714804978e-10,1.3536673285191121e-10,6.392951370816533e-11,3.3396079708997144e-11,1.5285034535135462e-11,7.10474967243712e-12,3.3547375785254184e-12,1.5159036799597949e-12,6.775769689136689e-13,3.361341811380531e-13,1.7741365392702879e-13,8.780462835292101e-14,3.976986819839953e-14,3.429599310110946e-14
0.0,43,43.0,0.0,30.0,0.0,0.0,0.0,0.0,-13.0,0.0,2.0,0.0,0.0,0.0,2.6013332870509874e-11,2.1461898048902097e-11,1.5392198724835388e-11,1.1320265571247726e-11,8.053556813613632e-12,5.705750642841854e-12,3.4668642940056455e-12,2.5758472657789207e-12,1.5733377122086393e-12,9.1497699666586e-13,5.945220229550705e-13,4.0210369989431196e-13,2.6572386871415877e-13,1.8734882529061838e-13,1.2168966657242939e-13,8.037435966590789e-14,5.873654816355789e-14,3.973166544618506e-14,2.3195481809316104e-14,1.664493020709289e-14,1.002050198544586e-14,6.147198392247093e-15,3.7138032172521245e-15,1.4686697798965049e-15,-5.039246195364839e-16,1.6876937673296227e-15,6.701029271136736e-09,3.609869735806109e-09,1.867805325727413e-09,9.82832555457026e-10,5.475927527807375e-10,2.6616712292713893e-10,1.2488394646067963e-10,6.457323296386379e-11,3.0584574777969605e-11,1.4581671598461604e-11,6.6805449982313095e-12,3.217041024105202e-12,1.4261798350844404e-12,6.60575630686101e-13,3.1661199628609874e-13,1.6454536580377046e-13,9.718165451840917e-14,6.000553848579908e-14,3.333569908611506e-14
0.0,44,44.0,0.0,30.0,0.0,0.0,0.0,0.0,-13.0,0.0,2.0,0.0,0.0,0.0,2.4991584086087758e-11,1.968641256986764e-11,1.5313118957971736e-11,1.0962701031487025e-11,8.011362466311874e-12,5.519133868226847e-12,3.533792085535959e-12,2.3170857353123792e-12,1.4542688124220604e-12,9.39970101191718e-13,5.837443933496212e-13,3.857805253413149e-13,2.65648034036957e-13,1.7459091630796007e-13,1.1904214818360886e-13,8.579014353070804e-14,5.569906286626583e-14,3.9356943067217264e-14,2.3312097493023666e-14,1.634757359532161e-14,8.72937988458442e-15,6.2247983181122835e-15,3.740055007234593e-15,1.0887803513768526e-15,2.5704170439046274e-15,5.601483674282673e-16,7.047388248452201e-09,3.6378761527477656e-09,2.0611205912902743e-09,9.617382994417647e-10,5.291127393982567e-10,2.4990657143380266e-10,1.2664678707593602e-10,6.136356111039872e-11,3.0208009573573925e-11,1.378049432048854e-11,6.209502026668155e-12,3.1870722718301992e-12,1.448899592188865e-12,6.570724790720808e-13,3.1450398156524674e-13,1.5359270864273582e-13,7.155865990563905e-14,5.206467250173233e-14,3.47859788563141e-14
0.0,45,45.0,0.0,30.0,0.0,0.0,0.0,0.0,-13.0,0.0,2.0,0.0,0.0,0.0,2.430276623157472e-11,1.9157968596832136e-11,1.4374865207220279e-11,9.948319600652504e-12,7.352052383666924e-12,5.040317139103059e-12,3.391364311737448e-12,2.42952783095552e-12,1.377940798657906e-12,9.265480898159084e-13,5.445998064963162e-13,3.863078785150304e-13,2.478529303551306e-13,1.7716656265316332e-13,1.1513404059483395e-13,8.03183252065893e-14,5.250401277404779e-14,3.8344762388791364e-14,2.1546484645025355e-14,1.528002886102797e-14,1.0726427686388055e-14,4.76793382281679e-15,3.194692700366718e-15,2.397958563708113e-15,2.443422644952001e-15,1.0971858427908711e-15,6.8337855139621086e-09,3.775005647204785e-09,1.90877760025601e-09,1.0013751610907938e-09,4.94414438514384e-10,2.5107564704295663e-10,1.1845103247705413e-10,5.868135545957866e-11,2.8756701127369893e-11,1.4070718407316038e-11,7.007305646494766e-12,2.83689040519208e-12,1.365849762105512e-12,6.320802563169064e-13,2.841067742376938e-13,1.5980753649966358e-13,8.400690507443047e-14,4.499912653969269e-14,5.5124681540776715e-15
0.0,46,46.0,0.0,30.0,0.0,0.0,0.0,0.0,-13.0,0.0,2.0,0.0,0.0,0.0,2.422887160043185e-11,1.8035219958416913e-11,1.4052946518907283e-11,1.044448373478405e-11,7.444419383449067e-12,4.88760627180391e-12,3.1665703917207805e-12,2.0703928151758017e-12,1.4378448342979508e-12,8.222766483595553e-13,5.428612053990923e-13,3.7649401749746336e-13,2.4042653842678367e-13,1.6617004784634022e-13,1.0607585345932805e-13,7.759454024345379e-14,5.3225012537954814e-14,3.401704044421795e-14,2.5172566322704244e-14,1.4687937376143664e-14,9.157467068927688e-15,5.391828956604726e-15,3.873014720716616e-15,3.360587864045916e-15,7.662023531864357e-16,-8.197418280598604e-16,6.809867133925223e-09,3.677419040463633e-09,1.8180348532802216e-09,9.540267934794377e-10,4.794144238253328e-10,2.395931449982577e-10,1.2332868612567906e-10,5.7534191202845685e-11,2.775899469853486e-11,1.2902232467611357e-11,6.207904655128326e-12,2.8459978153994245e-12,1.3236409668383785e-12,5.302995017291809e-13,2.79582537052621e-13,1.6329462248830514e-13,7.45634614189632e-14,4.4723386738050595e-14,2.6614983188465347e-14
0.0,47,47.0,0.0,30.0,0.0,0.0,0.0,0.0,-13.0,0.0,2.0,0.0,0.0,0.0,2.2693427466454016e-11,1.8656691740010788e-11,1.3303746173413101e-11,9.931988949152298e-12,6.914749811964913e-12,4.6176458433295225e-12,3.0596676400848504e-12,2.0796660303675462e-12,1.3091113773894831e-12,8.265223104713448e-13,5.28906292488903e-13,3.4557226050860393e-13,2.3979555199272263e-13,1.5570079228015204e-13,1.0236785322570415e-13,7.539429395970195e-14,5.084719892655477e-14,3.332891270198503e-14,2.0336346943160467e-14,1.4621426699411283e-14,9.67155991971015e-15,5.861828091323109e-15,4.0259555506592326e-15,3.526670499899704e-17,1.3330145238753383e-16,1.2024449162260592e-15,6.877067979877625e-09,3.4883889572456744e-09,1.896686601573125e-09,9.255555341034994e-10,4.75722623192242e-10,2.3604121909622913e-10,1.1288881492817614e-10,5.6660066999899686e-11,2.7673373901398403e-11,1.2966356365244851e-11,5.9994642213811975e-12,2.756894775324464e-12,1.2655950395858378e-12,5.925383053955821e-13,2.696886915480474e-13,1.4222610763784124e-13,6.591702961145915e-14,4.3071247028101336e-14,1.5127823398860776e-14
0.0,48,48.0,0.0,30.0,0.0,0.0,0.0,0.0,-13.0,0.0,2.0,0.0,0.0,0.0,2.283210158755337e-11,1.695457806416219e-11,1.2895787523746803e-11,9.431227622553686e-12,6.663446905531563e-12,4.595372067764272e-12,3.1160241723214493e-12,1.9689498954411014e-12,1.2624091833777343e-12,7.746937366336596e-13,5.122976698535667e-13,3.4358211573191895e-13,2.2894629464179494e-13,1.576497573967153e-13,1.0034481567669141e-13,7.361290479231814e-14,4.7086928636723e-14,3.274387343155222e-14,2.2153058473428426e-14,1.646438439216827e-14,8.938098647420844e-15,7.278122893589923e-15,3.3636202098409633e-15,1.960138105649312e-15,2.0253766694312688e-15,1.1848183573056597e-15,6.723917551852722e-09,3.6475200415717466e-09,1.8417645049391916e-09,9.239997076191188e-10,4.5772349217078516e-10,2.2820383996652588e-10,1.0897624517207456e-10,5.5149327219508186e-11,2.518544099244832e-11,1.2220218648645903e-11,5.747200561708475e-12,2.5465379417737706e-12,1.2270797886054404e-12,5.474941216173896e-13,2.658490572259649e-13,1.3409778996559992e-13,6.879333613222833e-14,4.41485830852084e-14,2.3133045535366978e-14
0.0,49,49.0,0.0,30.0,0.0,0.0,0.0,0.0,-13.0,0.0,2.0,0.0,0.0,0.0,2.1552509412273008e-11,1.6534860441453957e-11,1.2408206246546381e-11,9.207364687521419e-12,6.761183116274919e-12,4.238934720862081e-12,2.8970847584420106e-12,1.852359626699871e-12,1.1897590220919323e-12,7.966866128294335e-13,5.008524772373668e-13,3.2194602890865976e-13,2.0630864890021658e-13,1.4536724182993506e-13,9.527183046292817e-14,6.83179241964581e-14,4.45925709937108e-14,3.193822354942326e-14,2.1107509910031747e-14,1.1859637909920128e-14,7.763840562393923e-15,6.1486136979605315e-15,1.102564989652851e-15,2.8522848659614327e-16,-2.2584299748254447e-17,4.3612382249301575e-16,6.92204786360044e-09,3.3146377279251544e-09,1.798630434768917e-09,8.998452051794612e-10,4.2345768285021283e-10,2.171970044850154e-10,1.0810565837176898e-10,5.4156337804017955e-11,2.566530756716226e-11,1.1989726192585503e-11,5.66716735247455e-12,2.4941641495827273e-12,1.1419149390253162e-12,5.322045722065845e-13,2.684775251779855e-13,1.3540222287562318e-13,7.709182314451312e-14,2.3072384547442643e-14,2.5857516709467513e-14
0.0,50,50.0,0.0,30.0,0.0,0.0,0.0,0.0,-13.0,0.0,2.0,0.0,0.0,0.0,2.007473119221206e-11,1.5578040114848088e-11,1.1948870684618795e-11,8.629281275579039e-12,6.599678329440932e-12,4.3301106849470226e-12,2.863867629495945e-12,1.853026693819952e-12,1.2215232682754567e-12,7.622537052737925e-13,5.140397431274274e-13,3.0952861718587235e-13,2.1928108895902626e-13,1.4809751811055559e-13,9.584896010396715e-14,6.367046682286756e-14,4.8483169996723156e-14,3.3470695475396254e-14,2.092053645240936e-14,1.1648754540767874e-14,6.740682968659088e-15,5.166421477916072e-15,4.389680964936829e-15,2.623720132232237e-15,1.259473521465803e-15,1.1578566178814334e-15,6.793597744170685e-09,3.5743882624049753e-09,1.7260591208566927e-09,8.365588491406565e-10,4.553601217286503e-10,2.0801531312880756e-10,9.762902065177599e-11,5.0591203390199176e-11,2.3292482454292018e-11,1.1636766187918727e-11,5.275815173926717e-12,2.2481597065780474e-12,1.1388392971448793e-12,5.393700226370158e-13,2.369213268896139e-13,1.199886170074276e-13,7.263375070255107e-14,4.421739001516384e-14,3.1806941287371256e-14
0.0,51,51.0,0.0,30.0,0.0,0.0,0.0,0.0,-13.0,0.0,2.0,0.0,0.0,0.0,2.000584731286078e-11,1.523533005595393e-11,1.146295450394052e-11,8.478947195161503e-12,5.8326761874679984e-12,4.202022597909522e-12,2.6737749870814202e-12,1.8542929824809337e-12,1.1544541210359988e-12,7.245873593283395e-13,4.630490260542651e-13,3.029196377771807e-13,2.0901227217145853e-13,1.4267568982800178e-13,8.708039172907432e-14,6.548358824576809e-14,4.050416949029084e-14,2.978257962909286e-14,1.8617593587273766e-14,1.1161692512630453e-14,6.857284553874412e-15,5.666065038226214e-15,5.0708170305076205e-15,1.2844053282798134e-15,1.5896532618007189e-15,2.0874576054420085e-15,6.792183009975112e-09,3.605910371059282e-09,1.6773769139997187e-09,8.20055220568923e-10,4.0035720692407754e-10,2.0312270437252038e-10,9.767441818739721e-11,4.8177985945410276e-11,2.2652048583120792e-11,1.0550738656528723e-11,5.046230586524477e-12,2.402260509076869e-12,1.0845336779656426e-12,4.880025328980553e-13,2.5360814311674897e-13,1.168612739722388e-13,6.992251024100916e-14,2.6971764395934405e-14,2.850354816374107e-14
0.0,52,52.0,0.0,30.0,0.0,0.0,0.0,0.0,-13.0,0.0,2.0,0.0,0.0,0.0,1.9256777703625928e-11,1.5376430626949768e-11,1.0852113776045856e-11,8.140484683194116e-12,5.770894904614947e-12,4.0144546985745905e-12,2.6664781378501404e-12,1.6356674723497884e-12,1.0905695213788943e-12,7.20351213021022e-13,4.661779714755384e-13,2.8859228297557443e-13,2.0100156776538696e-13,1.3538442732560787e-13,9.441786581312045e-14,5.978939920261345e-14,4.310636571468556e-14,2.7351394403656316e-14,1.8414232779928774e-14,1.1214434322653856e-14,8.653676137270834e-15,3.695624901032928e-15,3.94487188404714e-15,2.3219607295878977e-15,1.2107567419850965e-15,-4.8478232543266135e-19,6.5152670767334276e-09,3.2643794416903993e-09,1.671460161551039e-09,8.662287042716645e-10,3.852872058793628e-10,1.945131613790257e-10,9.697027215543386e-11,4.689230087606496e-11,2.1176954958761633e-11,1.0150114868868877e-11,5.0896493318731025e-12,2.318524363020063e-12,1.06845373357696e-12,4.982936302996101e-13,2.1146999524644513e-13,1.1060329239870713e-13,5.985339373256826e-14,1.311955776580752e-14,1.463519268776708e-14
0.0,53,53.0,0.0,30.0,0.0,0.0,0.0,0.0,-13.0,0.0,2.0,0.0,0.0,0.0,1.742622936937434e-11,1.3938659652327059e-11,1.0541728806040904e-11,7.523205817685972e-12,5.610939032568954e-12,3.735877328131766e-12,2.4962018110850664e-12,1.5817494807391626e-12,1.092619641418464e-12,7.143980138577854e-13,4.498592923180371e-13,2.8832058250505353e-13,1.8492699674912797e-13,1.289114606467207e-13,8.682955056009518e-14,5.71304215966153e-14,3.962604423095984e-14,2.7623158318343562e-14,1.9502342317511182e-14,1.1462734586531222e-14,8.010291512766704e-15,3.334828562839649e-15,2.2026884641702286e-15,1.0123077927446164e-15,1.023732378338765e-15,1.4171503694235893e-15,6.35369885941851e-09,3.3625698654422836e-09,1.5680748118600917e-09,7.822646772796813e-10,3.8967973005576395e-10,1.830751109327897e-10,9.278342799958142e-11,4.5662219722202354e-11,2.1127295086314004e-11,1.0378183736946753e-11,4.726648247963459e-12,2.1815402341981864e-12,9.740133626770333e-13,4.630990108725225e-13,2.1671807001152723e-13,1.074612948815386e-13,7.745564472285625e-14,4.283451691107298e-14,5.365189854243059e-15
0.0,54,54.0,0.0,30.0,0.0,0.0,0.0,0.0,-13.0,0.0,2.0,0.0,0.0,0.0,1.7426347657959515e-11,1.40085027579766e-11,1.0187686022770047e-11,7.274407603961743e-12,5.2640056639459204e-12,3.5819392246167726e-12,2.4656700505079717e-12,1.6725491983034236e-12,1.0615456873048993e-12,6.771879369519812e-13,4.370096177903747e-13,2.6144681379168255e-13,1.8601219007898434e-13,1.290642444841621e-13,8.272157926765236e-14,5.616232351619196e-14,3.844085795287215e-14,2.896079401328704e-14,1.47800538436669e-14,1.1878250618069e-14,5.975775845077541e-15,6.001350846184774e-15,4.399949706467435e-15,1.7580408430170476e-15,1.116097641763851e-15,1.9015435851260232e-16,6.787544393825441e-09,3.2302058099265765e-09,1.5624269763668415e-09,7.562689047863716e-10,3.604821597068692e-10,1.8335933286227833e-10,8.621491977264252e-11,3.877111258783568e-11,2.040990852888575e-11,9.45328271172916e-12,4.668897427959542e-12,2.2070590426189777e-12,9.83524733032072e-13,4.5208371373237093e-13,2.261515198109603e-13,1.2163804261843667e-13,5.306922219865893e-14,3.538212502571381e-14,2.143658809107363e-14
0.0,55,55.0,0.0,30.0,0.0,0.0,0.0,0.0,-13.0,0.0,2.0,0.0,0.0,0.0,1.593536479469623e-11,1.2784437877889473e-11,9.75387433731895e-12,6.8223469674599e-12,4.867780344987045e-12,3.471614338218386e-12,2.403786806369423e-12,1.572581899371245e-12,9.92401284691666e-13,6.326557685786933e-13,3.777321531195213e-13,2.758721725026809e-13,1.8005213783373572e-13,1.1951457392309523e-13,8.556111871020423e-14,5.554552135540461e-14,3.8005604013138134e-14,3.008167590891927e-14,1.732456848826355e-14,9.925997964044914e-15,9.558677841662017e-15,4.850713684622841e-15,3.237933816538164e-15,6.501052127568755e-16,9.76110066225121e-16,-6.37017198172732e-17,5.986952110871437e-09,3.1617694078883096e-09,1.5343185525853016e-09,7.427194395473128e-10,3.4330316405250083e-10,1.6688847695936136e-10,8.002221588309863e-11,3.861994990760925e-11,1.836147035389979e-11,9.449116206100632e-12,4.241877425415339e-12,2.113869775301082e-12,9.81057448196149e-13,4.3810649227248234e-13,2.3332801846680903e-13,1.0994291490168589e-13,4.3374282392959727e-14,3.388941864225101e-14,1.334337280812803e-14
0.0,56,56.0,0.0,30.0,0.0,0.0,0.0,0.0,-13.0,0.0,2.0,0.0,0.0,0.0,1.4866435192307692e-11,1.167796409714751e-11,8.869627747659265e-12,7.188914528613254e-12,4.826507175560666e-12,3.189097335828417e-12,2.1392649733652653e-12,1.4244484156341673e-12,9.91322302895069e-13,6.161344005472409e-13,3.6830844877852564e-13,2.640554550923566e-13,1.7073428145689092e-13,1.1579078607911202e-13,7.735905249347326e-14,5.3926639593511376e-14,3.8291102634760554e-14,2.6570989790195607e-14,1.516956911972732e-14,1.2672034016703711e-14,5.5618433221562115e-15,5.285443287594992e-15,3.373530458331098e-15,2.2090692661756043e-15,-7.708962392797994e-17,2.0892305106820978e-15,6.0579751582571765e-09,3.0576205996933826e-09,1.4714674194956899e-09,6.803708246342443e-10,3.4187350329886185e-10,1.602684655907074e-10,7.82492229754187e-11,3.6914501981681077e-11,1.8844399110990257e-11,8.863567154574381e-12,4.297665405785336e-12,1.9379524931469654e-12,9.435637158016169e-13,3.9780327124606344e-13,2.0563923130442987e-13,1.0102010036399945e-13,4.710010289128996e-14,7.893113416497659e-15,-5.329599213899376e-15
0.0,57,57.0,0.0,30.0,0.0,0.0,0.0,0.0,-13.0,0.0,2.0,0.0,0.0,0.0,1.5069091801937514e-11,1.1660218568506748e-11,8.45934024243531e-12,6.452993751486409e-12,4.694651101640889e-12,3.0994323066292455e-12,2.1136452308807085e-12,1.4392332694325573e-12,9.035357439871328e-13,5.663085025550955e-13,3.788814757579696e-13,2.635065619959514e-13,1.5991862575812593e-13,1.1454777815713868e-13,7.71670107117149e-14,5.2563666774920536e-14,3.6850753975771354e-14,2.74376517546881e-14,1.5225624420418936e-14,1.1105061390284462e-14,6.430020483778431e-15,2.8814823007341404e-15,3.546408222512691e-15,1.1097283061315378e-15,-3.0207551317429403e-16,-9.122486813826582e-17,6.124322889407288e-09,3.0545259309949685e-09,1.4582311331015093e-09,6.826754053211226e-10,3.2079627202425577e-10,1.6252400455220748e-10,7.01336874418414e-11,3.5967039723301794e-11,1.7066177129179532e-11,8.865831089577385e-12,3.9421358033606846e-12,1.855495669710816e-12,8.800633137985982e-13,3.9108178244119406e-13,1.8432204347352615e-13,8.952192282315765e-14,6.431719601471084e-14,3.495508801185474e-14,3.128368742094381e-14
0.0,58,58.0,0.0,30.0,0.0,0.0,0.0,0.0,-13.0,0.0,2.0,0.0,0.0,0.0,1.3680811921572378e-11,1.0969100367668056e-11,8.341427081626668e-12,5.890428906189404e-12,4.313914959950334e-12,2.9035363306457515e-12,2.1237172536424383e-12,1.4691379659132424e-12,9.032810978579855e-13,5.573353866912217e-13,3.586826154548073e-13,2.5215657661799395e-13,1.596706802614116e-13,1.0962896534005191e-13,7.323456206771916e-14,5.072652304410623e-14,3.393898448400081e-14,2.4702300883358235e-14,1.4655091408394497e-14,1.0711604826120004e-14,6.947423555427212e-15,4.970628249247932e-15,5.810054324163937e-16,2.051712821753741e-15,1.591570630478252e-15,-4.716819533538221e-17,5.937600619156764e-09,2.8888220567676578e-09,1.3452127403645453e-09,6.513180925573352e-10,3.02817619282912e-10,1.4772095054561508e-10,7.058396014795813e-11,3.3272081861158495e-11,1.6392321350143608e-11,8.379604369769212e-12,3.752438206204072e-12,1.8297035879354397e-12,8.053951260644379e-13,3.989162510652005e-13,1.9303960668543025e-13,9.965042890030327e-14,5.2611317146970143e-14,3.732208443118463e-14,8.271278381783723e-15
0.0,59,59.0,0.0,30.0,0.0,0.0,0.0,0.0,-13.0,0.0,2.0,0.0,0.0,0.0,1.3948847601789926e-11,1.0453079746840244e-11,8.069509232111905e-12,6.162441932389586e-12,4.139761477778588e-12,2.840183455769006e-12,1.954234422742787e-12,1.317308536768082e-12,8.77376965105289e-13,5.449728186868054e-13,3.4242958041772705e-13,2.367445841757633e-13,1.573986081981475e-13,1.0422058961014999e-13,7.075349601225928e-14,5.23734957343638e-14,3.451355110880602e-14,2.261374166436492e-14,1.454850848617338e-14,1.2916790365549493e-14,6.4451772968423855e-15,4.735091703491648e-15,3.9965130880179556e-15,1.5336510112385345e-15,8.881124367415355e-16,9.362706805919046e-16,6.072634934259398e-09,2.835541697303871e-09,1.2706173636749123e-09,6.546077342488109e-10,2.8735626913082985e-10,1.3893825601217208e-10,6.386849840981496e-11,2.9801308455814777e-11,1.6423930616777262e-11,8.035411761376483e-12,3.4223350554099822e-12,1.6680656886149113e-12,7.755255326241462e-13,3.8479240591872623e-13,1.8547796578920948e-13,1.0063046493509665e-13,3.9775906029473964e-14,3.7226777273175264e-14,1.1779734900812426e-14
0.0,60,60.0,0.0,30.0,0.0,0.0,0.0,0.0,-13.0,0.0,2.0,0.0,0.0,0.0,1.2669123034167271e-11,1.0023029265869435e-11,7.363885568094288e-12,5.612651542629562e-12,3.890676038785643e-12,2.66430024422598e-12,1.8122395996898777e-12,1.2270213616903155e-12,8.007988189697248e-13,5.120237731308376e-13,3.4515946793828496e-13,2.1571752451590666e-13,1.4502918976671007e-13,1.0657892715131486e-13,6.635690883213924e-14,4.6199575652418326e-14,3.362462103175617e-14,2.2050431506026796e-14,1.6471048814814617e-14,9.546798020591879e-15,5.721796495277449e-15,5.1048782425446205e-15,3.6659474165215455e-15,1.5530991223289855e-15,6.658530664434591e-16,3.242602356164228e-16,5.575971846043638e-09,2.866166428143051e-09,1.2240296439903683e-09,5.886665771371321e-10,2.625352527572593e-10,1.2875583878098544e-10,6.098298471173569e-11,3.104550063246792e-11,1.4644797135015978e-11,7.866515803694374e-12,3.413478215611594e-12,1.676848831297488e-12,7.827817850814464e-13,3.774005358162204e-13,1.723306502281944e-13,9.547380867514982e-14,3.73250838091153e-14,2.991992542897373e-14,2.0726418486530896e-14
0.0,61,61.0,0.0,30.0,0.0,0.0,0.0,0.0,-13.0,0.0,2.0,0.0,0.0,0.0,1.2377430364525379e-11,9.517113355820006e-12,7.0161574425083104e-12,5.421372729952206e-12,3.670992168921207e-12,2.697205674156319e-12,1.8163122310533102e-12,1.1331167050430355e-12,8.096150042840854e-13,5.166226283773058e-13,3.336236305383124e-13,2.221465235706212e-13,1.399526345742524e-13,9.50463139289858e-14,6.802057987780909e-14,4.572300198525872e-14,3.104211632685063e-14,2.3750559582198145e-14,1.527964607706507e-14,9.252191589247491e-15,6.3573926875304765e-15,2.388924329842257e-15,3.1269865715978186e-15,8.526879245327785e-16,2.4920321503906514e-15,8.345249689569128e-18,5.755060957949416e-09,2.461088898004256e-09,1.169834470884682e-09,5.649170505215233e-10,2.541592020324558e-10,1.313479701671674e-10,5.7647922532381435e-11,2.877999362362787e-11,1.3996452155875696e-11,6.766646077229959e-12,3.2506030586677902e-12,1.6010182796813259e-12,7.272360586170295e-13,3.611615198047137e-13,1.4295639644664476e-13,9.291284828956997e-14,3.25472301773279e-14,2.3495289585518947e-14,-5.074094041709364e-15
0.0,62,62.0,0.0,30.0,0.0,0.0,0.0,0.0,-13.0,0.0,2.0,0.0,0.0,0.0,1.1369798501169031e-11,9.258025034197507e-12,6.828903979085961e-12,5.0090341038847015e-12,3.6107689475159715e-12,2.437331606828058e-12,1.6881614233701585e-12,1.1873259840773284e-12,7.46699335922523e-13,4.826705341155071e-13,3.2435137603765604e-13,2.0733116885434217e-13,1.4104637135751032e-13,9.446294594218237e-14,6.207067285756637e-14,4.4977379908919464e-14,3.367932424994341e-14,2.349842854145172e-14,1.6889747544789013e-14,7.426300791716645e-15,4.4596704882278556e-15,3.617655652057658e-15,2.31292459113649e-15,2.9078697209851304e-15,-6.012311451196214e-16,-4.9011479835332496e-17,5.493904767216336e-09,2.4461295664039597e-09,1.1479723684429414e-09,4.980063692498456e-10,2.444998131814669e-10,1.1777420830558867e-10,5.348303362451701e-11,2.80942022571806e-11,1.3488548442013278e-11,6.3826889209976296e-12,3.0576186894276924e-12,1.4734639485114183e-12,6.950671822887993e-13,3.3856229114178375e-13,1.6491882848958897e-13,8.971845072553003e-14,3.8419670742330536e-14,2.876033383770791e-14,2.1464937130576127e-14
0.0,63,63.0,0.0,30.0,0.0,0.0,0.0,0.0,-13.0,0.0,2.0,0.0,0.0,0.0,1.0718184932204586e-11,8.726722120937636e-12,6.160669069048277e-12,5.035751335526271e-12,3.492029327144053e-12,2.422150778261245e-12,1.7109469106413687e-12,1.1557444416248024e-12,7.746125969056359e-13,4.867089477865053e-13,3.0683192586842404e-13,1.9684944884989846e-13,1.2890661559375974e-13,1.018642803868539e-13,6.419937274988586e-14,4.2380244769299817e-14,2.893491384909295e-14,1.9201043524710413e-14,1.5992665529869003e-14,9.521505992246233e-15,7.222353828104628e-15,2.6074931468685503e-15,2.1429757699741825e-15,-1.206388387189981e-16,8.542999630000598e-17,8.13782999120751e-17,5.220237027945061e-09,2.3242276867276046e-09,1.0619645175870395e-09,4.817476719882932e-10,2.2289219023870153e-10,1.0326184975135531e-10,5.1269464966801645e-11,2.5720256118577722e-11,1.2810656013466167e-11,6.14325634969605e-12,3.0166566937302326e-12,1.4070883853028054e-12,6.650674603358423e-13,3.525335644481472e-13,1.374512682993861e-13,8.409959298584895e-14,3.597297115851721e-14,4.379219943585442e-14,1.461818225810242e-14
0.0,64,64.0,0.0,30.0,0.0,0.0,0.0,0.0,-13.0,0.0,2.0,0.0,0.0,0.0,9.996046254083702e-12,8.184596948659058e-12,5.9704568174306966e-12,4.419621349619147e-12,3.2200492416135992e-12,2.3609794860159217e-12,1.6191980008270565e-12,1.0533710657524126e-12,7.302020696711122e-13,4.375291183178836e-13,2.8564505074159223e-13,1.8043999574041166e-13,1.3234839243150994e-13,8.201269990452971e-14,6.302221119282836e-14,4.107268413921594e-14,3.024086737116367e-14,2.316636532401638e-14,1.476294351577942e-14,1.1094021908354368e-14,5.867345214787979e-15,4.0346648990985086e-15,1.0241417044430467e-15,1.3115394693748748e-15,2.132513103464291e-15,-1.5527674736129067e-16,4.9832090910954e-09,2.1765615393646066e-09,9.669832568514126e-10,4.585549433877071e-10,2.169110069871546e-10,1.0300621141900785e-10,5.257642320847656e-11,2.3470960957552112e-11,1.1702547286181887e-11,5.96552723344447e-12,2.856946509550806e-12,1.3681834141245747e-12,7.031940602518812e-13,3.217791600228846e-13,1.3869588992645898e-13,6.774196469436192e-14,2.0057272638278125e-14,2.837169030989257e-14,1.3214214254809016e-14
0.0,65,65.0,0.0,30.0,0.0,0.0,0.0,0.0,-13.0,0.0,2.0,0.0,0.0,0.0,9.865137106291947e-12,7.668484363147742e-12,5.807030759682023e-12,4.372607192231822e-12,3.021042733576765e-12,2.0662520612455786e-12,1.4331769183876733e-12,1.006949513737268e-12,6.570424914593069e-13,4.042385731109913e-13,2.6229877933802427e-13,1.8006008694055509e-13,1.1721309347843882e-13,8.607371112506622e-14,6.059761853190485e-14,4.274278029391243e-14,2.9972282433088704e-14,1.9375558080815206e-14,1.3836794214528932e-14,1.1846747382744463e-14,7.0239567689666455e-15,3.883212836196494e-15,1.468299184024422e-15,3.043410090742754e-15,3.3306848559232164e-15,-9.267572526521245e-16,4.5860453795204466e-09,1.9464952594113293e-09,9.620351930362181e-10,4.1627297962210775e-10,1.9049798334063729e-10,9.620536607060676e-11,4.829096389121181e-11,2.362308913545687e-11,1.1093124969136321e-11,5.841498676022359e-12,2.6918520481498773e-12,1.3357803677259977e-12,6.081650396809666e-13,2.7790720504911705e-13,1.2846936182138943e-13,8.083722863960024e-14,2.036686223421454e-14,1.9485061424653333e-14,1.900982338681007e-15
0.0,66,66.0,0.0,30.0,0.0,0.0,0.0,0.0,-13.0,0.0,2.0,0.0,0.0,0.0,9.139103428624636e-12,6.954195337058179e-12,5.392942887510031e-12,4.016052936703101e-12,3.0327736468640075e-12,2.13319112194968e-12,1.3990421237341526e-12,1.003151499836331e-12,6.550733366022295e-13,4.2059684760281427e-13,2.7724261002254926e-13,1.8660806284089458e-13,1.2236649247119903e-13,8.272453679875884e-14,6.059696359262457e-14,3.997952345961492e-14,2.6363237349008405e-14,1.9764718388451867e-14,1.2201583793587569e-14,9.319048967449206e-15,5.830475186041345e-15,5.414265926399405e-15,2.590174668261352e-15,-1.1195590053193965e-16,-2.403572927392776e-16,2.04614850341369e-16,4.785456349521014e-09,2.074195529759962e-09,8.262382852145047e-10,3.911309306408687e-10,1.7779582095230102e-10,8.408013611047107e-11,4.149421299192155e-11,2.1881038349160014e-11,1.0884487373781746e-11,5.43446191176412e-12,2.547060903419396e-12,1.2027818317681478e-12,5.809261142581297e-13,3.0001868413181866e-13,1.3506764602401876e-13,6.91923877152607e-14,4.082947550959056e-14,4.3624521054473807e-14,-1.9918487006107515e-15
0.0,67,67.0,0.0,30.0,0.0,0.0,0.0,0.0,-13.0,0.0,2.0,0.0,0.0,0.0,8.727330851064908e-12,6.865175493821022e-12,5.388704236836413e-12,3.784556426062299e-12,2.8581584559483837e-12,1.9206533515485304e-12,1.3373395789136861e-12,8.797186722903971e-13,6.030997875940913e-13,4.1173278721447855e-13,2.689144752068636e-13,1.7841801927488942e-13,1.1169309223437508e-13,8.05940172615347e-14,5.694456997241667e-14,4.062838414323644e-14,2.6250217749519586e-14,1.7206259680525155e-14,1.2623092265267323e-14,7.078225686268657e-15,7.342921185980236e-15,2.175895209627244e-15,3.056359844635045e-15,3.4545487780088965e-15,-5.9505825051826985e-16,7.878433629045604e-16,4.46692496196433e-09,1.8584808595229098e-09,7.84932847945934e-10,3.4374095084296476e-10,1.670760428890148e-10,7.476665816036045e-11,4.1406161640112615e-11,1.9415480753916083e-11,1.028968405429143e-11,5.0545385692556644e-12,2.5259356099184512e-12,1.2352557225169277e-12,5.610574779679772e-13,2.8342133678894166e-13,1.3746621932869557e-13,7.527761143085298e-14,3.074118608360745e-14,1.9417664320035403e-14,1.1832271882886721e-14
0.0,68,68.0,0.0,30.0,0.0,0.0,0.0,0.0,-13.0,0.0,2.0,0.0,0.0,0.0,8.265792911314434e-12,6.26348346729895e-12,4.531098487122549e-12,3.857431147171943e-12,2.6848907726301275e-12,1.8667196200364318e-12,1.2566659002915377e-12,9.253121068239933e-13,6.093785034914582e-13,4.0055991065551957e-13,2.462171641823343e-13,1.7078237235103046e-13,1.149913538043188e-13,7.870628223707812e-14,5.370153887337301e-14,3.739728667440763e-14,2.7452543208738236e-14,1.9147461077188306e-14,1.3558470795028523e-14,7.273225643321701e-15,5.428286200168663e-15,2.32466877327674e-15,2.048394736058102e-15,2.411303866247111e-15,1.790008190141845e-16,1.3567344865739612e-15,4.033757342724659e-09,1.5763930677495828e-09,7.397451072539777e-10,3.4420383062542026e-10,1.5426940118175902e-10,7.522295951777946e-11,3.850137515642464e-11,1.865423809412522e-11,9.738701973364969e-12,4.855926058765964e-12,2.397156509351462e-12,1.1798737405471145e-12,5.809028927608206e-13,2.7076053756360224e-13,1.2998783819309652e-13,6.707748870950556e-14,2.6454613944571515e-14,1.9524670463593877e-14,-7.360871440705294e-15
0.0,69,69.0,0.0,30.0,0.0,0.0,0.0,0.0,-13.0,0.0,2.0,0.0,0.0,0.0,7.423252975981823e-12,6.145206278418694e-12,4.560217607555503e-12,3.3715855354728845e-12,2.5546607144825758e-12,1.8054640516018476e-12,1.2611345511839946e-12,8.877169701220143e-13,5.807131077667922e-13,3.8142018476842764e-13,2.4055014092529307e-13,1.5255581154930335e-13,1.0331476311630007e-13,7.418128837375262e-14,5.603527121610406e-14,3.56414808311993e-14,2.510994800181469e-14,1.7773780323565507e-14,1.3337745552880023e-14,8.409921083636724e-15,6.359334857927779e-15,3.3959132057590347e-15,2.4431999174547608e-15,1.0498259223677886e-15,6.822272421740098e-16,9.156577090000391e-16,3.8596110413279456e-09,1.5306861003186929e-09,7.012279664734505e-10,3.043286892623283e-10,1.426975229533622e-10,6.816685421371616e-11,3.4705544728530156e-11,1.7465753366952548e-11,8.899816626215453e-12,4.8254700852745995e-12,2.1714040179399894e-12,1.1399626796658987e-12,5.293787778477365e-13,2.4955132530044477e-13,1.3408411680486192e-13,5.852309372372425e-14,2.314465222752475e-14,1.5003629945891843e-14,4.883933619363934e-16
0.0,70,70.0,0.0,30.0,0.0,0.0,0.0,0.0,-13.0,0.0,2.0,0.0,0.0,0.0,7.0312288758819045e-12,5.463035192642675e-12,4.2268372950619614e-12,3.4358218700560357e-12,2.2477208104685443e-12,1.8098581590029868e-12,1.1986877522074938e-12,8.003258824706965e-13,5.698436903747032e-13,3.5082113917077394e-13,2.3584708123892695e-13,1.6051025264419345e-13,1.073237788495903e-13,7.242492486403952e-14,5.2024837301724304e-14,3.416159887365195e-14,2.3751784952621737e-14,1.814677209119455e-14,1.0846281662738073e-14,8.701396616909686e-15,4.207107962247046e-15,1.636908613954467e-15,1.6586601141131346e-15,1.004225838900888e-15,2.4069374639728545e-16,1.9119157143068493e-15,3.66749076328531e-09,1.374218832672022e-09,5.945406619809258e-10,2.8327100698915325e-10,1.329688437302044e-10,6.415435555307297e-11,3.359474470300783e-11,1.658805229700048e-11,8.439615145109192e-12,4.187992858312594e-12,2.0776875529092693e-12,1.1129013564918912e-12,5.34860480086085e-13,2.615049422639612e-13,1.0457622170382778e-13,6.734282143699151e-14,2.975574391083344e-14,2.478031795296217e-14,1.5547931328774703e-14
0.0,71,71.0,0.0,30.0,0.0,0.0,0.0,0.0,-13.0,0.0,2.0,0.0,0.0,0.0,6.508113772542933e-12,5.258181984295759e-12,4.099786383947496e-12,3.0826900309639137e-12,2.148678843443539e-12,1.5962481153831577e-12,1.1756173816426435e-12,7.751551126219734e-13,5.50452598109764e-13,3.3503683892616287e-13,2.39603320695504e-13,1.5725162310902129e-13,1.0034676068065376e-13,7.003655247604454e-14,4.910763797667107e-14,3.185875405201929e-14,2.1749292023946696e-14,1.829558342720331e-14,1.156059551567911e-14,6.824471967546022e-15,5.648099981977167e-15,4.6749096940427545e-15,2.7177387404996184e-15,1.824815813685006e-15,-5.928423996560219e-17,7.262084194691794e-16,3.263836282095893e-09,1.2852146431732594e-09,5.776942873899108e-10,2.603432791422505e-10,1.234615866376455e-10,6.124819912201692e-11,3.082575316218729e-11,1.5480640339721244e-11,8.146978630527318e-12,4.086144487718091e-12,2.129928596102304e-12,1.0136015689341391e-12,5.103817987021163e-13,2.4551149530734096e-13,1.2502056479062851e-13,5.723247536811963e-14,3.4067992934632987e-14,5.896266550710507e-15,2.4511070673234692e-14
0.0,72,72.0,0.0,30.0,0.0,0.0,0.0,0.0,-13.0,0.0,2.0,0.0,0.0,0.0,6.172677748308542e-12,4.783310330028159e-12,3.908767074317298e-12,2.9658153390606803e-12,2.1970259658703644e-12,1.6367813975648084e-12,1.1059786324367646e-12,7.28058214196244e-13,5.068973829230487e-13,3.332289862998635e-13,2.3299230345554904e-13,1.457820789687252e-13,1.0107914920599741e-13,6.709227266431753e-14,4.8728953893761436e-14,3.2278526001945586e-14,2.357985888589887e-14,1.6586358986620488e-14,9.719354043931824e-15,8.067028480842948e-15,4.5969598016418985e-15,4.829296414068401e-15,2.974839851802765e-15,2.4338331816191194e-15,2.1590486980341224e-15,1.2009551282542309e-15,2.9479238286641825e-09,1.1800362930138737e-09,5.169576453236837e-10,2.3062152718567797e-10,1.1412482922470659e-10,5.669805090152652e-11,2.7830548647907518e-11,1.5361583830361993e-11,7.625016882157342e-12,4.081231041823697e-12,2.0341861966470493e-12,1.0027688794557596e-12,4.5440057805634547e-13,2.3963724667007827e-13,1.2118193632320505e-13,7.029268574809484e-14,3.5193912219596866e-14,5.75755854638811e-15,1.816414522685668e-14
0.0,73,73.0,0.0,30.0,0.0,0.0,0.0,0.0,-13.0,0.0,2.0,0.0,0.0,0.0,5.983324237014053e-12,4.661046234038967e-12,3.653936071983878e-12,2.800714534747544e-12,1.975512736205174e-12,1.5362448015545297e-12,1.0545903718432313e-12,7.418710921597444e-13,5.115984812054805e-13,3.370524511235309e-13,2.1526682921436346e-13,1.4188992000726038e-13,9.425568876493446e-14,6.515401549835949e-14,4.537652928723525e-14,3.0244545576259623e-14,2.4265098925860046e-14,1.6385189288445045e-14,1.0247691089033555e-14,6.243735690272532e-15,3.5304682493125013e-15,3.97236198488698e-15,1.932428830352123e-15,1.8254323241425667e-15,-4.1609197697354407e-16,3.1441930521244144e-16,2.7031535984577313e-09,9.681175244199272e-10,4.2524796331550514e-10,2.090230345308373e-10,1.0095138589196742e-10,4.9381905908664723e-11,2.5957650954902925e-11,1.3511886824328185e-11,7.166825286771541e-12,3.796298111002134e-12,1.8968218517336157e-12,9.406489038480705e-13,4.716759155110701e-13,2.278168502873052e-13,1.0824057257977123e-13,5.743276099956436e-14,2.7270379453503486e-14,2.409371588482232e-14,4.834930425839751e-15
0.0,74,74.0,0.0,30.0,0.0,0.0,0.0,0.0,-13.0,0.0,2.0,0.0,0.0,0.0,5.668198435534116e-12,4.639500850983595e-12,3.4411107085632848e-12,2.7658631674588002e-12,1.978580247391003e-12,1.4340758185174503e-12,9.793675289104484e-13,6.992171621635904e-13,4.924223617621406e-13,3.0865207898446003e-13,2.0413278478480814e-13,1.3776943674523637e-13,9.200845747185466e-14,6.718261731516177e-14,4.6638307677536424e-14,3.148043720956875e-14,2.3963831794686145e-14,1.4871217327167002e-14,1.0845801615119934e-14,5.1434284291423855e-15,6.0109122773203634e-15,1.4583575822921524e-15,2.221759527453142e-15,2.1350189012154847e-15,-2.82405729509772e-16,3.2361856294085224e-16,2.3483118125860517e-09,9.1589300391345e-10,4.097849708942772e-10,1.940500373765709e-10,9.185038001248474e-11,4.5976074927807504e-11,2.380424546247545e-11,1.324847038488981e-11,6.938112242735129e-12,3.642225072384594e-12,1.7395512375358082e-12,8.844615314431563e-13,4.5239658133612086e-13,2.3466767934444075e-13,1.0559105571604807e-13,5.238225383235388e-14,2.2099235564839088e-14,1.0782033818699174e-14,-8.892279651275143e-15
0.0,75,75.0,0.0,30.0,0.0,0.0,0.0,0.0,-13.0,0.0,2.0,0.0,0.0,0.0,5.226667092490087e-12,4.24641589355676e-12,3.3040640664317872e-12,2.4635668770268247e-12,1.931146245747672e-12,1.4074206536750482e-12,9.47438585880667e-13,6.983283348037676e-13,4.4753609402714523e-13,3.0246364585488515e-13,2.04994386494658e-13,1.2969298724242799e-13,9.65312827161652e-14,6.293419391891369e-14,4.427736560929215e-14,3.076385012235637e-14,2.266300585854713e-14,1.4299709150281106e-14,1.0873641673454314e-14,6.050149183746662e-15,6.3736020094686175e-15,4.33608723418177e-15,3.847144908621357e-15,6.069887419552589e-16,1.3056710632744667e-15,3.904009684883957e-16,2.137628670769591e-09,7.992612994453652e-10,3.862511476341556e-10,1.7053029034116051e-10,8.653319900749131e-11,4.0893424977050404e-11,2.263198941308063e-11,1.2122926266336336e-11,6.2537668211320284e-12,3.374427007503658e-12,1.70736177001982e-12,8.765940023251642e-13,4.218452387884692e-13,2.0756638779763674e-13,1.0364865798877602e-13,4.671405618128095e-14,2.898268699238684e-14,1.5944686747634313e-14,1.2578395388828733e-14
0.0,76,76.0,0.0,30.0,0.0,0.0,0.0,0.0,-13.0,0.0,2.0,0.0,0.0,0.0,4.9100439389895275e-12,4.049983806054141e-12,3.1853062565567434e-12,2.452918710226672e-12,1.8149209101249508e-12,1.2875993677614355e-12,8.949417770182085e-13,6.893891159930337e-13,4.541959854800622e-13,3.0088962658707367e-13,1.9899347526095123e-13,1.327737544516593e-13,8.78528425617831e-14,6.697761540273987e-14,4.1904455346281106e-14,2.829748322755273e-14,2.0047000890596902e-14,1.4861486918658387e-14,1.041705536316943e-14,8.39214135898378e-15,6.026166316686757e-15,1.7521709733925415e-15,1.3763317335517118e-15,1.1583656998312864e-15,1.5875920747866512e-15,-5.318347652549018e-16,1.8372878127857467e-09,6.841707541136999e-10,3.2707741835562425e-10,1.5856121929455657e-10,7.920865708558264e-11,3.9972755569931894e-11,2.1018978652522095e-11,1.17537242801845e-11,6.191175909266649e-12,3.077281478579748e-12,1.661085254895953e-12,7.772165011822378e-13,3.951010502752301e-13,1.8354025261635e-13,8.24995668911981e-14,3.9532314621186964e-14,2.394280680819317e-14,1.9021122547503986e-14,5.253888924290132e-15
0.0,77,77.0,0.0,30.0,0.0,0.0,0.0,0.0,-13.0,0.0,2.0,0.0,0.0,0.0,4.377187406246307e-12,3.407113519067608e-12,2.873389678447893e-12,2.2389322930499147e-12,1.7748684366755473e-12,1.254002129367635e-12,9.240142881740462e-13,5.989654366077283e-13,4.369715246916142e-13,2.6709315185238897e-13,1.7921104153442558e-13,1.229662094930625e-13,8.298634448605388e-14,5.99971787774207e-14,4.173079280639506e-14,2.920603629353009e-14,2.152370015395517e-14,1.2240849360753673e-14,9.650145164756463e-15,6.914033942120344e-15,4.856143521343556e-15,3.2260260903070365e-15,1.978507136067921e-15,6.612801842298216e-16,-5.91033369162626e-16,2.1095556398043845e-15,1.6107595635319483e-09,6.614101236424363e-10,2.7612304417106234e-10,1.332612433105233e-10,7.095519891296061e-11,3.813956815345887e-11,1.9649487674286838e-11,1.0595273060913822e-11,5.5834910112514874e-12,3.045337731493705e-12,1.5028024471375201e-12,8.040758104334264e-13,3.782383726716982e-13,1.5704546126184896e-13,9.99737005616305e-14,3.65399912585675e-14,1.1966644810200454e-14,2.0296090323599446e-14,9.732862247968594e-15
0.0,78,78.0,0.0,30.0,0.0,0.0,0.0,0.0,-13.0,0.0,2.0,0.0,0.0,0.0,4.41934582711522e-12,3.414237933124043e-12,2.9065469703884897e-12,2.3236985981490984e-12,1.5913592275994893e-12,1.180726996068792e-12,8.522717039596257e-13,5.890015532343673e-13,3.968635135653605e-13,2.715233656735716e-13,1.8732683156991782e-13,1.2014182118969656e-13,8.470946841786498e-14,5.5712021058132516e-14,4.1445075081848017e-14,2.862785554350691e-14,1.9614568022447964e-14,1.4680021019954025e-14,1.0362750989197566e-14,5.572091895258429e-15,5.580260559395644e-15,2.9880873718978038e-15,2.9138843985783673e-15,-7.765996571661354e-16,7.47385135984351e-16,2.2988464072370744e-15,1.305147086452805e-09,5.474164553023172e-10,2.673957040741282e-10,1.284504181252335e-10,6.361458758927416e-11,3.154062306655757e-11,1.8587310267499178e-11,9.980141470463506e-12,5.251805740206372e-12,2.780306042971291e-12,1.4702491645098757e-12,7.682992001364214e-13,3.904888765410371e-13,1.9187834727377112e-13,9.15322754628276e-14,5.1430102225946546e-14,3.111765858736374e-14,6.913549386415592e-15,6.894325687411828e-15
