Line_number,Fiducial,Easting,Northing,Height,Elevation,tx_pitch,tx_roll,tx_yaw,txrx_dx,txrx_dy,txrx_dz,rx_pitch,rx_roll,rx_yaw,PX,PZ,S0X_time_1.086e-05,S0X_time_3.256e-05,S0X_time_5.426e-05,S0X_time_8.680e-05,S0X_time_1.411e-04,S0X_time_2.279e-04,S0X_time_3.689e-04,S0X_time_5.860e-04,S0X_time_9.115e-04,S0X_time_1.411e-03,S0X_time_2.192e-03,S0X_time_3.418e-03,S0X_time_5.339e-03,S0X_time_8.301e-03,S0X_time_1.338e-02,S0Z_time_1.086e-05,S0Z_time_3.256e-05,S0Z_time_5.426e-05,S0Z_time_8.680e-05,S0Z_time_1.411e-04,S0Z_time_2.279e-04,S0Z_time_3.689e-04,S0Z_time_5.860e-04,S0Z_time_9.115e-04,S0Z_time_1.411e-03,S0Z_time_2.192e-03,S0Z_time_3.418e-03,S0Z_time_5.339e-03,S0Z_time_8.301e-03,S0Z_time_1.338e-02
0.0,0.0,0.0,0.0,120.0,0.0,0.0,0.0,0.0,-107.0,0.0,-45.0,0.0,0.0,0.0,34.27253218749016,17.55503396713325,4.55507091378393,2.6614780984778,2.1661282081322164,1.7385015607716636,1.256969591139885,0.7925545774770886,0.4189380661037484,0.18669652518984786,0.07214521208115049,0.023895038061658956,0.006775625425108079,0.0016995695378234955,0.0003958138607663047,7.957390596072054e-05,-7.888196591800986e-05,6.94309820696241,4.923554299800357,4.272214195324315,3.677741694239269,2.944567685197243,2.130389386365052,1.348163102344405,0.7469236829993159,0.3693182944186925,0.16154840972344633,0.062436156213363604,0.02171867375746011,0.006969608305367834,0.0020946302736124713,0.00038614509653895214
0.0,1.0,1.0,0.0,120.0,0.0,0.0,0.0,0.0,-107.0,0.0,-45.0,0.0,0.0,0.0,34.27253218749016,17.55503396713325,4.559648192402372,2.68154542618795,2.2007461457528734,1.8069740651197301,1.3644580009228917,0.9129996532238437,0.5193676681262084,0.25085697961838355,0.10491393997858536,0.037408336596050314,0.01130626746920923,0.0029696538143409723,0.0007056311742729015,0.00014747903235855445,-7.224155900930624e-05,6.947091422900398,4.945938276140527,4.31453589545364,3.7712144161809866,3.1140515030287133,2.354601389213082,1.575679227875564,0.9289157295144442,0.488355835899338,0.22620239282237473,0.09189838597934563,0.03324746030251385,0.010965349346157668,0.003360650453958103,0.0007140719335214998
0.0,2.0,2.0,0.0,120.0,0.0,0.0,0.0,0.0,-107.0,0.0,-45.0,0.0,0.0,0.0,34.27253218749016,17.55503396713325,4.5645280479486114,2.7010814350177923,2.2257250170337723,1.8491399810371296,1.4372155724732287,1.0051510533856662,0.60527885519908,0.3118975227123078,0.13935872942266073,0.0529944201155767,0.016985252541317462,0.004675256639942329,0.0011441286719848134,0.0002474151724574207,-5.88294166939816e-05,6.951303971133037,4.967792853361732,4.345462785471523,3.8279302120941763,3.2254367525332124,2.5194989699071098,1.760305624974594,1.090743492596742,0.6035958405039714,0.29390610197427003,0.12497762539611311,0.04696150974746778,0.0159344794940329,0.004987183818027154,0.0011520566587858159
0.0,3.0,3.0,0.0,120.0,0.0,0.0,0.0,0.0,-107.0,0.0,-45.0,0.0,0.0,0.0,34.27253218749016,17.55503396713325,4.569729253348667,2.7210184454756696,2.2479997150347217,1.8781969233207445,1.486828930715482,1.0749837781173017,0.6772854090516544,0.36799056674012987,0.17386815579684892,0.06994686549190932,0.02364922969301302,0.006812080178181105,0.0017228393261192975,0.00038465696799945407,-3.719371106772304e-05,6.955748101859413,4.990046323684712,4.373280430345675,3.8669337811627025,3.299783392616285,2.6408051020305345,1.9090796824141436,1.2320332560595206,0.7119457219395533,0.3621585531844551,0.16051810213118428,0.0625224398234518,0.0218229818322843,0.006978924672528877,0.0017068803807466836
0.0,4.0,4.0,0.0,120.0,0.0,0.0,0.0,0.0,-107.0,0.0,-45.0,0.0,0.0,0.0,34.27253218749016,17.55503396713325,4.575270385303931,2.7415006771194563,2.2698714551183,1.9014138967215466,1.5217101387511929,1.1276070787178913,0.7368581990514563,0.41839914051153726,0.20734074025309143,0.08764117171113565,0.031103723852411468,0.009354251818702303,0.0024471062387630142,0.0005633999385304169,-5.991459903760605e-06,6.96043706173284,5.0128341145789355,4.400612875970659,3.8982330020034985,3.351318136860414,2.730096210801185,2.028450330384316,1.3540268495851548,0.8118820196647714,0.42917418573508304,0.19750967677413742,0.07957157584278146,0.028551536286618346,0.00933022682882285,0.002382519729659708
0.0,5.0,5.0,0.0,120.0,0.0,0.0,0.0,0.0,-107.0,0.0,-45.0,0.0,0.0,0.0,34.27253218749016,17.55503396713325,4.581170892056875,2.76255261966177,2.2919752953477883,1.922388097299126,1.5477890378594958,1.1673042990537166,0.7856887051673039,0.4630149635300073,0.23907903555667076,0.10556592920546486,0.039149585953437406,0.012261199861686424,0.0033167567316845004,0.0007866590576339623,3.595735516219638e-05,6.96538602754499,5.036177435480632,4.428150003917067,3.926594014226683,3.389562189302242,2.7961843608213712,2.123894889531178,1.4585874542094628,0.9028559780412775,0.49374373118421655,0.23511331833501622,0.09775835312827832,0.036025382213280124,0.0120272378221604,0.00318047937600205
0.0,6.0,6.0,0.0,120.0,0.0,0.0,0.0,0.0,-107.0,0.0,-45.0,0.0,0.0,0.0,34.27253218749016,17.55503396713325,4.587451273615127,2.784185475065828,2.3144562951944834,1.9427122401174857,1.5689826302638685,1.1976259104043592,0.8254494674012116,0.5020699778218868,0.26868149270284,0.1233241123211084,0.04759920698599462,0.015483670330917234,0.00432703578628959,0.0010562619365967626,8.963899457245801e-05,6.970612111088217,5.060085359404652,4.456039947792481,3.9540567087689826,3.4205599190947233,2.8458967271944884,2.2000048846532323,1.5477203204744439,0.9848993002652088,0.5550954417155435,0.27265761307476816,0.11675720040025027,0.04414200316841071,0.015049854683218717,0.004100128835925347
0.0,7.0,7.0,0.0,120.0,0.0,0.0,0.0,0.0,-107.0,0.0,-45.0,0.0,0.0,0.0,34.27253218749016,17.55503396713325,4.594133096624297,2.8064086253122498,2.3373436264759073,1.963019770116386,1.587688750924108,1.2214249210355386,0.8577172489525539,0.5359678575081873,0.29595321940707575,0.14062080769249036,0.056285147980474584,0.0189685052633251,0.005469617895876688,0.0013729117964197265,0.00015583138077115058,6.976134229778892,5.084565450059428,4.484309475748616,3.9814063794857,3.447894288401088,2.8844556195952675,2.260665620538058,1.6233626513736896,1.0583727773295135,0.6127778892006449,0.30962171859792614,0.1362763598185134,0.05279688589979477,0.018373455655468742,0.005139029513654412
0.0,8.0,8.0,0.0,120.0,0.0,0.0,0.0,0.0,-107.0,0.0,-45.0,0.0,0.0,0.0,34.27253218749016,17.55503396713325,4.60123901671466,2.829230755080494,2.360645638832287,1.983537921613542,1.6052695798747394,1.2408896893994257,0.8839424183898115,0.5651925966242013,0.3208384938470126,0.15724642640593933,0.06506366557003386,0.022662172293405097,0.006733580852250753,0.0017362968131146544,0.0002351011500815778,6.981973003225221,5.109625018701652,4.51296506864757,4.008915318067379,3.473545597408258,2.915719675816517,2.309188722008522,1.6873121202358652,1.1238098438802937,0.6665682271299879,0.34561342096855546,0.15606134094921878,0.06188765954774022,0.02197038810546923,0.006293243935368235
0.0,9.0,9.0,0.0,120.0,0.0,0.0,0.0,0.0,-107.0,0.0,-45.0,0.0,0.0,0.0,34.27253218749016,17.55503396713325,4.608792811712343,2.8526603118482043,2.3843681151027454,2.0043411729567806,1.6224465616425188,1.257613826849088,0.9054240859157314,0.5902615693320724,0.34337252422445524,0.17305981243584595,0.07381507638761761,0.026513201988254832,0.00810627577931462,0.0021452263016146027,0.0003278090719939438,6.98815066472438,5.135271593992125,4.5420110083632,4.036669504852811,3.4985372551616813,2.9424167833454566,2.3483797354745537,1.7412178091281352,1.1818225991421811,0.7164031205095159,0.38034688495676866,0.17589497747298716,0.07131692617364098,0.025811213103656788,0.007557622130319588
0.0,10.0,10.0,0.0,120.0,0.0,0.0,0.0,0.0,-107.0,0.0,-45.0,0.0,0.0,0.0,34.27253218749016,17.55503396713325,4.616819410497578,2.876705699619421,2.4085165212531283,2.025453381876003,1.6395775147366167,1.272699975387435,0.9232883059399335,0.6117001642288757,0.36364874436299344,0.187973099436765,0.08244234402724261,0.030473741736642603,0.009574064464647201,0.00259777841952262,0.00043412129668738336,6.994690974021233,5.161512994772241,4.571451407727614,4.064695553576587,3.523365485324833,2.966388879921915,2.380570637548398,1.7865894144719698,1.2330488804714625,0.7623278522477029,0.41362230788937543,0.19559545943817697,0.08099407026772767,0.029865720162444636,0.008926062154244279
0.0,11.0,11.0,0.0,120.0,0.0,0.0,0.0,0.0,-107.0,0.0,-45.0,0.0,0.0,0.0,34.27253218749016,17.55503396713325,4.625344914375637,2.9013752939300357,2.433096183209278,2.0468839866302226,1.6568293906345923,1.286875340006763,0.9384762439759318,0.6300248025430487,0.38179764468464494,0.20193896427062377,0.09086879167835675,0.034500435232006604,0.011122918331082534,0.003091447930970803,0.0005540245023814315,7.001619136146006,5.188357221260342,4.6012904334255955,4.0930040211694125,3.5482570197143173,2.98882579464137,2.4076480825043802,1.824804212363348,1.2781251290224993,0.8044595230303522,0.4453083114575175,0.21501327404182172,0.09083629496384604,0.034103733030329285,0.010391743502103529
0.0,12.0,12.0,0.0,120.0,0.0,0.0,0.0,0.0,-107.0,0.0,-45.0,0.0,0.0,0.0,34.27253218749016,17.55503396713325,4.634396612182971,2.926677408724076,2.4581124429325,2.0686391002614597,1.674276102904771,1.3005987189620196,0.9517460899748095,0.6457288856369392,0.39797329920647173,0.21494039728780404,0.09903548411093022,0.03855481415586423,0.01273888629070742,0.003623286098314572,0.0006873435359822183,7.008961730485758,5.215812340531578,4.631532534467847,4.1216020834460965,3.573310484352736,3.0104647989557614,2.4310928078249856,1.8571070323153023,1.3176737189784893,0.842961128653133,0.47532717015887044,0.23402767415374995,0.10076908748146286,0.038495731420658395,0.011947333376527093
0.0,13.0,13.0,0.0,120.0,0.0,0.0,0.0,0.0,-107.0,0.0,-45.0,0.0,0.0,0.0,34.27253218749016,17.55503396713325,4.644002992887497,2.9526202713689926,2.48357080128827,2.090724320592751,1.6919494794533096,1.3141479578446462,0.963687420227973,0.6592707272534278,0.4123444232066545,0.22698283193797328,0.10689858973574282,0.042603355466122955,0.014408445217703117,0.004190027867456741,0.0008337604746566158,7.016746554638804,5.243886180180993,4.662182347796573,4.150496466428296,3.5985681944350527,3.0317453409849477,2.4520318198739575,1.884606126642964,1.352296892333154,0.8780239393775808,0.5036426559691785,0.2525430671280442,0.1107262744489591,0.04301331514462465,0.0135851652364631
0.0,14.0,14.0,0.0,120.0,0.0,0.0,0.0,0.0,-107.0,0.0,-45.0,0.0,0.0,0.0,34.27253218749016,17.55503396713325,4.654193752801618,2.979212016209545,2.5094769930122482,2.113145269988609,1.7098637918894501,1.3276851009455644,0.9747437933088944,0.6710642124100892,0.42508778424958116,0.23808829555971125,0.1144268986496649,0.04661732129356795,0.016118749764805575,0.0047882039480077136,0.0009928342654386812,7.025002636021612,5.272586453733299,4.69324494075161,4.179694010446558,3.6240495089697755,3.0529202912184594,2.471297837242282,1.908269551741987,1.382572661888586,0.9098559828657836,0.5302501928186792,0.27048555296091564,0.12064979288303664,0.04762953664446361,0.01529739411274436
0.0,15.0,15.0,0.0,120.0,0.0,0.0,0.0,0.0,-107.0,0.0,-45.0,0.0,0.0,0.0,34.27253218749016,17.55503396713325,4.664999800389399,3.0064606847710236,2.5358370018694103,2.135907663609748,1.7280266637046509,1.3413015289408194,0.9852388677537935,0.6814729494725861,0.43638276129498593,0.2482911436113922,0.12159959580611433,0.05057246528227676,0.017857799138555727,0.0054142370589831245,0.0011640201657273958,7.0337601315016,5.301920617007265,4.724725672219455,4.2092016763151445,3.649765383041999,3.0741307690460107,2.489489207043847,1.9289253225840353,1.409050652006495,0.9386747209474958,0.555169021531096,0.28779972905707635,0.1304892743448614,0.05231912583990017,0.017076126510581796
0.0,16.0,16.0,0.0,120.0,0.0,0.0,0.0,0.0,-107.0,0.0,-45.0,0.0,0.0,0.0,34.27253218749016,17.55503396713325,4.67645325650665,3.0343742298252514,2.5626570558012487,2.1590173320771244,1.746443512101863,1.355047400937068,0.9954022475601333,0.6908080925138222,0.44640657296618796,0.25763492797012594,0.12840433868946435,0.054448663207602076,0.019614537815471608,0.006064522622140338,0.0013466884351579402,7.0430502606791485,5.331895809934103,4.756630125387079,4.239026544414979,3.6757240577213786,3.095453827781564,2.5070248381889937,1.9472666098672784,1.432247521724397,0.9647023491692129,0.5784360948894685,0.304445810085995,0.14020151649374168,0.057058628194956454,0.01891352866563715
0.0,17.0,17.0,0.0,120.0,0.0,0.0,0.0,0.0,-107.0,0.0,-45.0,0.0,0.0,0.0,34.27253218749016,17.55503396713325,4.688587450184323,3.0629605211167106,2.589943620596538,2.1824802496522704,1.765119174497183,1.3689498715530708,1.0053926386121035,0.6993294189541754,0.45533011592629513,0.2661700105635093,0.13483565094806144,0.05822950754517853,0.021378905431094112,0.006735494756052459,0.0015401418887671977,7.052905241894289,5.362518807655906,4.7889640517900105,4.269175818504732,3.7019330410642772,3.1169313483663084,2.524191062126964,1.9638615986855086,1.4526424409113416,0.9881625449109956,0.6001014292912459,0.32039707451760807,0.14974989667494062,0.06182647374981883,0.02080191489198351
0.0,18.0,18.0,0.0,120.0,0.0,0.0,0.0,0.0,-107.0,0.0,-45.0,0.0,0.0,0.0,34.27253218749016,17.55503396713325,4.701436909592386,3.0922273529879116,2.6177033980484214,2.2063025573671875,1.7840584245506748,1.3830238294800967,1.0153171617714942,0.7072488889908147,0.4633145209248549,0.273951633411579,0.1408936137322795,0.06190189375123476,0.02314184868582442,0.007423678753463012,0.00174363209136164,7.063358229796286,5.393795981115538,4.8217333305295895,4.299656818829782,3.728399683555023,3.13858673894822,2.541179374238084,1.979166726812393,1.4706732897900427,1.009277894730267,0.6202246392128725,0.33563763234963095,0.15910376595024192,0.06660299201527384,0.022733818318976733
0.0,19.0,19.0,0.0,120.0,0.0,0.0,0.0,0.0,-107.0,0.0,-45.0,0.0,0.0,0.0,34.27253218749016,17.55503396713325,4.715037347698009,3.1221824545813486,2.6459433281240514,2.2304905748588104,1.803266103129564,1.3972779390288486,1.0252465895784086,0.7147358045797743,0.4705085414721362,0.2810382616056649,0.1465828160181718,0.06545561803268839,0.024895305579127395,0.008125731430944017,0.0019563740947175267,7.0744432532916415,5.425733267648626,4.854943939392992,4.330476960919569,3.7551312940852255,3.1604341459083543,2.558115424389363,1.9935417487743134,1.486734109892043,1.0282675816558977,0.6388723869628211,0.35016050099149926,0.16823784915552054,0.07137038526141501,0.024702046306900954
0.0,20.0,20.0,0.0,120.0,0.0,0.0,0.0,0.0,-107.0,0.0,-45.0,0.0,0.0,0.0,34.27253218749016,17.55503396713325,4.729425642152087,3.152833503165116,2.674670593191223,2.2550508027740297,1.8227471399025252,1.411717882520583,1.0352268323059155,0.7219227554431218,0.4770468236839512,0.2874901041636865,0.15191151485301482,0.06888300043782364,0.02663216998484262,0.008838470867061163,0.0021775596919790348,7.086195152807012,5.458336151797781,4.888601933878232,4.361643726010866,3.7821351394152196,3.1824832934589344,2.575080404589231,2.0072652061205543,1.501174068217779,1.0453451717581186,0.656116501158052,0.36396597169087563,0.17713166711090406,0.07611267078305513,0.02669972267568534
0.0,21.0,21.0,0.0,120.0,0.0,0.0,0.0,0.0,-107.0,0.0,-45.0,0.0,0.0,0.0,34.27253218749016,17.55503396713325,4.74463980895423,3.1841881408784602,2.703892622802663,2.279989920103586,1.8425065546819217,1.426348015257786,1.0452872667962443,0.7289117034066638,0.4830490237225768,0.29336777942643855,0.15689095529094793,0.07217854211520384,0.028346242710041988,0.00955889709638378,0.0024063691979544473,7.098649515793906,5.491609656180091,4.92271343138227,4.393164630199023,3.8094184296252145,3.2047418945054855,2.5921262770762765,2.0205492132999407,1.5142979387526077,1.060716500023803,0.6720325531474117,0.3770602444137069,0.18576899065438895,0.08081560104544545,0.028720318639078705
0.0,22.0,22.0,0.0,120.0,0.0,0.0,0.0,0.0,-107.0,0.0,-45.0,0.0,0.0,0.0,34.27253218749016,17.55503396713325,4.7607189694008065,3.216253994979602,2.7336170982947054,2.3053147799686395,1.862549459701856,1.4411721638924564,1.0554465719626671,0.7357797481231398,0.4886196722731622,0.2987311268953564,0.1615348053348726,0.07533862121821785,0.03003217376665198,0.010284205297980268,0.002641981777846853,7.111842609312332,5.525558341952732,4.957284599057338,4.425047196905758,3.8369883095587585,3.227216779403212,2.60928627325143,2.0335528439629234,1.5263679167182624,1.0745777331177677,0.6866987257830939,0.38945430440214623,0.19413733207792203,0.08546656908542816,0.030757674078212466
0.0,23.0,23.0,0.0,120.0,0.0,0.0,0.0,0.0,-107.0,0.0,-45.0,0.0,0.0,0.0,34.27253218749016,17.55503396713325,4.777703309773382,3.2490387015413518,2.7638519569803233,2.3310324057946596,1.8828810640063747,1.4561939863735858,1.0657166910712494,0.7425842955625863,0.4938486447058985,0.30363818164759315,0.16585867047495065,0.07836122822827876,0.031685399552056834,0.01101179291442119,0.002883584356262401,7.1258113085053045,5.5601863182887135,4.992321644597667,4.457298934533156,3.864851854667076,3.249914385055189,2.626581917953683,2.046393739867047,1.537606474013066,1.0871137049076909,0.7001948562526961,0.4011630095833717,0.2022274770712791,0.09005450511255866,0.03280601056362173
0.0,24.0,24.0,0.0,120.0,0.0,0.0,0.0,0.0,-107.0,0.0,-45.0,0.0,0.0,0.0,34.27253218749016,17.55503396713325,4.795634033226482,3.282549932464155,2.7946053959714168,2.357149988592823,1.9035066777136815,1.4714171206271247,1.0761054438144533,0.749367495351113,0.4988120805169684,0.30814432776081563,0.16987966274840202,0.08124573859785729,0.03330207786714659,0.011739261979540666,0.0031303791516984463,7.140593019842631,5.595497260239187,5.027830809561872,4.489927319437949,3.8930160676211907,3.272840945613788,2.64402759559572,2.059157827301353,1.54819992783397,1.098496603668088,0.7126015778806764,0.41220435555174917,0.21003305875161452,0.09456976893103028,0.034859937362942586
0.0,25.0,25.0,0.0,120.0,0.0,0.0,0.0,0.0,-107.0,0.0,-45.0,0.0,0.0,0.0,34.27253218749016,17.55503396713325,4.814553303377102,3.316795425625705,2.825885875746232,2.383674885419224,1.9244317148320398,1.4868452387247018,1.0866181996727087,0.7561599184462723,0.5035736006028873,0.31230163994477145,0.17361600874204375,0.083992718678726,0.03487902309203555,0.012464417745713158,0.003381589900580583,7.156225598112839,5.63149443434083,5.0638183649364965,4.522939783582025,3.9214878741784576,3.296002555704713,2.661633435325947,2.071907207529504,1.5583024083042119,1.1088850569507336,0.7239995209490543,0.4225988845421138,0.21755017428093962,0.09900404162545412,0.03691445154819756
0.0,26.0,26.0,0.0,120.0,0.0,0.0,0.0,0.0,-107.0,0.0,-45.0,0.0,0.0,0.0,34.27253218749016,17.55503396713325,4.834504179154978,3.3517830179326156,2.857702123573372,2.4106146188378563,1.9456616945048262,1.5024820628675022,1.0972589196923903,0.762983515532749,0.508185688858665,0.31615841261715233,0.17708668856582435,0.08660375987953439,0.036413643317685304,0.013185264509520199,0.0036364668562785356,7.172747256229812,5.668180731282588,5.100290608637547,4.556343706025758,3.950274118511801,3.3194051859426206,2.6794070824540794,2.084686397517281,1.5680399548179875,1.1184236243905072,0.734468558147165,0.4323692066578542,0.22477704365882356,0.1033502189615601,0.03896493322452389
0.0,27.0,27.0,0.0,120.0,0.0,0.0,0.0,0.0,-107.0,0.0,-45.0,0.0,0.0,0.0,34.27253218749016,17.55503396713325,4.85553054053071,3.3875206809742737,2.890063136871217,2.4379768771796133,1.96720224117808,1.518331368273977,1.108030786246309,0.769853935617415,0.512691129153775,0.31975886606280496,0.18031110319052354,0.08908133575673464,0.037903880758170964,0.0138999993577644,0.00389429066817319,7.190196466997779,5.705558704872981,5.137253864613894,4.590146407505077,3.979381558859017,3.343054684612063,2.6973547541617617,2.097527150841135,1.5775145283454384,1.1272426778116638,0.7440870965795209,0.44153960519701163,0.23171370940370237,0.1076023081675276,0.04100713682271074
0.0,28.0,28.0,0.0,120.0,0.0,0.0,0.0,0.0,-107.0,0.0,-45.0,0.0,0.0,0.0,34.27253218749016,17.55503396713325,4.877677001824598,3.424016557574567,2.922978187170632,2.4657695185112356,1.9890590878197394,1.534396980605542,1.118936572612643,0.7767823010955535,0.5171244151845176,0.3231430116921386,0.18330877079556596,0.0914286770840395,0.03934815633348409,0.014607004405317921,0.004154375272485238,7.208611894619715,5.743630720028979,5.174714629129436,4.624355292670225,4.008816867184862,3.366956672883256,2.7154819022238055,2.1104520842390717,1.5868077915176986,1.1354586243258449,0.7529314269462517,0.45013570258482405,0.23836177499612893,0.11175532918213085,0.04303718040338036
0.0,29.0,29.0,0.0,120.0,0.0,0.0,0.0,0.0,-107.0,0.0,-45.0,0.0,0.0,0.0,34.27253218749016,17.55503396713325,4.900988825364445,3.461279004333298,2.956456821536801,2.494000564230593,2.011238067203246,1.550682781779924,1.1299788502281194,0.7837765390738964,0.5215130750212867,0.3263466536011142,0.18609905424202272,0.09364966066487597,0.04074531892056627,0.015304837975655542,0.004416069865266741,7.228032183314016,5.7823987476029926,5.212679214262591,4.658977493488898,4.038586620889053,3.3911168042072846,2.7337934231538057,2.1234774239518694,1.5959845356721345,1.1431744195209659,0.761075142467207,0.4581841686162846,0.2447241792207087,0.11580522102979997,0.04505152890833218
0.0,30.0,30.0,0.0,120.0,0.0,0.0,0.0,0.0,-107.0,0.0,-45.0,0.0,0.0,0.0,34.27253218749016,17.55503396713325,4.925511814561692,3.499316631336353,2.990508867572972,2.522678205846877,2.033745116681083,1.5671927068980938,1.1411601035031642,0.7908423587384833,0.5258788749726472,0.32940150086886477,0.18870092210682518,0.09574870852118199,0.04209459943787272,0.015992225083375288,0.004678760184057076,7.2484958873284935,5.821864566980735,5.251153960782817,4.694020079335534,4.068697306338286,3.4155406169047717,2.7522939180228163,2.136614943859755,1.6050957384825364,1.1504803003723036,0.7685886405683482,0.4657124575306473,0.25080500291786395,0.11974875375757336,0.04704698001394317
0.0,31.0,31.0,0.0,120.0,0.0,0.0,0.0,0.0,-107.0,0.0,-45.0,0.0,0.0,0.0,34.27253218749016,17.55503396713325,4.951292199514008,3.538138342963985,3.025144436943574,2.5518108085859916,2.056586280450048,1.5839307443950863,1.1524827891604377,0.7979839563181016,0.5302388835109055,0.3323353651806895,0.19113274505496503,0.0977306950201151,0.043395569656402976,0.016668047508275705,0.004941869147541693,7.270041352301181,5.862029869527245,5.290145308888737,4.729490127297353,4.099155322146961,3.4402334899852196,2.7709878123121388,2.14987336013474,1.6141812106876565,1.1574546795366414,0.7755387152476595,0.472748565070001,0.25660930428839834,0.12358344615342369,0.04902064786435231
0.0,32.0,32.0,0.0,120.0,0.0,0.0,0.0,0.0,-107.0,0.0,-45.0,0.0,0.0,0.0,34.27253218749016,17.55503396713325,4.978376516079916,3.5777533802113872,3.060373928572297,2.581406912603466,2.0797677089247677,1.600900938530911,1.1639493649845045,0.8052045143959567,0.5346063898099689,0.33517241962796396,0.19341212835425675,0.09960086032339033,0.04464810543177293,0.017331333698484046,0.0052048569719917335,7.292706550674387,5.902896266909815,5.3296597330653075,4.765394658076172,4.129966980988074,3.4652006974878757,2.7898793789304372,2.1632593245912393,1.623271840796525,1.1641651425089914,0.781988244360209,0.47932080029091284,0.2621429787055097,0.1273074893710445,0.05096994519650121
0.0,33.0,33.0,0.0,120.0,0.0,0.0,0.0,0.0,-107.0,0.0,-45.0,0.0,0.0,0.0,34.27253218749016,17.55503396713325,5.006811474691643,3.6181713619665805,3.096208032352555,2.6114752360388858,2.1032956601451507,1.6181073907797554,1.1755623031259685,0.8125065490407639,0.5389916809477131,0.33793349702188435,0.19555578019605285,0.10136472923235987,0.04585235392171971,0.01798124869876358,0.0054672208795539055,7.316528925205825,5.9444653476749005,5.369703744595724,4.801740639943039,4.161138513757694,3.4904474143338247,2.808972761858721,2.1767781040161314,1.6323914707761975,1.1706694950956336,0.7879959718538767,0.48545756970916215,0.2674126390231799,0.1309196765087563,0.05289256574430251
0.0,34.0,34.0,0.0,120.0,0.0,0.0,0.0,0.0,-107.0,0.0,-45.0,0.0,0.0,0.0,34.27253218749016,17.55503396713325,5.0366438209889575,3.659402325170261,3.1326577330619108,2.6420246784168224,2.1271765015694073,1.635554261152717,1.187324095680395,0.81989214688066,0.543402687761213,0.34063640925738514,0.19757941437401258,0.10302803503170084,0.047008704284406275,0.01861708426493854,0.00572849447718358,7.34154522329128,5.986738732955845,5.410283894083084,4.838534993377923,4.1926760745649085,3.515978722135336,2.8282719885771,2.1904340407797536,1.641558436807406,1.177016819111943,0.7936163808449814,0.4911871733829824,0.2724255125961818,0.134419338111314,0.05478646670529772
0.0,35.0,35.0,0.0,120.0,0.0,0.0,0.0,0.0,-107.0,0.0,-45.0,0.0,0.0,0.0,34.27253218749016,17.55503396713325,5.067920183619997,3.701456766669973,3.169734320105786,2.6730643204699063,2.1514167137188234,1.6532457690385705,1.1992372569038476,0.8273631240560357,0.5478455129094214,0.3432962726258863,0.19949768494771722,0.10459664829876414,0.048117761336237845,0.019238249293791154,0.005988246870298142,7.367791324162968,6.029718139827785,5.451406772551995,4.8757845924578,4.224585747957893,3.5417996146891992,2.8477809778041303,2.2042308598798326,1.650786816402582,1.1832485027327528,0.7988996504037446,0.4965376137941249,0.27718935158962404,0.13780628349344504,0.056649851497347456
0.0,36.0,36.0,0.0,120.0,0.0,0.0,0.0,0.0,-107.0,0.0,-45.0,0.0,0.0,0.0,34.27253218749016,17.55503396713325,5.100686919640553,3.744345681388568,3.207449394752024,2.7046034282910685,2.176022895291654,1.671186194483714,1.2113043228199318,0.8349211314417598,0.5523248560263615,0.3459258273549151,0.20132414980598143,0.10607651086755611,0.049180321670771916,0.01984426066783196,0.006246081604613083,7.395302070519309,6.073405458748584,5.49307905189786,4.913496322333547,4.256873599551011,3.567914988974823,2.86750352247985,2.2181718849906376,1.6600874189838355,1.1893992217100096,0.8038916865482048,0.5015364190570727,0.28171235361678804,0.14108074770517764,0.05848115349939497
0.0,37.0,37.0,0.0,120.0,0.0,0.0,0.0,0.0,-107.0,0.0,-45.0,0.0,0.0,0.0,34.27253218749016,17.55503396713325,5.134989992360502,3.788080574342106,3.2458148417724115,2.7366514842656144,2.2010017595576445,1.689379882675651,1.223527849277357,0.8425677230998734,0.5568443513462625,0.34853574263403536,0.20307125960225067,0.10747357523504168,0.05019735179104303,0.02043473458638964,0.006501635517605231,7.424111091233006,6.1178027861877915,5.535307559272237,4.951677186317413,4.289545743509248,3.594329629420398,2.8874432594729478,2.2322601913203832,1.6694685627603527,1.1954978536158665,0.8086342168965035,0.5062104821511916,0.2860030902440904,0.14424334389134674,0.06027902058774428
0.0,38.0,38.0,0.0,120.0,0.0,0.0,0.0,0.0,-107.0,0.0,-45.0,0.0,0.0,0.0,34.27253218749016,17.55503396713325,5.1708747763514324,3.8326735135291297,3.284842866578799,2.7692181460063416,2.2263601266384754,1.7078312397454731,1.235910426339504,0.8503043920453409,0.5614068350934965,0.3511349003773697,0.20475036844271408,0.10879374968593494,0.051169967876320416,0.021009378430082975,0.006754577142700172,7.454250511681281,6.162912264181612,5.578098859228667,4.99033375281641,4.322607896615328,3.621048365237496,2.907603916290163,2.2464985346911304,1.6789367397627728,1.2015682990840215,0.8131649401353904,0.5105859175198514,0.2900704413751142,0.1472950207834359,0.06204229386991087
0.0,39.0,39.0,0.0,120.0,0.0,0.0,0.0,0.0,-107.0,0.0,-45.0,0.0,0.0,0.0,34.27253218749016,17.55503396713325,5.2083859088435895,3.878137151441907,3.3245459979217715,2.8023132815019554,2.252104947991991,1.7265447375825254,1.2484546636280736,0.8581326044306159,0.5660145480579367,0.3537306560510783,0.20637176212850808,0.11004284944455346,0.05209941687275481,0.021567983173795133,0.007004605570093498,7.485750890255661,6.208736409748942,5.621459737766672,5.029472789852857,4.35606592056914,3.648075898322716,2.927989037865785,2.2608895819616115,1.6884970241290047,1.2076302469204077,0.8175177127533685,0.5146879368468078,0.29392353416056977,0.15023702478485979,0.06376999940715654
0.0,40.0,40.0,0.0,120.0,0.0,0.0,0.0,0.0,-107.0,0.0,-45.0,0.0,0.0,0.0,34.27253218749016,17.55503396713325,5.247567136969463,3.9244847470205735,3.364937089982203,2.8359469669202126,2.2782433006861917,1.7455249147662233,1.2611631966625907,0.8660538125886442,0.5706692937392286,0.3563290723658935,0.2079447007259419,0.11122655393739438,0.052987058680130365,0.022110416355085382,0.0072514489105158725,7.518640988316769,6.255278032960918,5.665397036766307,5.06910105359736,4.389925638244344,3.6754168726694343,2.948602091763277,2.2754358806372172,1.6981534526291782,1.2136998345425682,0.821722769728293,0.5185407440812851,0.29757168528456485,0.15307086640234488,0.06546133169778848
0.0,41.0,41.0,0.0,120.0,0.0,0.0,0.0,0.0,-107.0,0.0,-45.0,0.0,0.0,0.0,34.27253218749016,17.55503396713325,5.28846116974864,3.9717301852663933,3.4060293289973584,2.8701294920577376,2.3047823907482474,1.7647763782842556,1.2740386879671957,0.8740694643682385,0.5753725572918297,0.35893512663253013,0.2094774717941937,0.11235037024390868,0.05383434926871154,0.02263661557759035,0.007494862826914203,7.552947591706698,6.302540261366915,5.7099176575029205,5.109225294989677,4.424192840553243,3.7030758806528223,2.9694464747759333,2.2901398796148733,1.7079092948441905,1.2197902311543722,0.8258069656316681,0.5221674503101763,0.30102434604124356,0.15579829047212546,0.06711564029425149
0.0,42.0,42.0,0.0,120.0,0.0,0.0,0.0,0.0,-107.0,0.0,-45.0,0.0,0.0,0.0,34.27253218749016,17.55503396713325,5.331109539899124,4.019887993402524,3.447836240347914,2.9048713660635475,2.3317295566627694,1.784303805383424,1.2870838282576722,0.8821810085378751,0.580125594537178,0.3615528921586445,0.21097745121039174,0.11341960265092582,0.05464282462267947,0.023146582520188228,0.007734629066588864,7.588695342806798,6.350526558156694,5.755028564448532,5.149852266423319,4.458873293352737,3.7310574694035283,2.9905255194735365,2.305003942870366,1.7177672547715568,1.225912142873611,0.82979402835098,0.5255900081517813,0.3042910498410344,0.15842124973283553,0.06873241722242882
0.0,43.0,43.0,0.0,120.0,0.0,0.0,0.0,0.0,-107.0,0.0,-45.0,0.0,0.0,0.0,34.27253218749016,17.55503396713325,5.37555247909318,4.068973353882222,3.4903716960904383,2.9401833234368238,2.3590922730107593,1.8041119455456356,1.3003013376756136,0.8903898979020011,0.5849294978468499,0.36418569507369525,0.21245116885503276,0.1144393281217177,0.055414085455315815,0.023640377412785317,0.007970554010729625,7.625906587292944,6.3992407342454305,5.800736789337115,5.190988728455837,4.49397274436147,3.759366147231969,3.0118425006365808,2.320030359100361,1.7277296198603753,1.2320742457248468,0.8337048180323212,0.5288291649760208,0.3073813620341106,0.16094188128286893,0.07031128521367846
0.0,44.0,44.0,0.0,120.0,0.0,0.0,0.0,0.0,-107.0,0.0,-45.0,0.0,0.0,0.0,34.27253218749016,17.55503396713325,5.421828816373845,4.119002121441914,3.533649930135722,2.9760763375516888,2.386878159899748,1.8242056228208006,1.3136939605712075,0.8986975930304028,0.5897852444429733,0.3668362484120072,0.2139043767757973,0.11541437741406552,0.05614978267226239,0.02411811393585214,0.008202467333624097,7.664601262491711,6.448687010176115,5.847049521265889,5.2326415795228485,4.529497084562929,3.7880065044646627,3.033400559549643,2.3352213147879395,1.7377984030029416,1.2382835420711311,0.8375575872269567,0.5319044336761892,0.31030483207193404,0.16336248553313865,0.07185198915288865
0.0,45.0,45.0,0.0,120.0,0.0,0.0,0.0,0.0,-107.0,0.0,-45.0,0.0,0.0,0.0,34.27253218749016,17.55503396713325,5.469975878739487,4.169990816940666,3.577685531428949,3.01256161202639,2.415094975192447,1.8445897378197935,1.3272644804082323,0.9071055593410043,0.5946937313003132,0.36950676575394253,0.21534211803883277,0.11634932138497191,0.05685160362139328,0.02457995449025707,0.008430220465045343,7.70479673981347,6.498869902876511,5.893973933823167,5.274817608398715,4.565452035840761,3.816982983493606,3.0552028795470187,2.350578971430683,1.747975354287591,1.24454569303974,0.8413682284760986,0.5348340804675782,0.3130709483196031,0.16568550703617005,0.0733543809646897
0.0,46.0,46.0,0.0,120.0,0.0,0.0,0.0,0.0,-107.0,0.0,-45.0,0.0,0.0,0.0,34.27253218749016,17.55503396713325,5.520029356695171,4.221956616836505,3.622493511372082,3.0496506339413605,2.4437505813253453,1.8652692830229824,1.3410157157918452,0.9156152692221868,0.5996558000977651,0.3721990565339334,0.21676879445968536,0.11724846217735403,0.05752125911888594,0.02502610580032883,0.008653685173432906,7.746507754779075,6.549794314108046,5.941517285813237,5.3175234928151776,4.601843206191663,3.846299920426489,3.077252668430904,2.366105459926229,1.7582620286422113,1.2508652731878271,0.8451505171997296,0.5376351270156645,0.3156890955515612,0.16791351711004177,0.07481841119256367
0.0,47.0,47.0,0.0,120.0,0.0,0.0,0.0,0.0,-107.0,0.0,-45.0,0.0,0.0,0.0,34.27253218749016,17.55503396713325,5.572023482266222,4.274917436236537,3.6680891853972275,3.0873550654320123,2.472853063893064,1.8862493092752015,1.3549505196675178,0.9242282048585204,0.6046722550870501,0.37491460526526493,0.21818823203530474,0.1181158287878174,0.05816047129535732,0.02545681480535269,0.00887275276498732,7.78974639373824,6.601465415311151,5.98968685672497,5.360766114249754,4.63867634973112,3.8759617288625923,3.0995530301283925,2.381802833353625,1.7686598787780696,1.2572459665378786,0.8489163446289806,0.5403233654142274,0.3181685154161651,0.17004919788423434,0.07624412368547981
0.0,48.0,48.0,0.0,120.0,0.0,0.0,0.0,0.0,-107.0,0.0,-45.0,0.0,0.0,0.0,34.27253218749016,17.55503396713325,5.625990851522887,4.328891863218674,3.714488281042401,3.1256868559762814,2.5024106442267224,1.9075349579753424,1.3690717791679277,0.9329458582041891,0.609743875566526,0.3776546369291239,0.21960374332820262,0.11895517642256222,0.05877096232921907,0.025872364793820678,0.009087332498674904,7.834522039032103,6.653888754864734,6.038490065860534,5.404552376779238,4.675957229869755,3.9059728176062203,3.1221070407779066,2.3976730990589097,1.7791702581100888,1.263690751416941,0.8526759308506694,0.5429133849883341,0.32051827023949175,0.17209532731058608,0.0776316461465514
0.0,49.0,49.0,0.0,120.0,0.0,0.0,0.0,0.0,-107.0,0.0,-45.0,0.0,0.0,0.0,34.27253218749016,17.55503396713325,5.681962485717746,4.383899181119648,3.7617069313006852,3.1646582261469285,2.532431700684394,1.9291314577631562,1.3833824183614583,0.9417697315737777,0.6148714246037729,0.3804201705075411,0.22101818598840844,0.11976998921916461,0.059354444077125076,0.02627307175246015,0.009297350511070853,7.880841398044301,6.707070216222194,6.08793443487694,5.448889227487584,4.713691631371261,3.936337594145481,3.144917753805376,2.4137182240588415,1.789794442046745,1.2702020438255226,0.8564380236783268,0.5454186084841316,0.3227472102519439,0.17405476509430112,0.07898118285777912
0.0,50.0,50.0,0.0,120.0,0.0,0.0,0.0,0.0,-107.0,0.0,-45.0,0.0,0.0,0.0,34.27253218749016,17.55503396713325,5.73996790237389,4.439959378188768,3.8097616787487816,3.2042816696368264,2.5629247779959745,1.951044125341251,1.3978853999603824,0.9507013384265398,0.6200556550695495,0.38321206248216294,0.22243401704562496,0.12056348580818563,0.059912608636868155,0.026659280900335217,0.00950274874807918,7.928708561437687,6.761015997906047,6.138027583214268,5.493783667847373,4.751885366497319,3.9670604701624264,3.1679882048539265,2.4299401400484535,1.8005336434837504,1.276781813650872,0.8602100809703516,0.5478513360754276,0.32486394442104055,0.1759304393367544,0.08029300809557123
0.0,51.0,51.0,0.0,120.0,0.0,0.0,0.0,0.0,-107.0,0.0,-45.0,0.0,0.0,0.0,34.27253218749016,17.55503396713325,5.80003517421063,4.497093139807321,3.858669499336977,3.244570001130335,2.59389858892772,1.9732783600769133,1.412583728964956,0.9597422042519665,0.6252973136314212,0.38603104199105004,0.22385334273106094,0.12133862723430482,0.06044711986037052,0.02703136338559004,0.009703483938107224,7.978125114410478,6.815732637998343,6.188777272843777,5.539242771808335,4.790544247297791,3.9981458808444,3.1913214118609163,2.446340749658441,1.8113890238545847,1.2834316783417266,0.8639984362800855,0.550222795537233,0.32687681498589083,0.17772533376882588,0.08156746034647938
0.0,52.0,52.0,0.0,120.0,0.0,0.0,0.0,0.0,-107.0,0.0,-45.0,0.0,0.0,0.0,34.27253218749016,17.55503396713325,5.8621910824094305,4.555321881958266,3.908447826376108,3.285536350068596,2.625362005092689,1.9958396569610257,1.4274804506224215,0.9688938681285513,0.6305971435613081,0.38887773894860206,0.22527796379920828,0.12209812676922896,0.060959605826136784,0.027389713127744946,0.009899526716791543,8.029090288042939,6.8712269967722195,6.240191386708127,5.585273660713647,4.829674108114597,4.029598288812969,3.2149203803978597,2.4629219301988776,1.8223617019604743,1.2901529777922798,0.8678084481705157,0.5525431970436115,0.3287938757280663,0.17944247549308923,0.08280493678035065
0.0,53.0,53.0,0.0,120.0,0.0,0.0,0.0,0.0,-107.0,0.0,-45.0,0.0,0.0,0.0,34.27253218749016,17.55503396713325,5.926461425108472,4.614667809749467,3.9591144880523745,3.3271939917686,2.6573240886834544,2.0187336308109303,1.4425786401340022,0.9781578850609667,0.6359558890333793,0.39175270507094295,0.22670941678796086,0.12284446111915735,0.0614516522705841,0.027734743800302934,0.010090860514876895,8.081601043354995,6.92750610535664,6.292277815051048,5.631883554983832,4.869281049847175,4.061422250583339,3.2387882116312126,2.4796854493271754,1.8334527480078797,1.296946853283797,0.8716446278191526,0.5548217920348563,0.3306228740449414,0.18108492302144596,0.08400589046395184
0.0,54.0,54.0,0.0,120.0,0.0,0.0,0.0,0.0,-107.0,0.0,-45.0,0.0,0.0,0.0,34.27253218749016,17.55503396713325,5.992870990567082,4.675153834260492,4.010687788924672,3.3695565842379214,2.689794090896271,2.0419659804863612,1.457881425397679,0.9875358223683844,0.6413742932983154,0.39465643379136256,0.2281490098831903,0.1235798829293354,0.061924796943102864,0.028066885920864502,0.01027748085677938,8.135652341452731,6.9845773166688465,6.345044618407921,5.679079741461293,4.909371083557172,4.093622280477368,3.2629279393984163,2.496633118693775,1.8446632108866252,1.303814261493032,0.875510767867165,0.5570669317626079,0.3323712364023471,0.1826557551941899,0.0851708217657003
0.0,55.0,55.0,0.0,120.0,0.0,0.0,0.0,0.0,-107.0,0.0,-45.0,0.0,0.0,0.0,34.27253218749016,17.55503396713325,6.061443842981766,4.736803622361836,4.063186506803588,3.412638100193588,2.722781458805511,2.0655425130528715,1.4733919857886681,0.9970292592360138,0.6468530990521538,0.3975893747903801,0.2295978551659313,0.12430643393370466,0.06238052487949798,0.02838658407009488,0.010459394664942761,8.191237348948219,7.04244821210751,6.398499918904934,5.72686949589748,4.949950128184317,4.126202736507399,3.287342483501612,2.5137668549792993,1.855994133183009,1.3107559973242986,0.8794100514681612,0.5592861275337521,0.33404605737418186,0.18415806037294422,0.08630027162630563
0.0,56.0,56.0,0.0,120.0,0.0,0.0,0.0,0.0,-107.0,0.0,-45.0,0.0,0.0,0.0,34.27253218749016,17.55503396713325,6.132203543956275,4.799641612231466,4.116629923145362,3.4564528609689673,2.756295850743029,2.0894691127893306,1.4891135496913992,1.0066397911452933,0.6523930537248174,0.40055194184836146,0.23105689813567912,0.12502595833354838,0.06282026455741395,0.028694294252162172,0.010636619331558904,8.24834772154669,7.101126681121484,6.452652036960522,5.775260273015806,4.991024258862684,4.159168150272554,3.3120348751705686,2.531088464878535,1.867446518447522,1.317772774441658,0.8833451283368643,0.5614861137056117,0.3356540923218148,0.18559492552586968,0.08739482574529013
0.0,57.0,57.0,0.0,120.0,0.0,0.0,0.0,0.0,-107.0,0.0,-45.0,0.0,0.0,0.0,34.27253218749016,17.55503396713325,6.205173398051099,4.863693048700591,4.171037881241375,3.501015598195756,2.7903471583558366,2.113751713757179,1.5050494170779996,1.016369021992618,0.6579949102019617,0.4035445222033536,0.23252694244479785,0.1257401165846215,0.06324538487192456,0.028990481351768654,0.010809182461970296,8.306973916286912,7.160620935210913,6.507509476084536,5.824259626324413,5.032599539670875,4.1925230894242365,3.3370081687871305,2.5485997438622077,1.879021350553778,1.3248652251917863,0.8873182017578566,0.5636729065862169,0.33720175283213205,0.18696942641066594,0.08845510761973936
0.0,58.0,58.0,0.0,120.0,0.0,0.0,0.0,0.0,-107.0,0.0,-45.0,0.0,0.0,0.0,34.27253218749016,17.55503396713325,6.280376824209366,4.928983964270309,4.226430634781669,3.546341176134516,2.8249453357818046,2.13839651726925,1.521202880353015,1.0262185943444284,0.6636594176472004,0.4065674854859787,0.2340086712587593,0.1264503991578614,0.06365719288182128,0.02927561671469779,0.010977119562659985,8.36710517551379,7.220939202836094,6.563080674624879,5.873875134112157,5.074682264217278,4.226272210693755,3.362265380367119,2.5663024990349723,1.8907195934015772,1.332033918165821,0.8913310981650209,0.5658518626846153,0.33869510517288737,0.18828461805770552,0.08948177389909805
0.0,59.0,59.0,0.0,120.0,0.0,0.0,0.0,0.0,-107.0,0.0,-45.0,0.0,0.0,0.0,34.27253218749016,17.55503396713325,6.357837473629281,4.995541196301479,4.282829024942511,3.592444917005227,2.860100627145787,2.1634097613059797,1.5375773076073425,1.0361901597037722,0.6693873324243718,0.4096211860616695,0.23550266671303557,0.12715813987125227,0.06405693230026421,0.029550175865590576,0.011140475060221599,8.428730081664996,7.282090057395141,6.6193743034791925,5.924114534058539,5.117278729228271,4.2604201762007445,3.387809572931678,2.5841985254734157,1.9025421981169028,1.3392793716523226,0.8953853268261842,0.5680277350203704,0.34013987133284335,0.18954352579228356,0.09047551298866603
0.0,60.0,60.0,0.0,120.0,0.0,0.0,0.0,0.0,-107.0,0.0,-45.0,0.0,0.0,0.0,34.27253218749016,17.55503396713325,6.437579567846269,5.063392409229032,4.3402544492035275,3.639342512329291,2.895823492813879,2.1887977992795635,1.554176118020122,1.0462853889286559,0.6751794151184102,0.4127059677672698,0.23700942601445957,0.1278645289792104,0.0644457826286356,0.02981463634681134,0.01129930117865919,8.491836718345107,7.344082309236261,6.676399161270612,5.974985673903101,5.160395308202546,4.294971691750854,3.413643829569909,2.602289618108182,1.9144901033799313,1.346602064359485,0.899482131203195,0.5702047268533187,0.34154143245326835,0.19074913680950986,0.09143704147943671
0.0,61.0,61.0,0.0,120.0,0.0,0.0,0.0,0.0,-107.0,0.0,-45.0,0.0,0.0,0.0,34.27253218749016,17.55503396713325,6.5196281825071285,5.132566114368461,4.39872887559648,3.6870500371303163,2.9321246153107023,2.2145671019066246,1.5710027832521773,1.0565059728741248,0.6810364309535671,0.41582216683331874,0.23852937540003472,0.12857062572179373,0.06482485889410437,0.030069475691312436,0.011453657364930016,8.556412904138927,7.406925013207244,6.734164172168167,6.026496512819553,5.204038455145612,4.329931509228689,3.439771256193193,2.620577573735058,1.9265642374502752,1.354002443551623,0.903622532769148,0.5723865426379313,0.3429048343450581,0.19190439233849255,0.09236710130197742
0.0,62.0,62.0,0.0,120.0,0.0,0.0,0.0,0.0,-107.0,0.0,-45.0,0.0,0.0,0.0,34.27253218749016,17.55503396713325,6.604009531531777,5.2030917011538085,4.458274859631382,3.735583969278138,2.969014908233988,2.2407242547002366,1.58806082823524,1.066853623983203,0.6869591498409566,0.41897011416086727,0.24006288203954018,0.1292773702788629,0.06519521192394519,0.030315169530040913,0.011603609767744948,8.622446406801206,7.470627485362461,6.7926783849622465,6.078655118070398,5.248214702367029,4.3653044255571265,3.4661949882043936,2.639064191138295,1.9387655205923255,1.3614809311360063,0.9078073682759638,0.574576435967896,0.3442347948301323,0.19301218041716664,0.09326645691249472
0.0,63.0,63.0,0.0,120.0,0.0,0.0,0.0,0.0,-107.0,0.0,-45.0,0.0,0.0,0.0,34.27253218749016,17.55503396713325,6.690751321382232,5.274999578736451,4.518915664348718,3.7849613023609647,3.006505559399788,2.2672758719855426,1.6053538293945224,1.0773300920074271,0.6929483413225441,0.42215013775795013,0.24161026422894938,0.129985595000214,0.06555782911661164,0.03055218982957392,0.011749231543643105,8.689925205222591,7.535199360181066,6.8519509712401545,6.131469599105729,5.292930541527314,4.401095227262775,3.4929182764215585,2.657751236454241,1.9510948792617402,1.3690379248322133,0.9120373220637297,0.5767772542453136,0.3455357126618983,0.1940753293023973,0.09413589166816115
0.0,64.0,64.0,0.0,120.0,0.0,0.0,0.0,0.0,-107.0,0.0,-45.0,0.0,0.0,0.0,34.27253218749016,17.55503396713325,6.779882733895329,5.348320897630974,4.580674900761096,3.835199209828847,3.0446078837578097,2.2942288650374105,1.6228854518723843,1.0879371043803359,0.6990047963825499,0.4253625604370909,0.243171799872323,0.1306960351897872,0.0659136355225857,0.030781003302357716,0.011890598941304658,8.758837399346136,7.6006504565939546,6.911991205264092,6.184948265434378,5.338192801376422,4.437308908983837,3.5199442251747,2.6766405543625713,1.9635532098992587,1.3766738132184249,0.9163129498927711,0.5789914808555766,0.346811677654615,0.19509660148943106,0.09497620769421924
0.0,65.0,65.0,0.0,120.0,0.0,0.0,0.0,0.0,-107.0,0.0,-45.0,0.0,0.0,0.0,34.27253218749016,17.55503396713325,6.871434888204815,5.423087938800745,4.6435768970438644,3.8863154061468395,3.0833335121731413,2.3215901937743655,1.640659396455906,1.0986764344680198,0.70512930375857,0.4286077051372247,0.24474773351535348,0.13140933884440653,0.06626349542284353,0.031002069901756336,0.012027793940608978,8.829171683528385,7.6669909723198755,6.972808541767898,6.239099492821921,5.384008298241878,4.473950444237033,3.547276047915311,2.695733967970044,1.9761414151747838,1.384388967920394,0.9206347037522933,0.5812212731132153,0.3480664820326378,0.19607868841703704,0.09578822114763862
0.0,66.0,66.0,0.0,120.0,0.0,0.0,0.0,0.0,-107.0,0.0,-45.0,0.0,0.0,0.0,34.27253218749016,17.55503396713325,6.965440970572174,5.499334094603698,4.707646588750786,3.938328023178844,3.122694330460157,2.34936694533387,1.6586794282782902,1.109549889380079,0.7113226591571863,0.431885888964506,0.24633828490278545,0.13212607508941882,0.06660821424862813,0.031215841516256428,0.012160902437158136,8.900917502596934,7.734231447591636,7.034412676670662,6.293931841948352,5.430384079798375,4.511025060671484,3.5749172073677795,2.7150334101656295,1.9888602267214723,1.3921837608262788,0.9250029633858242,0.5834684945311835,0.34930363165620115,0.19702420694144007,0.0965727676664746
0.0,67.0,67.0,0.0,120.0,0.0,0.0,0.0,0.0,-107.0,0.0,-45.0,0.0,0.0,0.0,34.27253218749016,17.55503396713325,7.061936512678947,5.5770939931952315,4.772909574559528,3.9912556286598115,3.1627025022359336,2.3775663392764983,1.6769493617194493,1.120559280115323,0.7175856639259576,0.4351974381260599,0.24794364706028027,0.13284674473389343,0.06694854023795377,0.03142276070483869,0.012290013088958194,8.974065325179218,7.802382618249523,7.096813428694786,6.349453816631339,5.477327048450726,4.548537709274645,3.6028708116260075,2.7345406493661666,2.001710672761295,1.4000585335630806,0.9294180133315548,0.5857347561862111,0.3505263611350542,0.19793569210660378,0.09733068025969768
0.0,68.0,68.0,0.0,120.0,0.0,0.0,0.0,0.0,-107.0,0.0,-45.0,0.0,0.0,0.0,34.27253218749016,17.55503396713325,7.160959726117052,5.656403555081556,4.839392151470725,4.045117203962447,3.2033704631616837,2.406195728382416,1.6954730750392162,1.1317064484791417,0.7239191267823527,0.4385426759442764,0.24956399643076316,0.13357178615997675,0.0672851670094122,0.03162325968634588,0.012415217133565654,9.048607054933345,7.871455394705967,7.160020913808911,6.40567408352601,5.524844278314784,4.586493524228147,3.6311401320264887,2.7542575253577968,2.014693681563038,1.4080136264823382,0.9338800883857276,0.5880214384297314,0.3517376449808666,0.19881559645685626,0.09806280444377996
0.0,69.0,69.0,0.0,120.0,0.0,0.0,0.0,0.0,-107.0,0.0,-45.0,0.0,0.0,0.0,34.27253218749016,17.55503396713325,7.2625520467640365,5.737300012962798,4.907121403476716,4.099932146328307,3.244710927550086,2.4352626032801887,1.7142545087831178,1.1429932630113158,0.7303238637650445,0.44192192539980935,0.25119949526019414,0.13430158268825196,0.06761873588676053,0.03181775939689726,0.012536608212570828,9.124536407021338,7.941460691014175,7.22404554569276,6.462601459861676,5.572942956530825,4.6248977495913355,3.6597285171842175,2.774185910340835,2.0278101500238686,1.4160493751552996,0.9383893785713058,0.5903297188520803,0.35294021139640497,0.1996662867692621,0.09876999348191082
0.0,70.0,70.0,0.0,120.0,0.0,0.0,0.0,0.0,-107.0,0.0,-45.0,0.0,0.0,0.0,34.27253218749016,17.55503396713325,7.36675888454215,5.819821816354291,4.9761253107146395,4.1557202796578885,3.2867368901563383,2.4647745977951447,1.7332976654287846,1.154421617391226,0.7368006983727339,0.44533551038360797,0.25285029396046704,0.13503646911255313,0.06794983836222353,0.032006668680564086,0.012654282610387297,9.201849146100315,8.012409251499092,7.288898007843068,6.520244931977208,5.621630353627018,4.663755706867371,3.688639353979715,2.7943276911607806,2.041060976155098,1.4241661091752262,0.9429460351991231,0.5926605969452486,0.35413655599562166,0.20049004161708656,0.09945310485033682
0.0,71.0,71.0,0.0,120.0,0.0,0.0,0.0,0.0,-107.0,0.0,-45.0,0.0,0.0,0.0,34.27253218749016,17.55503396713325,7.473630507097439,5.904008410375994,5.0464328594171395,4.212501870691424,3.3294615878508314,2.494739445954982,1.7526066085621588,1.1659934569375663,0.7433504477128708,0.44878376060323144,0.2545165322624319,0.13577673769522752,0.06827901863040756,0.03219038359470479,0.012768338912218864,9.280542931131496,8.084311506735913,7.354589103892359,6.57861363056463,5.670913770058391,4.703072797083917,3.717876129900022,2.814684751830086,2.054447059858081,1.4323641532630642,0.9475501783491866,0.5950149155069534,0.3553289554071947,0.20128904969276654,0.1001129967213449
0.0,72.0,72.0,0.0,120.0,0.0,0.0,0.0,0.0,-107.0,0.0,-45.0,0.0,0.0,0.0,34.27253218749016,17.55503396713325,7.583222655039592,5.989899864066346,5.1180740720382,4.2702976829979935,3.372898538278896,2.525165072639409,1.7721854845675846,1.1777107286033406,0.7499739468909686,0.4522670038243828,0.25619834324405205,0.1365226429200962,0.06860677624212845,0.032369286864947514,0.012878878380874342,9.360616809551065,8.15717781968116,7.421129707710023,6.6377169824935445,5.720800635993523,4.742854520596203,3.7474423370904164,2.835258995100821,2.067969308995599,1.4406438259361898,0.9522019024532149,0.5973933802724882,0.35651948057969024,0.20206540870548653,0.10075052607209178
0.0,73.0,73.0,0.0,120.0,0.0,0.0,0.0,0.0,-107.0,0.0,-45.0,0.0,0.0,0.0,34.27253218749016,17.55503396713325,7.69559654016861,6.077536645274034,5.191079981849237,4.329129096580721,3.4170615871092114,2.5560596431062765,1.792038497312556,1.1895753669905023,0.7566720615392974,0.4557855618570139,0.25789585571841206,0.13727440605756178,0.06893356869505833,0.032543747452978805,0.01298600417082227,9.44207032663977,8.231019059720222,7.4885306213927745,6.697564783299659,5.771298552411198,4.783106450555729,3.777341415721288,2.8560523751581446,2.0816286327319458,1.4490054424656909,0.9569012800229196,0.599796577516489,0.35771000987160456,0.202821124755686,0.10136654631286979
0.0,74.0,74.0,0.0,120.0,0.0,0.0,0.0,0.0,-107.0,0.0,-45.0,0.0,0.0,0.0,34.27253218749016,17.55503396713325,7.810817787744668,6.166959817866426,5.265482426966765,4.389018160595353,3.4619648042294937,2.5874314324859107,1.8121699079118545,1.2015893662154455,0.7634456489296244,0.45933976369192187,0.2596091922579092,0.13803221992832854,0.06925981395031076,0.032714120174847795,0.013089817357476267,9.524902779653258,8.305847267001349,7.556802212509679,6.758166979741069,5.822415167744364,4.8238342296263115,3.8075769245327655,2.87706684680726,2.095425942430561,1.4574493160737843,0.961648366626821,0.6022249888141181,0.35890224207605653,0.20355811212639216,0.10196190459635031
0.0,75.0,75.0,0.0,120.0,0.0,0.0,0.0,0.0,-107.0,0.0,-45.0,0.0,0.0,0.0,34.27253218749016,17.55503396713325,7.928954595565386,6.25821190113626,5.341313670332171,4.449987668008665,3.5076225236314063,2.6192888877605185,1.8325840456593003,1.2137547468751655,0.770295574993149,0.46292994007916854,0.26133847165572927,0.1387962523182968,0.06958589300870507,0.03288074547036185,0.013190416489356628,9.609114496985226,8.381676550048194,7.625954498098285,6.819533659033807,5.874158267851704,4.865043571525552,3.8381524735907786,2.8983043847293906,2.1093621542718473,1.4659757576744785,0.9664432037321231,0.6046790048856814,0.3600977088042938,0.20427819356720564,0.10253744465612451
0.0,76.0,76.0,0.0,120.0,0.0,0.0,0.0,0.0,-107.0,0.0,-45.0,0.0,0.0,0.0,34.27253218749016,17.55503396713325,8.05007752791214,6.351338481738572,5.418606013950935,4.512061156773104,3.5540493575861296,2.651640627248802,1.8532853115656813,1.22607355632581,0.7772227144135693,0.46655642368561573,0.2630838097449212,0.1395666492624844,0.06991215239323262,0.033043949251083345,0.013287899933270437,9.694710698961602,8.458523141840628,7.695997499395627,6.8816749107109185,5.926535804104059,4.906740254285665,3.869071727006267,2.919766984624153,2.1234381899875903,1.4745850764669444,0.9712858212819792,0.6071589376364348,0.36129778649722705,0.2049831009558299,0.10309401031343958
0.0,77.0,77.0,0.0,120.0,0.0,0.0,0.0,0.0,-107.0,0.0,-45.0,0.0,0.0,0.0,34.27253218749016,17.55503396713325,8.174263764301543,6.446389787873251,5.497391692561537,4.575262806155313,3.6012602226314057,2.684495434869069,1.8742781827158257,1.238547869026597,0.7842279507049267,0.47021954924283044,0.264845320060437,0.14034353794766874,0.07023890655880166,0.03320404283425047,0.013382373474240475,9.781705356199456,8.536403864341391,7.766942010187269,6.944600695895091,5.979555918141444,4.948930113920565,3.9003384044498888,2.9414566644692095,2.1376549776284195,1.4832775805056622,0.9761762398129623,0.6096650307692733,0.3625037079496467,0.20567447632133493,0.1036324463296799
0.0,78.0,78.0,0.0,120.0,0.0,0.0,0.0,0.0,-107.0,0.0,-45.0,0.0,0.0,0.0,34.27253218749016,17.55503396713325,8.30160413250084,6.5434206324447155,5.5777034331272874,4.639617236146453,3.6492703750792437,2.7178622481866186,1.8955672168828654,1.2511797870200805,0.7913121762869708,0.47391965368208777,0.26662311437572045,0.14112702926969878,0.07056644021741124,0.03336132295558833,0.013473957663316426,9.87011907421007,8.615333062433821,7.83880054128539,7.008320822565559,6.033226957740372,4.9916190419749755,3.931956280756795,2.9633754658754983,2.1520134523777603,1.4920535772530703,0.9811144722058859,0.6121974691152923,0.36371657331544127,0.20635387319411108,0.10415358756207521
